,acousticness,danceability,duration_ms,energy,instrumentalness,liveness,loudness,speechiness,valence,popularity
0,1.8081967579661031,-2.484718855641046,-0.9660004693769396,-2.0892831390349085,1.4795749587065468,1.8280292843023231,-3.9126894948761985,-0.5346279988765652,-1.9276090719958745,-0.7217197826007897
1,0.29257798726266904,-1.5789312182247839,8.423062136153185,-0.47116981186180623,0.9966735937577522,-0.6692603416827516,-1.1817807896121773,-0.08414624250163927,-1.3429961752447632,0.7512771041760422
2,1.1284068218746934,1.1604485182387139,-1.442756817136167,1.0955886047576089,2.4866158722931866,-0.7234079918558886,0.2477224097827496,-0.45468043199807173,2.3899198841881915,0.48255469915594457
3,0.7825178776734005,-0.053734681629095865,-0.19906781654151576,-0.6056661924735043,-0.022661891121239588,0.28044454475138675,-0.3314116728883462,0.3017754761540746,0.10335973566479818,-1.1381470186074116
4,0.8611533670439657,0.011776009849540244,-0.6455168000122922,-1.0437717890409668,-0.7795550930345794,-0.22249742481619111,-0.36688338579915325,-0.009151616098824374,-0.22052625816407898,0.3523778762289717
5,0.1813197294707758,-0.13953984619771995,0.9665547482489169,-0.5064087780321584,2.388094099314444,-0.8093222634639322,-0.9243590673946671,-0.46068685541640486,-0.9189081675634155,0.2138322941358469
6,-0.18483890190336882,0.5696452955927088,-0.23018215666046232,-0.14221829247493742,0.45732654350333696,-1.0087300098348717,0.48280620410597036,0.4074277347766366,0.00376097743757075,1.135450616538107
7,-0.49228517116486264,1.044750239572306,-0.20996855507755527,0.36294785701510557,-0.7001347408071624,-0.2626881607618012,0.5887377515961884,1.6238448739089832,0.3897355400956845,-0.007672450461298058
8,-0.24472714412590088,0.33730694960832475,-0.9268806812934169,-0.7214539115107048,0.8591359515683754,-1.2280640914695247,-0.8176058150464903,-0.1353044005819174,1.0716913122543508,-0.054890110884250776
9,0.14039157925410659,0.5816771027954715,-0.894531439498749,-0.800629619745988,-0.06595209288688814,-0.3519551116681693,-0.7408706086090723,-0.06276130395188628,0.8223553159181801,-1.0737958965854544
10,-1.042488143325499,0.9307654676370083,0.48041789844502536,0.6963642183194305,0.652954938062816,0.4406415307507717,0.21024312339777998,-0.3446338329659627,0.3713299668648612,0.4012489458421716
11,-0.4514338269568773,-0.5970981797121854,0.0790678970855074,0.08320287092837914,-0.22612872793622862,0.40775226203381576,-0.17197729105679116,-0.19868435303390394,0.2066532591001166,-0.43253733164619634
12,-1.2336651077486973,0.8351748338605756,-0.3229137000597444,1.5519819128343926,1.8393652371543536,-0.08446571981287286,0.6957228260643236,-0.4807773061604812,1.7357613447323004,1.3185799592184706
13,1.6132860934291113,-0.7748749058452461,-0.7045639904837081,-1.376082541051753,1.5147986504326387,0.7386455149495421,-1.947491690871709,-0.0369099997544222,-0.8340539665224179,-1.8259186077740728
14,1.1275420898395017,0.46286771665280985,-0.500836171617147,-0.8551332406423712,-0.42070626609265216,-0.10506117326150265,-0.38095071766410277,-0.18357909147810902,0.6989484180653686,-0.9657957602529873
15,0.27836190953707013,-0.013800653511655634,-0.17266387942250047,-0.36128741300574324,-0.6660623554907164,-0.37956501226233297,0.22588161770382786,-0.5196658140427338,-0.5616466521914972,0.7880326409653595
16,0.01144529796374468,0.012773895140645489,-0.6275163695962434,0.23323622417513803,-0.5590539748725285,0.18064793767578138,0.4655243589840488,-0.24875716323995978,1.1783331522354934,0.027308620903347392
17,0.6629825750591433,-0.08490609001046219,-0.598946475037849,-0.6190740350289596,0.41195281390999555,-0.5661806919788167,-0.005732264781539465,-0.6077686146397554,-0.557269121141292,0.6682591007439075
18,-0.5387467177114491,-0.8310230187702909,-0.5634016023144398,1.6074315670867114,-0.7898229627768527,-0.9399985925484363,1.9106328946665798,1.2229757641568246,-0.856094080536117,0.4228386091514784
19,0.09889147606754428,-0.215563481856556,0.5408359148532446,-0.1722890665117722,-0.7907919680629855,1.3340480071513905,0.4656552526183866,-0.5639943793824507,-0.8978639439862229,0.38658241164876656
20,0.7957530023149625,-0.27123606981704734,-0.5746916260461901,-0.763878944809652,-0.34859043025352965,0.04307087972344045,-0.3188959027883629,-0.3781567165483898,0.03284880052993561,-0.4947049594411563
21,1.197668241283516,-0.037753523195037664,-0.5161001889739969,-1.0311899930201356,-0.7907640938838988,-0.5578244776264358,0.21814755208698852,-0.6785336192578517,0.10788121163430024,-0.755558900269987
22,0.029363443164943596,0.760257571277857,0.7901768270672911,0.3857111629559372,-0.7873830029233233,-1.1407703440118317,0.2529049509808985,0.010269999507713705,1.4439032734220283,-0.03569565338281535
23,1.741468911478603,-0.6429395958305518,0.283814595107256,-1.0129200428369995,0.7083851678003942,-0.16388227340014092,-0.7428459396198775,0.7760150146133344,1.0799508897727321,-2.005615717696812
24,-0.2322156729094942,0.41937971598202983,0.3997785736758375,0.9749953007543131,0.17215494328603637,-0.7031272356092235,0.7041731079665919,-0.04820184655933002,-0.2330215873766836,-1.4609325937166808
25,-0.48619853860254264,1.4326162949632772,0.16855835532408647,0.43072592348220184,-0.7775677607121422,-0.8834142981175082,0.5705667846135203,-0.30687581434609174,1.3789475959381776,0.35192575227117484
26,-0.8175757882735962,0.8743127814281845,-0.16531474511254599,0.21292607961612064,-0.43986932262323253,-0.4668158145979361,0.21386624526749948,-0.13587397521641523,0.5635208054358691,0.14043126683869073
27,1.6399199941452567,-1.68087906757601,-0.349761487894871,-1.7869620025049917,0.8255659482438646,-0.5354716150774332,-2.6283232921720345,-0.3079106814130879,-1.1313143546473183,-0.5535528233656799
28,-0.8049274914420955,0.7054525906859619,-0.5510895036275109,0.86816747035911,-0.7637561433186321,-0.26015296678624833,0.8961618287508767,0.9514706763325977,0.6274574441349843,0.25175804321696577
29,-0.24889763453136954,0.6559423955297657,-0.1600630975912278,0.04062338795707047,-0.29107207596009405,-0.7252129135283268,0.07563188258602312,0.539900438858201,0.6331077460282417,0.5024600624907671
30,-0.5416660609952773,0.5784962802016382,0.8468408707784144,0.686114234894327,-0.24841373209133208,0.43896156519411716,-0.07758239699468149,-0.36106307389165077,1.6729885555925939,-0.23403838089764922
31,-1.2354167137189942,1.5189133949003335,-0.5187380538596683,1.3301832958251145,-0.7907919680629855,-1.260552681573407,0.7691166572555669,0.7383195297120766,1.2401866936293526,2.214321309285463
32,-0.8247612666576116,1.7655116605324368,0.36348570278905684,0.6959087607166743,-0.49208234960584146,-1.0731617026038545,0.2980487212721766,0.15357925141166848,1.9172885039696397,-0.6918617375985566
33,-0.1262691390758429,0.6357689903156415,0.7276276616229642,0.24710818081381855,0.38407555264543664,-0.44120609563916746,0.10781206262529987,-0.288434733373595,1.0807116255940943,0.004488978267891021
34,-0.47880595030595147,0.6394727723608066,0.3932608753858361,0.08770735100602332,-0.3120466931576719,0.05139375260642495,0.2664277240536501,0.7252408163752317,-0.16804663751311752,0.3292775148255146
35,0.7030168005168784,-0.3530698498881299,-0.048613790458167445,1.061465740602336,-0.7897331707812265,-0.8966804724099267,1.1047909816378525,-0.5702523032887424,-0.3506079364111102,-0.17432229089318307
36,0.11078551715365534,0.5882536951439419,0.6154643387973617,-0.11353529625249596,-0.22437026339310195,-0.35645981887819894,-0.10834920770713821,-0.08081510885836456,0.7717255574944046,0.08725457545233659
37,-0.2589589426345627,1.1587889586245392,-0.7578695134758775,0.08123315076686155,-0.7898270969499847,-0.030859546141467197,0.650701578409416,1.3915180764557193,0.9112490189597711,2.2329825874118585
38,-1.2179076604399066,0.4258167956976144,-0.16278214651537234,0.6448824407067052,0.15202398601207748,0.7241391894393046,0.7640871307526135,-0.6133328574616093,-0.24488534417581476,0.9403780558568511
39,-0.24385884091469145,0.13401089687198883,-0.10059302777526426,0.2772699747384578,-0.5759183237810808,-0.7961873562022372,0.3253625499659643,-0.43332844404700965,0.15820081048833706,0.4608397573361389
40,-1.24643306412504,-0.8675333302821228,-0.548397524054261,1.3003257896892497,-0.7907878338898535,-0.5652968533503286,1.2748634889414188,-0.11790648447364441,-0.23167002014640262,0.5721288341626438
41,-0.8147099422761223,0.9886185670810241,-0.2857593809558878,0.21645429936798385,-0.7890307837864592,-0.3301989069388132,0.7137741205533639,1.066972621781774,-0.11552997953725176,0.7945620269585235
42,-0.8363112081416464,1.3441064488739891,-0.6876149422209477,-0.41150456210030406,-0.7905020147437759,-1.1869118773379406,0.21847664456187346,-0.45178077931335997,1.222015623088911,0.9801887825264963
43,-1.2460514642529397,0.9679396029945092,-0.6827368557443401,0.4429888277880036,-0.7907919680629855,-1.1793312063137014,0.392088448293444,-0.4186418914880777,0.8635499587911124,0.12425815912914767
44,-1.2532643274091981,2.0898019021762484,-0.383490024472142,-1.3228693922474004,2.0376558941622043,-1.0515427519050984,-0.5057751718633906,-0.18998356549363254,-1.5201641130140673,-2.3838176210584305
45,-0.6051599155924658,0.37708106169469946,-0.4773822706861285,0.7414521773889954,-0.7907186929842691,0.35741520403337285,0.7329457573947339,-0.3458428561261821,0.5157273500955714,0.6909922895048667
46,-0.22283206949718945,2.308863771247239,-1.138205727211427,0.5282959881761874,-0.7907919680629855,-0.4851583310940862,0.7601752768058725,-0.2595752299267245,2.2016015167690717,2.303895444292162
47,-0.6726743387971904,-0.1669959750644181,0.18202874163724095,0.4234423514981208,-0.5149738083081123,0.23922388898535518,0.11623439905154179,-0.3338196064181192,0.2930805072898159,-0.09904557395174655
48,-0.15960349615378885,0.16538886661406038,-0.25369046351386215,0.11222611100511524,-0.7294130974922807,-0.13457235090827446,0.3881955671833052,-0.6229293270610136,0.49251138204866457,0.6683380902809509
49,-1.2540753053341063,-0.4708985824944959,-0.12010769505530419,1.727927931135022,0.05403379411855209,1.7121533129318103,1.4691056652730659,1.0309773328190976,-0.5352094939469584,1.214076801710655
50,-1.038579992806882,1.7246987870579316,-0.6638972279007495,0.024983741885903275,-0.7907919680629855,-1.3244469087777084,0.5601118892439554,-0.22975023088397076,1.7357613447323004,1.5574443192363352
51,-0.16584459884339922,-0.2873213248960204,-0.28733397337910893,-0.2682003808648762,-0.15018190905420586,-0.016749194941836697,0.1331111690749563,-0.45531688850252894,-0.23813141880922095,0.591412154893252
52,0.0183736376515679,0.0357959478871701,-0.019367926188898574,-0.18335664178652045,-0.6434857128104672,-0.1957625908850145,0.04090909449254498,-0.4775407441104205,0.10414197494078561,0.17548973787421776
53,-0.7802002608084435,0.44395981072487894,0.17665124531627224,0.7501757575145566,-0.00035692021715344956,-0.014456649019630553,0.7213400970783237,-0.3561273097039791,0.1650954218378906,0.6648379920226224
54,-0.8542789479695736,-0.28132389190984136,-0.36744994273730336,0.6599800707827728,-0.626388488812851,-0.037985759619000026,0.6467675407489342,-0.14255468605102384,-0.24580651340973855,0.437578950984867
55,-0.6661682723427436,1.086877081509952,-0.05610560268641961,0.561630065824166,-0.6509635467991763,0.4527222608705549,0.557524376034685,2.076060398362981,0.5937433918724788,0.43631539022882937
56,-1.0728391349680346,-0.5201668239954841,-0.06609288906342217,1.1501903458370075,-0.41269523494020693,0.18659496000468853,0.8610785748395471,-0.011186952448294474,-0.3837931385320852,0.44055441832375464
57,-0.910750815348447,-0.5451389310887508,-0.3221684520878972,0.8450884594347288,0.012156229174078768,-0.2188080436401168,0.3200623934129116,-0.406163468382686,0.27162437574349185,-0.1362772855632965
58,-0.721828809211941,0.5446154008057711,-0.5449534747020202,0.6786249309433648,-0.7907466143592207,-0.056492715565854654,1.0727500673445798,-0.1849390305725669,0.7483792680127113,0.8456853988497701
59,-0.29432373929026356,0.8303746084872815,-0.20335260481312706,-0.0719008002122549,-0.70858992016475,-0.22518731641166778,0.45315765103044203,0.5951006161012491,-0.21666792694952547,1.1086297778074299
60,-0.7637695331510473,-0.3906261639768327,-0.1202588854428029,0.642318525750253,-0.17164686690198125,-0.02608933917865918,0.41059593787871385,-0.2648691606329246,0.06488331816589747,0.16782751146923122
61,-0.41325122879839205,-0.29105472746372646,0.02063742708916443,0.24319047845778322,-0.3896907937727117,-0.25086999842389834,0.6031104191861136,-0.3118343839511995,-0.32987204969390793,0.3489792346722703
62,0.1309735463811744,1.4027928536917074,-0.18028520149986305,0.39638237001548415,-0.16198690022102183,-0.5794644967637619,0.5871161682944064,0.686025636396577,0.9912103519735835,0.5841595482661074
63,0.8508847075436752,-1.3416675554383166,1.0455937535592834,-1.2149666751400834,2.0260787195366907,-0.7284353882178217,-1.680095467645934,-0.5010605837699539,-1.4929963332849168,0.19837397975036078
64,-1.2508824717157137,-1.8145886834375158,1.1069115606215112,0.8830315967903851,2.083237803053002,1.4428589994040755,0.21698641448692385,-0.3258530055772892,-1.2475154591322624,0.23373765747066952
65,0.7593942561901736,-0.05702238146171957,-0.23532140717814795,-0.7785572122567029,-0.21323220831863718,-0.368124741584259,-0.2793693937894745,-0.30983711562954996,-0.9175347480709362,0.261970948457111
66,-1.0503094970722626,0.655942395529765,0.4562417442399584,1.071062796146006,-0.17496853139332108,1.0526349338230023,-0.31181241367079643,-0.47052496273953465,-0.2936168515342712,0.03468402412244845
67,0.23852843160779363,-1.239274683857137,1.1891592684928007,0.07830071712851747,0.9396013648488732,-0.7829704070463392,-2.8340177538449345e-05,-0.32419606118602423,-1.2599874211850195,0.8408512391827414
68,-1.1202173424939332,1.3861486257664004,-0.1871056593005353,0.6903795929137362,2.2771012158320616,-1.168501676279074,-0.9463244377702191,-0.4708356398128967,2.1173538260815707,-0.7117671009333784
69,1.0743207744287702,-1.7310575161907495,-0.24222486661051032,-1.4647778535531442,1.906244560296636,-0.717740537804434,-1.3708537303713448,-0.5903220422279287,-1.6060554596277266,0.27852472497401826
70,-0.878902341407496,1.2533838566324669,1.1625393568753295,-0.009850015272605518,0.5145591683528462,-1.0710359059674277,-0.4893205481191613,-0.6448148008956267,1.5742866042479233,-0.18427497256059394
71,0.3430530850991905,-1.3260512121271777,0.5289572690313564,-0.4249937568366852,0.0776832811677986,-0.8606587481322473,0.16527051519670666,-0.5728706206236885,-1.3727141351559036,0.8951762932840266
72,1.8321770777975492,-2.5327354471444847,0.029713837811342958,-2.2913189305542563,2.544606536135106,-1.0396302688670083,-3.464440706915466,-0.4782918895735851,-2.2062872174660986,0.3929805641492453
73,1.5466931304761153,-2.0409034311205527,-0.41586290536739445,-1.4995268805748059,-0.20939777088388314,1.5545303545395688,-1.7450661283433153,0.16495681511001514,-1.4709772915049713,-0.9678131025344654
74,1.7998917028455432,-1.2070478801378512,0.4995133690004521,-1.9815655855082612,2.243921938946889,-0.6109110716687775,-2.8205526147071227,-0.45842694116345395,-1.2195499596504304,-0.9270096232317594
75,1.6798993822630541,-1.4540239233943582,0.8452356088071977,-1.9196423069404516,1.0117058234912648,-0.5393688163995844,-2.874248318950851,-0.39724103966581814,-1.1172175575896337,-0.5573916776327702
76,1.857200020230362,-2.427519367605843,-0.9599900328626212,-2.098951283878902,-0.6352965503038952,-0.7775556420290255,-2.983189532086591,-0.389438246592048,-1.9845175610975294,0.06454206912468152
77,1.4020183784631546,-0.013715550802420267,-0.8540801458448,-1.408138103204087,-0.651578905598972,-0.30306754536735564,-0.909156720208041,-0.09340801374990909,0.15969198682328506,-1.2673840419370435
78,-1.2469646452583472,-0.8608950918254265,-0.22284072456527076,1.5647779868926202,-0.7897963057781512,-0.07986316954815613,1.096222158706895,1.4640611730857505,-1.3868545318673744,0.24369033913807997
79,1.5309320268441862,-0.9280584154601572,0.29962726190627315,-1.2552806165574557,0.7777406039201556,0.42988513806233075,-1.3209713996303747,0.5913212565606928,-0.45217716069279607,-1.8580621659512357
80,0.42850323613126795,-0.27659734286698323,-0.9833754737689547,-0.19033153093387287,0.4190658299643648,1.6997643305721968,-0.38177312732687635,-0.4683502232260005,1.4822253532280316,-0.7882036961390945
81,1.489123528906739,-1.79200207893039,0.9742901836665289,-1.642794698284882,1.2718450515264075,0.5007413500399669,-2.108065977555421,-0.3596975853856862,-1.3873553353651975,-0.9508868882316892
82,-0.27890548594914377,-0.5343075894194012,0.511368634095873,-0.4716949840679455,1.7404128990854724,-0.35218072687722457,-0.49567537037887216,-0.5035473466623062,-1.2668893306488178,0.45331869675792497
83,0.810045642909832,-1.2490512149749022,0.8127330841109909,-0.8046345080978142,2.3593126536435194,-0.6869536200902228,-0.7828682315198411,-0.5202099101816132,-0.5750322032315562,-1.0176033769454993
84,1.7307428403286993,-1.4590038583673923,-0.6773427285298756,-1.781663455594024,1.0235932195695323,-0.5293511440430856,-1.69780910156381,-0.5061344212775786,-1.2789726088242137,-1.4007989086772186
85,-0.6482176492827226,-1.1071737385688727,0.9320908031353781,0.6596690151739901,1.5759753833175105,-0.36458956337523496,0.2215564533834349,-0.587567372177453,-0.38926275919714004,0.3073875018095103
86,0.49313687086166225,-0.033770580121019356,0.008394310553904397,-0.38022526995796996,-0.13953062378618217,-0.17218491309335462,-0.48517274107721925,-0.1156696095454379,0.6891076816028741,0.07648528712557492
87,-1.0792958614528345,-1.665631151435709,-0.4908607762809543,1.277362122882192,-0.7557794334709329,1.018591334278251,0.17588185686193353,0.5337984224942193,0.1322147741396115,-0.05228710183277416
88,1.6661473271858949,-1.9777351277707345,-0.3509714758280282,-1.8195100154133863,0.5861909407154859,-0.5913916451660903,-2.056397196920532,-0.29107600227427965,-1.1007127318032663,-1.1171126815697547
89,1.266033005255163,1.7379752639713248,-1.3253710372548604,0.334222198293069,-0.7907919680629855,0.007585285481459995,0.842417349067126,-0.512466367643407,2.0306282621385545,-1.726940631009303
90,-0.8590692316168016,-0.35544686855941937,-0.11838465164510104,1.1345849548499116,-0.44835679290156466,-0.1322150889583541,1.057343191878961,-0.08618706591129824,-0.1754846137147175,0.95791446087096
91,-0.3771160819568029,-0.25495668549815287,-0.22553279432522,1.2828378218096725,-0.7907751949182026,0.7914050103277208,1.351945639568161,-0.39629799637188134,0.46310581771388587,1.0379143361974796
92,-0.9856442808067862,-0.23585401284297644,-0.19482862814397353,1.280649851121938,-0.7088058400387844,0.3892099020276298,1.262196878265017,-0.044017613663923434,0.15645146057454085,1.1437445179276169
93,-0.3162346949902529,-0.42247933115454017,-0.2951095600025397,0.3664468981500842,0.33476289622823197,-0.2810623984571216,0.38127363849947093,-0.12352955074406245,-0.5839614354315266,0.6342217924554326
94,-0.38620060490541536,0.06761064012456212,-0.3573070138406283,-0.4720551470712196,-0.323676497951954,-0.674881700811496,0.31809164708725945,-0.2889375591125338,-0.6980896333136941,0.8153111268423695
95,-0.8261466398010975,-0.1879123125431542,-0.44137228241129156,0.7241217853317938,-0.7346203444220668,0.2522434994698978,0.8366053945463271,-0.06920262754987319,-0.317567342583428,0.6694449630193837
96,-0.5844833167456589,-0.42181561716934346,0.46146130427868304,0.18481430593190348,-0.7201733555471436,0.32572465168733555,0.5598925264585801,-0.445663170053343,-0.816747749326179,0.7832159739277921
97,0.1457885508716063,-0.16573253934397475,-0.30376952632331117,-0.13466069136032868,-0.23775236854575868,-0.14131881864644025,0.14904077958466708,-0.3267349765230482,0.042426538274134014,0.2662777604485136
98,1.7164459690457905,0.3041157573248413,-0.6438424810431302,0.020718383866494085,2.3781172109115327,-0.907510002444554,-0.8367925272614603,-0.44722418223738325,2.1768227842139245,-2.3838176210584305
99,-0.6993271881193223,0.8198842826834937,-0.4830703075499947,0.6902718226707395,-0.7191271170463186,0.2780266979552112,0.7061680368613584,0.30003011558583054,0.5923723925994819,0.8600879533246234
100,1.2146636921332836,0.08847602534493998,-0.7237301443343458,-0.973816404685412,-0.4093298431518093,0.04806983700950028,-0.5173177906395507,-0.1877144912380208,0.7362086380651401,-1.233028669083681
101,1.361829950780446,-0.9510641484969492,1.2235361717442252,-1.1954202165348127,0.5302262633044633,0.6475760875712298,-1.0408345180875551,-0.21697911734522313,-0.2802193165085196,-1.113590727955364
102,0.034367286921076594,0.04301171136143857,-0.41062239932596556,-0.5917159384203419,0.9648344589197594,-0.02580576545864194,-0.4592520517110735,-0.6082584652633634,0.053285404237792114,-0.06484279255166166
103,0.24250422820096615,0.27696784573161415,0.37185981962570236,-0.08532617828697196,-0.5850002564631945,-0.2444674216824724,0.17682751765245477,-0.369087947234571,0.5451301818399648,-0.28248153554412986
104,0.5065867024192989,-0.8111083034002009,-0.2650719217415258,0.04375131717130353,-0.7904207305397353,-0.9586253842079954,0.333671429355439,-0.42386126632055954,-0.05028969784272387,0.21980390313629358
105,1.1847084423485221,-1.2359555646287885,2.557827060885384,0.19133270464286128,-0.7907919680629855,3.705869792306712,1.7882477497613847,-0.6522710506563151,0.10036499609257248,-2.3838176210584305
106,1.5840328986721575,-0.32762326913745954,1.5453194567148165,-1.6605435687839614,0.4798601740430481,-0.7197981485110131,-1.6027707857852993,-0.469800049568357,-0.5290148108081714,-0.2240856992302379
107,1.3541346150706908,-0.40838850369393576,-0.9451268379663882,-0.884689162913495,1.1547071942820943,-0.6115028481647392,-0.7233798092658543,-0.5596892827944338,-0.9576868840122214,0.8906146475197971
108,-1.2212161938883732,1.0144072721913868,-0.12687273808775448,0.39393721056479764,-0.7477417569599782,1.9471541146832245,0.1430337470175749,-0.34842887290826163,0.8040810006587585,0.45269665415371146
109,-1.0983144481957117,0.30909443616736404,0.6885011775192212,0.8455319908697456,-0.46928892172352554,-0.4721628950525332,0.6061693124978511,0.5427483120306865,0.07248892196803171,0.7587416154266005
110,-0.17595315078321705,1.3272342594632176,0.5421246831615508,0.5516665956575333,-0.7907890654120158,-0.9022306065526732,1.0346686711580206,0.8916904449284587,0.5233586097527347,2.0936450440681043
111,-0.34133089441732034,0.13721147612789628,0.46758371040083924,0.014880936748502362,-0.17870983247584266,-0.2647619241322271,-0.39183111588272923,-0.4280687215426632,0.5048247077713072,0.6676745781697897
112,-1.197162890474832,0.5497305802226188,0.4399697157042716,1.0870578887187905,-0.7630686894133978,-1.0223030208116044,0.8013428826263418,1.720059081536053,0.8685057053021413,0.5422707891604107
113,-1.1409603191481337,0.22445689584448184,-0.08740074159436927,0.9612298271462192,-0.7724262001131449,2.3110263238467046,0.47221936128185305,-0.32046793630568005,0.4233144770613265,0.6119395608322873
114,-0.9953389581195132,1.4282522678297076,-0.155306327344684,-0.09464375293623079,-0.7895947636254996,-0.8992173900939648,0.49291355160504646,-0.14167903386497563,1.3091082793660778,1.2157355819885567
115,-0.5234623824460526,0.32088702077088077,0.09956825763506617,0.2810647842818959,-0.5878778316755139,0.125343915716669,0.20909647614260438,-0.43785008921303786,0.46523871459799143,0.9384102166458692
116,-0.6482220908550045,0.5630070571360121,-0.5277616333203674,0.5794802844090977,-0.7907919680629855,1.2150778843424133,-0.12073697624841606,-0.6808533414056207,1.7357613447323004,1.1394316892050722
117,-1.1399854670158551,-0.3110276729957178,-0.1709463374560053,1.6145404971190607,-0.790790471529725,0.0032534734676089166,1.2507093431432852,0.14223378495481814,-0.23992959766478528,0.5422707891604107
118,0.40344611330742997,0.2507235926453068,-0.6608074520386845,-0.2997235117452375,-0.7573564663549184,0.350826740344917,0.14636051368578476,-0.3855611771929004,0.5398815214718039,-0.06603686945504507
119,-0.6992584671919287,0.9115145761125878,-0.24779997353023758,0.47924437095298195,-0.7907919680629855,0.6425567298451121,0.9593693634907358,1.417666730130355,-0.589309726692363,1.4877755475644578
120,-0.5152877091806873,-0.7115347265497499,0.14211234660898453,-0.2437338133368758,-0.38798133435071686,-0.2360791402976561,0.05892888716263502,-0.650406988216143,-1.606889676957083,0.6019868791648768
121,1.8509442846221589,-2.6565385943618787,0.425599612581847,-1.8467619909813338,2.6325278651857564,-0.8235811446761918,-1.673789562794592,-0.45623381736488183,-2.2214022443247385,-0.17432229089318307
122,-0.19684754582325437,0.012638961551329713,0.0194019613008052,-0.0955960017444544,-0.028762156677654156,-0.24822487553227376,0.12575143905747865,-0.36534325149631014,-0.3688878672944181,0.6075979938055273
123,-0.7396645606744604,0.0803878150556451,-0.3061984318704119,0.6775902253212788,-0.041716029164450004,0.3073707607133776,0.23595472223275946,-0.08492033205376931,0.6119125008179881,-0.2966225733387538
124,-0.3273730475537487,-0.26204641855629907,0.26582017799621654,0.02254088526289496,-0.07979724320252166,-0.009203608063735437,-0.1681425082688942,-0.3437646338444415,0.12445165648070272,-0.18599154566535347
125,1.833886819074887,-1.3042875961567073,-0.09298323926796327,-1.9192521500012971,-0.44517688108834336,-0.7997277101675035,-1.6641891290458672,-0.41016248385615606,-1.4611683136934464,-1.2875672327250587
126,-1.2519975409485369,0.13152155745072822,-0.2627600257391829,1.0827925306993813,-0.7837582617389335,-1.0786165769916667,0.9514835626774634,-0.6311450096676978,-0.23662576665743212,0.6019868791648768
127,0.6237774828129719,0.0717774113404573,0.061292843839690504,-0.1882841590845563,0.37775108612793284,-0.7703359553392746,0.5062152348666291,-0.6137470935594248,0.23086632088301537,0.4228386091514784
128,-0.525941822705801,1.5029816226042625,-0.5790935939145686,0.38495964749537387,-0.7890337926857699,-0.0986524041582348,0.6955241287209972,0.4626217359813519,-0.0038236746035947827,1.3094803645511235
129,0.24937518207068354,-2.3364279843389495,-0.5144023683342507,-1.078322199134607,2.6404262351713945,0.288551425824292,-1.6682788161632702,-0.23955381853228358,-2.3080727444176317,1.3782960492229368
130,-0.7125673931619283,-0.18259791638052045,-0.0832741640887185,0.39632129622277346,0.10027255648349252,-0.38287366748651436,0.2617522841187222,-0.5173457290391303,0.20410748073457322,0.06429866114911975
131,-0.8501797924586559,1.3155452324651697,-0.07578167729221907,0.36251303126936896,-0.7428288004704932,0.0012785875321342437,0.7089312350647503,1.2289668882643863,0.17704946072472355,0.7189206648896391
132,-0.8392504602535096,1.227700112428721,-0.18268663683843567,0.23238279360139114,-0.7681973287032473,0.07602554672161135,0.6353449652654134,1.6675874905879176,0.019149641234685082,0.9800405554919552
133,-0.7767524346611467,0.19591247048068555,-0.3462076372211948,0.6275082157076445,-0.4211039553506343,0.7303481199924919,0.5415547992356515,-0.3975158504994605,0.6270617352847851,0.7381395643750598
134,-1.2265008490515585,-0.5850025257446047,-0.36162287183876857,1.5496715105738783,-0.21288962001135525,0.2202501815364553,1.049751817536399,0.035243504823903295,-0.3196207547546451,0.46994796904389075
135,-0.7476882870254348,-0.20370948461245483,-1.1956861397011256,0.46218293887534473,-0.7892729868036423,0.11046582081042024,0.6399323376334166,-0.6212033433201133,1.6267349214896516,0.48255469915594457
136,1.5272514590215776,-1.7729958294882608,-0.6704387084420205,-1.8898421069773668,2.465924009355519,-0.8568266968284131,-2.516008106001049,-0.2820454247837662,-1.7671575077469377,0.693693731671736
137,-1.2508824717157137,-1.8145886834375158,1.1069115606215112,0.8830315967903851,2.083237803053002,1.4428589994040755,0.21698641448692385,-0.3258530055772892,-1.2475154591322624,0.23373765747066952
138,-1.1611924107276639,0.9679396029945092,0.16257389417999585,0.9718932221947428,-0.7515079699765245,-1.3038708017119163,0.27491910865057057,-0.29064293726292634,0.8139924936808175,0.48255469915594457
139,-1.25494367963322,-1.6408881104872861,1.0240721426216512,0.6647874447972816,2.2621358832276957,5.557719428227994,0.19947621110627234,-0.34780751876153765,-1.2723767874625933,0.004825979120215374
140,-1.2255639301360743,2.2026519559400928,0.601136761973642,1.3941636661162524,-0.7866390882652738,-0.07363618977824546,1.4490341289510953,0.028733094153228066,1.8001860493756836,-2.3838176210584305
141,-1.25494367963322,-1.6408881104872861,1.0240721426216512,0.6647874447972816,2.2621358832276957,5.557719428227994,0.19947621110627234,-0.34780751876153765,-1.2723767874625933,0.004825979120215374
142,-1.206813085969915,0.2414673818897665,-0.3188985241873022,0.3254248973780372,-0.6520308319887618,0.5961702428634582,0.7304172449967322,-0.22835218405384305,-0.6377005264781866,0.967747930442232
143,0.7462856384736167,-0.16388005387227397,-0.5851698430860446,-1.2650027017840821,-0.7902427029430737,-0.6822557777243045,-1.274237147178811,-0.6236887599070094,0.10251248624735168,-0.5226661492525686
144,-0.8243860116341629,0.6208618584547606,0.09578538556681512,0.48268946781481187,-0.31643173957131066,-0.5127569718669486,0.7016593868340487,-0.44503032413472,-0.8902887314622204,1.2048897109407375
145,-0.028765466509084466,0.22846749824540247,0.2880123690271879,0.26228871252824176,-0.7586711529287145,0.3690885349498654,0.6311461894831959,-0.08383556542827728,-0.03189148892052689,0.6411755632303078
146,0.23289175316915212,0.01562897772756446,0.4230341045113763,0.30001047251239144,-0.6647818175954342,1.2975628047728245,0.14517595275031453,-0.25931633236559,0.22358756819494072,0.07449475079209283
147,-0.22553081789909,0.45381654508547575,-0.11134163412812466,0.30059149083234316,-0.5873127590119739,-0.3366688135039073,0.5896119966170463,-0.36614543216870177,0.4795113717921675,0.6586406055793712
148,0.8835856169741108,-0.35029910688011673,-0.013289063304331902,-0.70450374964227,-0.763330409656649,-0.5353320145936472,0.2982007139410524,-0.4871421338547503,-1.7803278768087385,1.3808924009622612
149,-0.9867648946817793,-0.035616840191787506,-0.23185458527516037,0.8938460566020946,-0.6584971707914229,0.07557555680614952,0.5429472717700068,-0.24825493406609594,0.3065446998951942,0.26776338792113097
150,1.8321770777975492,-1.5678674874636225,1.2251162250557501,-2.3555125687463647,2.6025971999770245,-0.9941462427215731,-3.780369482804675,-0.5777085530494308,-1.997402502026206,1.079715599200606
151,0.2809000725052255,1.1454909289888835,-1.4331646498002981,-0.5556865884836658,-0.7907540931384235,-0.22173352908295532,-0.28976801594278445,0.07297835112060307,1.3547481064817222,0.1273602936748338
152,1.8509442846221589,-1.6342498720305894,-0.9268806812934169,-2.300489450295986,-0.7907788733969567,-1.2583867755664813,-2.8623877566360285,-0.3826033509780836,-0.999810729355972,-1.4880762709914384
153,-0.13048177258109037,-1.196126133888609,-1.3003976999534996,-1.6637781319486797,0.9110469490397701,-0.9242957739982265,-1.7498378663068388,-0.5926210525708077,-1.6661108477638857,-0.8311992809423107
154,1.7758754573237208,-2.8158563173225986,-0.6070719230533965,-2.081250048098354,2.097517224579669,-0.9291690625138089,-2.3657685841592397,-0.4223700163684219,-2.254110171297533,-0.054890110884250776
155,-0.19390633824304032,0.37861775566726225,-0.5013393291581139,-0.0764150428618205,-0.79071366897021,-0.7290940650993336,0.10874433732461501,-0.41716372267587165,0.21024693768028277,0.20899214789337955
156,-0.9019219065999118,0.49166018449978993,-0.06746587974576068,0.7984454969505513,-0.36912018497281457,0.23670994292113148,0.7741026011351483,-0.19680328693386698,-0.16580723148075144,0.8037786657917636
157,-0.7058532195836481,0.2455765774299761,0.12442000440835499,0.42827040998374827,-0.21660372370436365,-0.16051898318303326,0.5592247166900708,-0.4379622291200769,-0.3976537264654579,0.6370930819371093
158,-0.25106400880527263,0.23358447372243912,-0.609633578844384,1.286729961002384,-0.14133892701476608,-0.2085992078347891,0.9998112583111644,-0.3412833002209352,0.43363894895930455,0.9826769529433486
159,-0.9298181483497954,0.8558644675629052,-0.7097161836731211,0.5788222677449463,-0.5048308477455977,0.21868765636961304,0.6050632502913105,0.2461017747627736,0.42560292612168865,1.1048029372878811
160,-0.9873053027325025,0.588611691183271,0.46068258913346366,1.0629890827521242,0.48860286790290225,0.4324896317686617,0.9585887667848103,-0.4908077373861698,0.28691345404346813,1.0839810342009248
161,-0.6725586357309896,0.32141097173530414,0.3117413984741806,0.6124113573530652,-0.40758343684425674,-0.15685369606394098,0.7073943165338832,-0.2111207746123384,-0.23087078455712365,0.815676809082819
162,-0.20794573568877994,-0.07177449528560846,0.24898201497496109,-0.06814324153786415,-0.6314720209889552,-0.35596604871803167,0.12786496415398727,0.24437174946214985,-0.5306024851533717,0.9835063430822997
163,-0.8921957795749278,-0.054349119336779016,-0.1026390384471067,0.3278241612639554,-0.7907919680629855,-1.0439620808808592,0.6344371142320417,-0.6646981335907958,0.05576327749330713,1.2588638692140044
164,-1.1507140535839235,-0.38626104217161333,-0.16998304745502854,0.948433753087992,-0.7902962414204658,0.71150473773224,0.9216789611784815,-0.6454361550423507,0.5612494216183139,-0.3534705609065815
165,-1.2508996593492971,-0.9637877879042244,-0.38560327493132207,1.7268615916301688,-0.6138269100163565,0.5003289020570059,1.2381665733457972,1.0987049348120173,-2.063313930622898,0.9005673291872076
166,-1.1199473571090133,-0.5327724967762899,-0.4031671305376365,1.2299177618271975,-0.7488125588287821,-0.12279323152709293,0.9171454018723466,0.1359270403655691,-0.6722909488270464,0.4658010183491354
167,-0.5290616057662165,0.35478146158387364,-0.10979361704082934,0.3749519819904412,-0.6885832664398702,-0.2885011611027403,0.6464166420029938,-0.3013613311669203,-0.019517557278619185,1.0514376456023875
168,-1.1367950418556714,0.3771363803485049,-1.0111254108486316,0.024983741885903275,-0.7894675361274991,-1.119768791123251,0.2136333968182889,-0.5739804281690866,0.4026655332653704,0.004825979120215374
169,-1.2062649857847676,-0.7107049467426636,0.25761469201854686,0.05910660604117633,0.3756051197880194,0.21727206077693278,-0.5307830953086302,-0.46726285346923346,0.5519573969101338,-0.6819090559311454
170,-0.8334083210689811,-0.4337408022172511,0.15923221122889425,0.6455803521855336,-0.41521445405795865,-0.32411490114451286,0.8596130923044264,0.14970768477532695,-0.47964336574807237,0.9473622420356349
171,0.36755297852698404,0.5331349840808767,0.26997984876782444,-0.6169526400351798,-0.7906722454021505,-0.9567843641021087,0.42170677103305726,0.29249792943758113,-1.069191180510385,1.333508981719587
172,-0.17116720025616128,0.10384010308630227,0.24884132141221468,0.0005005868544946759,-0.421144533849991,-0.6571096089838998,0.3479757752873565,-0.217087033373735,-0.25555671832956467,1.1549578726062342
173,-0.8119673868529155,0.08584252551191926,-0.19132242787265968,0.6669766152861474,-0.6853404153321634,0.1726478779714382,0.3856156028397453,-0.3651741830341694,0.5309526906994214,0.3330031437468891
174,0.014103916663505264,0.7804093665928288,-0.5547038156328647,-0.04717189794243511,-0.7907488242561981,0.446181251883868,0.30348185175376186,-0.5943815559865262,0.6777094646275065,0.6069632199985829
175,-1.2547288993773384,-1.4904213721354949,-0.42260981255566465,1.8491351881865663,-0.790108426496281,-0.3974391378136044,1.1463311449770588,0.933010495685607,-1.3075625876909025,0.20387961246843644
176,0.08057110750066383,-0.007881450139902208,0.022882755702043282,0.23398628483695366,-0.789895918773299,-0.8966804724099267,0.6954434079252706,0.9091919200611865,-0.35804155617765443,1.1692897342073052
177,-0.6447466821837806,1.4569565026378322,-0.7830152861445668,0.0586326773723533,-0.7906814740239233,0.45725143814148683,0.7761331571917855,1.294776687778269,1.2517501021550879,1.0863507203122131
178,-0.2155337112876192,-0.014519688596598893,-0.12966751182002018,0.9235524979747717,-0.7907919680629855,2.482132898393817,0.9324831292218628,1.6256132512339996,-0.05821889226037099,1.0000941458613173
179,1.7174596299082312,-2.0753239383755466,0.7287444125945389,-1.2860682387024394,0.8007266446715404,0.610895395507764,-1.4600036399591854,-0.31121091017531927,-1.636034513961531,-1.6608658832728798
180,1.8353345655619173,-1.2667526086810008,1.6048778759520332,-1.9619998702523382,2.3907209281908193,-0.9830336681519505,-2.611326123488392,-0.46400242535192693,-1.2590945554919206,-1.0689972822100955
181,1.7269778443053185,-1.9855208379698412,1.2194312044714437,-1.815663165984139,0.9846828416408533,0.08648855453204932,-1.8950554435915006,-0.4719041020772785,-1.4901443496462201,-1.193461670872679
182,-0.32188121662707303,-0.33868699989862017,-0.15498249127894886,-0.25297542237892945,-0.013433354817318867,-0.19961972251441157,0.0701366591846482,-0.27314146213019974,-1.4693677112760148,0.5870578566637603
183,1.320740902609759,-1.138531512611935,-0.22514295999408676,-1.313985260829831,1.146888774863695,0.9541223089413415,-1.3168648236560458,-0.4407325108187528,-0.5605663969283922,-2.125616622372453
184,-0.5707760840254493,1.4100462842105088,0.11249831129926406,0.6409014398885899,-0.7878075664696905,-0.7853529036539572,0.06054951236914237,-0.2160804396560421,1.7397259419411235,0.9244537651889939
185,1.5162624295832892,1.2600220950891634,-1.0910062782056393,-1.2631543799756717,-0.7907919680629855,5.698503318678151,-0.6525628342458772,-0.039615861986415916,1.5672659633572985,-0.29375447090211537
186,-1.2519637779154946,-1.8155974353598563,0.6738984614602236,1.0901732727623787,2.132643574502637,1.0269201085839166,0.32961931846046666,-0.14797515180923165,-1.3249538569421084,-0.044059251422656515
187,1.5581479951265624,-1.4665446899005021,0.9033061853822876,-1.6664479316836087,1.277551931232294,-0.29878020604484257,-2.637299853842195,-0.41564050986960865,-1.0890682434797982,-0.8475547667162704
188,0.9970077022303474,-0.5754784989781213,1.115220272090334,-0.9847481902392611,0.8155212636387594,-0.31346294264052826,-0.9732367914053702,-0.23014441789945395,-0.3185295485123905,-0.9044174370483037
189,-1.2535898289722316,-0.9372348340774376,0.2830978509931849,1.5775740609508477,2.206015885961323,2.7907745043806975,0.9351841712327077,0.041781531234432755,-1.8227124375124168,0.48255469915594457
190,-0.421762144898936,0.6029594182179823,-0.10020899609038893,0.5853254046579176,-0.7832422113433297,-0.30953945236587943,0.23652843618735642,-0.052111984270533096,1.079400251271507,0.9359546417824474
191,1.3583051054761597,-0.7131942861639247,0.034693184205786064,-1.2226334787912843,-0.7892189245396091,-0.5019441026477595,-0.8242187110040774,-0.5553398037673656,0.10408180597584472,0.10932913662803113
192,-0.7073855885046066,1.1175844642040433,-0.6689370557977821,0.7653501843873517,-0.7897019939119576,-0.3713891955666737,0.9490000071661929,1.208954141230231,0.5231352257243974,0.2086362187718226
193,-0.8470631449876028,0.5620587373564835,-0.31106440284219966,0.6745368345559308,-0.35025752563587753,-0.7201591328455004,0.7144571470065408,0.7828794985200005,1.0922222620857585,-0.8738536309455008
194,-0.20277328418528354,1.5719873089890077,-0.12352850807010801,0.2998551504745095,-0.6291690728352998,-0.47822184841061555,0.7134963715948748,-0.4413200765709223,1.5677949119637924,0.49167891525148794
195,-0.04949179470394516,1.454164705401619,0.05793609216767375,0.19146009711863934,-0.6891638674326876,-0.3028427598581458,0.6116826185043258,-0.398841385015351,1.6967938204525324,0.30042652316619706
196,1.5269215079779326,-1.8524358624163215,-0.7097500422939086,-1.918718284563349,2.296999661265146,-0.707589858865496,-2.828077537644819,-0.4891195609081651,-1.779579088249753,1.3015774613699769
197,0.8112945130782435,-0.5850762839496788,-0.8052863631226533,-0.9582033192710152,1.1052501839911657,-0.6124233582176826,-1.1630613266186247,-0.19637315730244517,-1.1035675421418925,0.5268441325759237
198,0.9063282077834811,-0.39953751908500673,-0.9029269873386105,-0.9944368247528929,-0.7906954416676873,1.5832819055197447,-1.050640543016656,-0.5864075111035673,0.3382408286219877,-2.3241015310539646
199,0.41525296253953314,-0.007881450139902208,-0.9039202150544252,-1.514810503120814,-0.7907919680629855,-1.045045033884322,-0.1874247721023882,-0.6572418838301073,-0.29113897827875646,-0.8311992809423107
200,0.9044051483187374,0.6861832596102727,-0.8631932217281612,0.403810724498615,0.6317478583322428,0.45442773845838447,0.20015854330262667,-0.08624043610726446,1.114916434600552,-2.1323465309285123
201,-1.0547406431280733,1.8493501536336803,-0.5481380638589957,1.342505441214519,-0.7879641437562857,-0.2642359183876875,1.1043563311993254,0.022243395287442742,1.737413260235977,0.6152571213880915
202,1.33985068543196,1.0197178629567443,-1.0464829086979932,-0.701122371618188,0.515313687997871,0.07176830015335099,-0.5814602317948682,-0.36284428911225924,1.4189239511271492,-1.9598333820267209
203,1.7227017046539936,0.1713509881909076,-1.4109523977255065,-1.4333421649500984,-0.7858794105689447,-0.9399985925484363,-0.5532762555023933,-0.5447767832730569,-0.19697979456919626,0.6019868791648768
204,0.6657469913825879,0.5677987258336253,-0.9458310171937789,-0.45063055000655505,-0.7217326309472076,-0.19125694348452868,-0.044695707508849235,-0.5409564807074561,1.1158597024603796,-0.9207588339576533
205,-0.7528805475802435,0.6127938455612376,2.4559736718790512,1.0038834073403116,0.8078048607353997,1.4024287539414668,0.10996926722964197,-0.49568980568185805,1.8522213877414935,-0.6221929659266792
206,0.3903864134969255,0.04522445751367129,-0.2035863713190661,0.04950955049750577,-0.7907766660103974,-0.4662066535334882,0.501853207251414,-0.5261361588713358,-0.17467893526956357,0.28847740664142957
207,1.8446885490139557,-1.4550174336997794,0.6043436195454478,-2.342225978515905,2.6418811980634853,-0.9944169809724389,-3.8041200246241775,-0.5422913666861607,-1.8272965030351191,0.31833545164366267
208,1.2150189708311252,-0.9271172678235786,-0.030323110296761286,-1.4557054278134842,0.8717812172430974,-0.24548348542729415,-1.9236771760773135,-0.4531848782942687,-0.502979174362483,-0.295984130106828
209,0.9338517878500858,-1.150913217703413,-0.7326045646012411,-0.9286725570332575,1.3921069690851904,-0.2708867454916055,-0.47050820408942534,-0.5724459807128415,-0.24817505327980063,-1.062439049589064
210,1.3309362621902712,-1.994374308306384,2.977827664958207,-2.310697518375937,-0.4444545134665527,-1.0542501344137551,-4.2781528975275185,-0.16854684743165446,-1.9255441776162785,0.6467739466682264
211,-0.7147935439523,1.953718013813967,-0.6444447574239967,-0.13141271882576724,-0.7907919680629855,-1.1849264634982593,0.6351822292695164,0.7035236974955307,0.33163316660728187,1.3683433675555263
212,-0.6782211509369277,-0.5283592975060033,0.22940046011599388,0.5945176461303014,-0.002078590574117565,0.3085990919337647,0.5975683219848361,-0.4807030888596228,-0.6338862076936559,0.7372604108277716
213,0.07944352070979786,1.0172388408961415,-0.5771785352201193,0.18379065770727948,-0.6781950773573366,-0.4763373820715436,0.819265212075643,-0.2397601959862008,1.759792370404911,0.6422725979653906
214,0.004753100008361208,0.7903696877771853,-0.5118061992638152,-0.018659375979655918,-0.7806202883020276,-0.5055468552289215,0.5541707887823957,-0.0973735038268555,1.8727265263931547,0.18353881931066499
215,0.08150295145063562,0.6671167635985387,-0.5953169453611817,-0.05029982715666912,-0.5663797244080834,-0.4690821193728915,0.6689811518743356,-0.5134967799367248,1.7577421454030957,0.37562557549169745
216,1.7483502206476271,0.7103759508746791,-0.9421552556123708,-0.5841093832857289,2.6280382654044465,-0.303222226512346,-0.4845766490472397,-0.5245206380898534,1.5405049321977389,-2.2524422230486048
217,0.8437708517014494,0.3731534372744881,-0.7265191787576334,0.396069889574502,1.2415001996099289,-0.13861336998600984,0.2510754274513842,-0.5759687614386034,2.0400441805095104,-2.371874403057537
218,1.1043104808815922,-0.25697510928152845,-0.5177054608956383,-0.7759029704983212,0.35178544828562835,1.5867913246512668,-0.02169298006976388,-0.3739314895709481,0.24211797693399745,-1.4359930646717536
219,1.6051994515290562,-0.4302187988941604,-0.49337015290404823,-1.0840765401747383,-0.24322902123226364,0.33975091295987997,-0.46944963863951217,-0.3712455534847783,-0.012544281845856934,-2.3578727895299747
220,0.6548464823594423,0.092428839890537,-0.6655820733635536,-0.3682322177434029,-0.13067914214457582,0.7610771283791727,-0.28202066738396586,-0.26593175725592677,0.9281386239173427,-0.5993721833819059
221,1.7170715426066114,-1.486217154446253,1.0854578419599146,-1.951305916037053,1.5651255171793454,-0.7566546490621946,-3.7466343994830162,-0.34146970646495245,-0.8075277647280282,0.23174712113718657
222,-0.7217669267869201,1.2417181637460208,-0.13709249683928065,0.6611657124861768,-0.7869490304413166,-0.7577768057406933,0.5819579143570085,-0.1103050293711411,1.2252622587422652,0.895152214215476
223,1.389670668733956,-0.16848994168942444,-1.1428856964574858,-1.5534119931964672,-0.7907910701430292,1.267450694870986,-0.6014448380291337,0.6561281839704138,0.1694701279963718,-0.4198217720226552
224,0.978738347448433,-0.18305718719162029,-0.4521953189841861,-1.2205007997815798,-0.7847123016924618,-0.869726975434855,-0.8608328360399793,0.01858430975673505,-0.11520997713721004,-0.32693007646015176
225,1.3478788794624876,-0.04107264242338564,1.1809933165101179,-1.4651190821946967,0.4439887955770237,3.4946939566314783,-1.0628418017553019,-0.4267194953954901,-0.21432490735779944,-0.5525241942548021
226,1.6556759659946743,-1.4842572935685618,0.35322480959389774,-1.362659089199889,0.33691603821226196,-0.6664756053881338,-1.4889056765169406,-0.43225250613060423,-0.36299730268868396,-0.2823799775679314
227,1.6121356184100557,-0.9861105475744957,-0.5541914924163317,-1.6764827093469634,1.5342124085078326,-0.3966447918504278,-1.7705132122364144,-0.4154218112267628,-0.5083180165741679,-1.3278518632456506
228,1.7237443272553614,-0.972638772513153,-1.6903734176064968,-1.9535736647173725,2.1074941129825797,-0.7934389527464794,-1.3909097434633695,-0.5806082057341437,-0.8205778972070727,0.06454206912468152
229,1.5195947188710988,-1.2974276958352227,0.070147477155998,-1.4783658619770914,0.511998638261711,-0.6934140526650195,-1.6704188437246812,-0.4951740659602369,-0.9102266628065178,0.1767149226800995
230,-0.1284436365880897,-0.18131613651084924,-0.2551930588749413,0.051535762752967625,-0.40115036495432593,-0.07426516486293647,0.19571807232491606,-0.4984843470091879,0.12323572191056029,0.19003734605392003
231,1.669527951984267,-2.284797240786864,-0.7226033256567725,-1.9882652432752337,0.24555731478936602,-0.907510002444554,-2.416436406707509,-0.4571658485849679,-2.234287185253415,0.6019868791648768
232,1.5863787995252339,-0.9530006504120916,0.1281452286088444,-1.2424436971480957,0.7526928905135057,-0.13770088180716686,-1.5816617802618458,-0.517621305749563,0.17296668247915406,-0.08308937560858196
233,1.3942755852233277,-0.14728445773053261,-1.7076527621943924,-1.246092947898035,-0.45519438441007604,-1.268133352597646,-2.1141059802522104,-0.5789512613428789,2.3354066725668674,0.5422707891604107
234,-0.7199535292045222,1.3501915007926264,-0.07406939430426876,0.7330770812050864,-0.2342331795724864,-0.3028957480333611,0.8405446692190611,-0.17486496320790187,-0.0802371444468748,0.6699968705588524
235,0.06011094222708437,0.21159530883463176,0.04653861342025902,0.16040885900214474,0.9031335617585677,-0.6919346701927527,0.21000096101060034,0.6392912125779334,-0.7119747773122409,0.6131836460407143
236,-0.971427345398889,0.5675820921749412,-0.20415163565985767,0.8973861019479203,-0.38539891358719575,0.11895536576253456,0.8957531116177646,0.15741075829249346,-0.6493359793957378,1.1609611989438617
237,-0.5882712912763911,1.8641017946485618,-0.8656052231874405,0.29441219011191716,-0.7907171413999636,-1.2100148747451465,0.7231368501514084,0.6368316857471505,0.47534981542713634,2.4332803059685046
238,-0.42418230365062054,0.7126329519499546,-0.3248285163008075,0.9779926841624977,-0.4833038808808518,0.5541300072690347,0.9141700643883316,0.5500616503376283,0.566006938268902,0.9208707997887263
239,-0.9513833794093408,0.3793491265007369,0.03866345350597068,0.6676310168102207,0.09378140573798555,-0.30935896019863535,0.9861314119200301,-0.4538519598024406,-0.23001810464272632,1.079715599200606
240,-0.5356188499073475,0.9546631260811159,-0.6194767032487837,0.40033524759391165,-0.7907919680629855,1.041805403788375,0.2780858475598376,-0.4521950154111756,1.0320453401661143,-0.23403838089764922
241,-0.9215698487202232,1.3619210276638738,-0.1528224122304998,0.3957966448731951,-0.7681040809092168,-0.22955723446735105,0.8242032757173244,1.3182118096859063,0.25750161590102444,0.5051003458969618
242,-1.0440738128566769,1.0590895649822103,0.0772221651619784,0.8777852861946935,-0.7894199705153888,0.8993120887982664,0.9222713212653304,2.274520551718493,0.4463450121049169,0.4555803558716712
243,-1.0439286467518956,1.8498295819666635,0.46227243273784363,0.6266124905235693,-0.7907919680629855,-0.4842378210411437,0.7799301392369165,2.465684057604895,0.42546196721610624,-0.03996108838313424
244,-0.489192236806805,-0.37910034976230617,-0.39843569483768587,0.5065150164381852,-0.42360285931409697,0.04665682601842832,0.550284822285596,-0.168477808082018,-0.04105732563884279,0.5265123765203439
245,-0.7215252677129834,1.1469653562451663,0.036136048531434956,0.4600424478546157,0.42157830380940425,0.02981557350858471,0.3689885174521773,0.26863497137410797,0.97489087903067,0.08794727656232913
246,-0.36927884008522555,1.4950157364562267,-0.510004201036923,0.5360589397715119,-0.7907750572371425,-0.6797866448764094,0.9514016000233412,0.7114770305735983,0.19264099612794122,0.7082815193728267
247,0.560196324762711,0.2482812828418556,-0.6503494261356676,-0.7594025170106389,-0.7889963985160041,-0.5180821763776728,-0.4134624041737696,-0.04215305808553947,0.1524952426472574,-0.726815895612946
248,-0.5394765535324064,-0.34643161143143325,0.3965318525158247,0.1863564536202173,-0.7901752092930281,0.1754430010181843,0.19267703638931702,-0.598834594038048,0.704966070438169,-0.044937429216839464
249,0.9464691779361181,0.46712139053928203,-0.46426256612012035,-1.6305201876140087,-0.7901602730596816,-0.33417663319465674,-1.9219180446836008,4.211344013151256,-0.1280673861408252,-1.665565760726935
250,-0.1831185746111133,1.1206190874985331,-0.6705152239220822,0.3413311283254178,-0.7907919680629855,1.1735646858763409,0.5173298675089577,2.5775278040152223,0.8478567615061852,0.8109931941805084
251,-0.3394570363532274,-0.2313142517243936,-0.2603581485254566,0.39757665078137794,-0.6408769441608815,0.6414519141529941,0.37310351665136127,-0.3942426151177918,0.5192489988690828,-0.011321700419825054
252,1.1365289732966297,-0.15958254784201684,0.8486044075093699,-1.0363781266902816,0.6368442196905392,-0.09509506622709692,-0.8284630812993773,-0.3479292762254455,0.03132673009198807,-1.1721036963859068
253,0.06612835845051651,0.5222839610037134,-0.5695924230026542,-0.32942007480224306,-0.4966332891325272,-0.2903910936025446,0.046896103629425485,-0.34669042861682,-0.014820232555136913,1.4989307601375796
254,-0.16846258442005746,0.812206816170036,-0.4420388680343638,-0.19723494826164983,-0.7076087275815868,-0.35468171542061044,0.4457867480481043,-0.29231185146351124,0.21274566594560798,0.9942841063684594
255,-0.1419766867611633,0.40368933417529235,-0.2568640569580704,1.2214166663301804,1.2931305970949916,0.7494080928534359,0.46976669095016615,-0.41242835002083733,1.1534611296863369,1.5275862742341022
256,-1.165884212433816,-1.3753585722194186,0.4258849013938363,1.5007976166014823,-0.770289462395004,1.6590886157621358,1.5460853625821558,-0.4795345978670332,-0.9849434898228836,1.0199995091961398
257,-1.165884212433816,-1.3753585722194186,0.4258849013938363,1.5007976166014823,-0.770289462395004,1.6590886157621358,1.5460853625821558,-0.4795345978670332,-0.9849434898228836,1.0199995091961398
258,1.857200020230362,-0.7403004265287694,-0.488145231378938,-2.2769873276090413,2.643128309113848,-1.0221225286443614,-3.450004103064396,-0.5427056027839776,-1.4100639446940286,-0.7515778276030228
259,1.6273017366288953,0.1647127497342109,-0.30968475218527697,-0.365296516890038,2.5988558668259327,-1.156589193240984,-0.3456685781860465,-0.6379799052816623,-1.3442351118725206,0.4228386091514784
260,-1.1755800813152306,0.8584086684590143,0.2610275915101227,1.101986641786723,-0.13657085513035402,1.1143632550203788,0.7319540447615234,0.5736606808302074,-0.1086023151225037,0.7015136958389865
261,-1.0850931464795122,1.0740131216671416,-0.0036272008524739804,0.8530852290291163,0.2594163195920659,-0.009741962573944017,0.7332929233444857,0.5650911715566375,-0.23817443744212824,0.6169159016659934
262,-0.9990205975412878,-0.18313094539669444,-0.50865573591892,1.4171965994210618,-0.7907747579304905,0.855537487192784,0.9498070538431456,-0.12138606769529904,1.0181692499352322,-2.3838176210584305
263,0.19161041454627006,0.5364541033092254,0.4429177000948279,0.4280600747200712,0.9133852822592026,-0.9540769815934518,0.4174223595675786,-0.5565825120608136,-0.1350329631813277,0.5721288341626438
264,-0.7013958435247314,0.44351876491547176,0.7621664469631656,1.6671465793584401,2.5053225380486444,-1.1414278511925056,1.3201292274679977,-0.5752231364625346,0.06071902400433661,0.06454206912468152
265,1.2995458745848223,0.49472803300998947,-0.9663984648800849,-1.3965991522971877,1.3065673278690546,-0.15098997573987027,-1.1709766215687964,0.0511018434352933,-0.011493282299236057,-1.4198293109863342
266,-1.1743157085258915,0.2310951343011785,-0.1726615924120393,1.0252101974373575,1.0031772778853991,1.3937651299137652,0.15402419382032473,-0.615611155999597,-1.5052968734809793,-0.4729027409155138
267,-1.0394516253016248,0.9112933014973661,-0.4274630096379747,1.0753992434657391,-0.7866356212965542,-0.3651190070658169,0.5453130766941133,0.27489979921536384,0.13109062446095518,0.8766808931854212
268,-0.5299574091819238,-0.20370948461245408,-0.30270045941768675,0.22652190830298746,1.634527247132093,-0.4163908153742023,0.39171589077470664,-0.5994559481847721,-1.0060054124947586,0.5273417666592942
269,0.9250954146080902,-0.5435872935953246,-0.3159959746816182,-0.49666954388784074,-0.7905268459718997,1.022312249726046,0.14366709479942813,0.5161232868435617,-0.048802973889415464,0.17203103113272042
270,-0.7952318776477789,0.7887071646636987,0.6816410382161079,1.0913232467382001,2.6400105314879396,-1.209653890410658,0.16929905208855284,-0.5777085530494308,-0.4348556270986112,-2.264385441049498
271,0.32864703600182227,0.5596671414212709,1.4485017062092622,0.05612916699616145,-0.1215863332376326,0.12783988826259032,0.16404505151043988,-0.3144251115009327,0.7964420558683785,-0.3653034014228174
272,1.6695196110034556,-0.5933298270975049,-0.6221410894277181,-1.1751230775990922,-0.045274170137451226,0.5136420043129075,-0.5442397486995815,-0.24769659558575305,-0.3350336770424479,-2.371874403057537
273,-1.0748632593344603,0.8351748338605756,0.5707059553614485,1.2278147033592943,0.10712798819897959,1.7890429761776645,-0.2067977630767267,-0.5938637608642557,2.3453181655889264,0.06454206912468152
274,-0.26223741148108415,0.8158133050285449,-0.4478665797912964,0.26779319654634437,-0.5639733450857312,-0.8149476026763641,0.3626736523464738,-0.4331401549116389,1.0398919388085772,1.2201589960629622
275,-1.2544779401171893,1.7379752639713248,-0.271773038947586,1.2832643576116134,2.557701202163926,-1.0807824829985921,0.5027380313584148,-0.22229398112328247,-0.5438820503412598,-2.3838176210584305
276,0.7137192267360398,-0.9268148112878347,1.727135591927767,-0.9031478228756713,2.337162084017584,-0.46013719420044524,-1.23502304106303,-0.48127514263440185,-1.210773704673626,-0.49358622299887855
277,1.1565671493845842,0.12019154065688806,0.1864241905828489,-1.10380215982874,-0.1929576967481731,0.2297925555917383,-0.30802890101288105,0.038612023204629774,-0.2801874844361778,-1.6407725248398952
278,-0.13248126585248055,1.3474416024947447,-0.06644296300067788,0.9763708178354076,-0.2594408817527137,-0.4150959802613663,0.919049011061308,0.3556314129688526,1.405306421583799,0.32331179247736874
279,1.5756919178612194,-2.1586707101096274,1.080707254927678,-2.3248019910066184,-0.7895760347888807,-0.7558965819597707,-3.3295748851325726,-0.4733210563997928,-1.9116680873853962,0.18397424913361382
280,1.328298451217971,0.008220701352384084,-0.23221765269091862,-1.0331804914083507,0.3939391665502622,0.2216826286106811,-0.48497827856437353,-0.1847992750070128,0.3037035712731504,-1.4538639855667022
281,-0.8750026440114433,0.49524828408209276,0.6895933337573186,0.678771295242877,0.627821890404119,0.24379172132188837,0.2894124082860713,-0.10917152569040721,0.050350350848112575,0.42820644478104875
282,-1.0110682447480719,0.4688643416428767,-0.21707627106662486,1.019824976324182,-0.26380156477941125,0.4817600360933982,1.039618823752928,-0.08204069381950208,-0.4642083959962886,0.9181084347542577
283,1.8525082185242094,-0.6484714612111321,-1.3688194666956033,-2.389202499062668,2.2116278856879603,-0.907510002444554,-5.833347689806435,-0.050800236627449744,-1.529580031385023,1.1394316892050722
284,0.8719216619383633,-1.5966331874426418,-1.2213093015186844,1.7901310689180714,2.6300336430850284,6.573890329810531,-1.862971166163391,0.8963506010288889,-2.323556699072093,-2.3838176210584305
285,-0.45424215587063793,1.5277643795092637,-0.743265632021406,0.37403220647422175,-0.7399098372081407,-0.7021099161211222,0.7769714116089447,0.6285469637908296,0.05658923524514529,1.9555515859327757
286,-0.5668975279483633,1.094066133671747,0.018450212863913025,1.2235493453398847,-0.7907919680629855,-1.8475132094502111,1.6384796272289999,2.6893715504255487,1.9339912051734798,1.1991477792095384
287,-1.1319049890397261,-1.0444938254221556,0.0831862260010096,0.9462826182022421,0.34491108307433116,0.29008007216930426,0.046652081469629195,-0.22335588218810198,-0.6993404056437417,-0.16916767675048952
288,-1.0258712819265934,-0.5617838766589753,0.44554465687886424,1.2153949844204257,-0.2658681156871352,-0.19263361392344563,0.7901880722123841,-0.29093533921432585,-0.7907948323907874,0.6458957688740435
289,-1.2342241098564204,-2.3334776561359734,1.7370370604557355,1.497954044588542,-0.2230833228274083,0.3703745416414762,0.9935825622947756,0.3116563489615715,-1.893992591496058,0.20387961246843644
290,1.1239804077214584,0.3729832260320084,-0.8653425118376225,0.5553427327454151,-0.7902835686616986,4.507264270877714,-0.03118911472977059,7.6413389253219135,0.08197155231125194,-0.9819696483552959
291,-1.2497390298937239,-1.953601798056402,0.3897430872110624,1.4615669672101315,1.0013942964747515,0.29801209489748676,0.6288089970401708,0.1262668108962063,-1.4339898206593238,0.023895742978147887
292,-1.0877309854259973,-0.30202425476296846,-0.753322277882502,1.0136236209372114,-0.4486564108255308,1.6046241015620595,0.46682693615879656,0.25022053303214614,0.44815928623662143,0.7499500799537205
293,-1.2486524942470962,-1.9766926768288957,0.20737384570055822,1.3262671117219995,1.1739667891513903,0.44692166791405513,0.14643849356718217,-0.22019706317077237,-1.1523324522035483,-0.2431787481054404
294,-1.2342241098564204,-2.3334776561359734,1.7370370604557355,1.497954044588542,-0.2230833228274083,0.3703745416414762,0.9935825622947756,0.3116563489615715,-1.893992591496058,0.20387961246843644
295,-0.692028400762748,0.16194681704392094,2.508848959409786,-0.741003469099664,1.7224049272959812,-0.35691864626737413,-0.28017607103802217,-0.31363304069171566,-1.7074913311309816,-0.92077341594901
296,-0.9094346662905544,-0.28134970048025226,0.4386671007063192,0.7943071612638434,1.0843919062568876,0.3275314008904513,0.5196191354201463,-0.010154227941746712,0.29242770532002654,0.36434477829914963
297,0.5742716808583185,0.08891100235976479,-0.43735683097280376,-0.3690285078213227,-0.2950230994641044,0.22229405873848018,-0.1892296884133695,-0.4011917137416709,0.9470399243212662,-0.36915379492326394
298,0.6647264854816681,-0.7937659054320807,-0.2451226613026595,-0.697887808453469,0.48499908219272986,0.37495904268946934,-0.9193807675505401,-0.5812295598808678,0.8712107169394117,-1.0481677412918713
299,0.4962862038117984,0.2936629429403325,-0.7069724366953133,-0.5151243392578871,-0.4297936337697906,0.5890577722996237,-0.1225576024612942,-0.5703389203233902,0.9848298670466809,-0.5398576084735843
300,0.5945250715358892,0.30207986337122644,-0.2193077838810353,-0.4706299625154243,-0.40560330566705927,0.06856251454667531,-0.21879766113144378,-0.18920959822339214,0.7451583488149026,-0.6907132455592184
301,-1.2371995983673323,-1.4682939106131723,0.2275986108089675,1.6031662090673027,-0.7797924485987764,-0.6692603416827516,0.40829470035851545,0.007607053164610766,-0.10777635737066582,0.6019868791648768
302,-1.1388281559283375,-1.2011048127311308,0.5095643364512202,0.38860551304053625,-0.7903691038835834,-1.1127295966007442,-0.14672286318034103,0.7153294262832874,-0.39397071838261805,0.4228386091514784
303,-0.40316178876269254,-0.12048575002342866,0.19901674300284608,0.2464598935223337,-0.40114001559777296,0.46323532926152694,0.10667046419581729,-0.26608500931929663,0.504180414035874,-0.21571953456033127
304,-1.1386675782506162,0.7530303763265062,-0.2108186572058617,0.8481208707653608,-0.5567846398373743,0.1873880540714153,0.5958517802059182,-0.08820669062737437,-0.014429468953890362,0.616713854744926
305,1.0372109770002615,0.30092338309993144,-0.6262532317689816,-0.7821512666010397,-0.7248707122556884,0.12224371830391355,-0.04716169610320814,-0.4588572879339535,0.5973341311110897,-0.20240338870686567
306,1.1466898975521829,0.41966666300979205,-0.7117336774000756,-0.7315125942427373,-0.69374162540076,-0.14980862867823772,-0.13316304405062757,-0.21423647559009384,1.0346301020718676,-0.874499382595556
307,0.5839946089785589,0.500517687989834,0.341138888019538,0.11026919610246091,-0.556323789036873,0.2408834596969105,0.22483280888467524,-0.31971018653676025,1.5898928066183358,-0.38018260906199597
308,-0.6287896908107227,1.0415134125562315,0.6932994887909943,0.511945449101785,-0.6194121030909662,-0.6907750080182116,0.020822462287790357,-0.2599687542196502,1.328646768851229,-0.15143112305813775
309,1.3641786483484304,0.39702636502630506,0.48374518895459884,-0.8804780279094303,0.2500935445052323,-0.20844575410201127,-0.49028640957402825,0.425288173916089,0.7255353336039477,-1.0755532279269255
310,-0.6882728241278014,0.7039578694846423,-0.005795253739518953,0.8039088464934743,-0.7829243013530465,0.37287955414443735,0.6297849276570517,2.5507541350162293,0.56729726782344,0.47875961094438135
311,-1.1227196367372143,0.0850538882538514,-0.8027589155734738,1.1638343330681564,-0.7907919680629855,1.0526349338230023,0.6288487514509825,3.41014236062543,1.5077970052249448,0.661702969169343
312,0.771151733295585,0.167612602532217,-0.49463640072764226,-0.5012138087332099,-0.22574257260105138,-0.24197929011010183,-0.45148086760385864,-0.32246486634379967,0.6865490091138514,-0.2776126856836688
313,0.7170922056353354,0.44506768722203416,-0.29212399307790016,-0.2364827047038805,0.09024210457705337,-0.02800776989901587,-0.4055447807391057,-0.6112202533627475,1.3422750717565595,-1.1257986582976773
314,0.9561395025637986,-0.12571018274626858,-0.5001213739395214,-1.0767582345274904,-0.7761390180700698,-0.5652968533503286,-0.26406451067563025,-0.6361469105488263,-0.5251741072621237,1.0423930429478148
315,-1.1038981815139255,-0.11251273248116889,-0.8932508160099216,0.7688824916995293,-0.5224272243402176,0.09484035604617135,0.7095030190490463,0.15474963276740283,-0.21361694357050967,-0.14730786922449535
316,-0.9206284770497026,1.2129274811491546,0.0011341105256060622,0.6251196152167757,-0.7902636063382577,-0.19637523907171367,0.6843100533268233,1.5391772407506246,0.40702809193644407,0.6606775413611857
317,-0.5763144952839117,0.7785064049019098,-0.6388767651141489,0.4101427274665398,-0.41802072095486453,0.6897698709527419,0.6665205258873003,-0.11518495331099318,0.15681425268420557,1.4517468399284295
318,-1.2480828942815798,-1.2564013390754134,-0.020625971818468772,1.4264382084631144,-0.6112930796686694,-0.37401847419205075,1.0902115640712666,-0.12883403273403193,-0.5231670299251565,0.34839255027924376
319,-1.165069638896428,-0.6688582290936982,-0.8335713476544587,1.2803857560883698,-0.48185843754888913,0.5133520658807739,0.5656398689102626,0.43785907941184554,-0.008624079495210778,-0.25163587601973797
320,-0.7768443171976341,-0.2686198471386941,-0.47122215302501147,0.5856053342822409,-0.23697349332895148,0.1810304861723671,0.2557090407078115,-0.21704951715616397,0.36823368953263863,-0.1576842807708024
321,-0.8628937602557593,1.6741929417658221,0.08192088566914457,0.8494275964911876,-0.7888042380689111,0.21072975057366097,0.8753474039314544,1.2503962380735794,0.5716022138943155,0.2945645653516374
322,-0.9981835801169099,-0.03443440396668895,-0.1335294770341718,1.052935024563517,-0.7345386546253289,0.08158707405141345,0.6889857442671578,1.5916458912130846,0.5521638863480931,0.8209458758479197
323,1.5844843240376043,-0.08855248264098564,-0.5658656415028458,-0.21093485861516334,1.5293588130363704,-0.2541185476651208,-0.2587804481964087,-0.5554655004093669,0.9417705519706336,-1.9373352729966564
324,0.4291640225037767,-0.6186562890638028,-0.08397995625697288,-0.5526543360786969,0.7846594953280401,-0.12612232763023667,-0.5339253532757743,-0.3451635173048645,-0.5743259958206217,0.2118301318844286
325,-0.5971767199636332,0.6277957027556234,-0.06895417812841732,0.4021138098763984,-0.6817129588083107,-0.2757116934742786,0.5692343604036503,-0.29987210890588517,0.4353400693380833,0.6207724704033913
326,-1.0135570503740696,0.33730694960832475,-0.48105351504633925,1.0699964566411537,-0.7907659657975854,-0.2035905501937742,0.9058452666321472,-0.34035126900084917,0.43487788558706175,0.6915610141715761
327,1.741468911478603,-2.4441149637475847,0.4032678383544613,-2.3017690577018093,1.0218839436408562,-1.0174297322960222,-3.688720333195306,-0.5000392847089263,-2.24692433885654,-1.2193538659713405
328,1.8525082185242094,-0.6484714612111321,-1.3688194666956033,-2.389202499062668,2.2116278856879603,-0.907510002444554,-5.833347689806435,-0.050800236627449744,-1.529580031385023,1.1394316892050722
329,0.4440224988428844,-0.040713818723024695,0.6466170531734476,-0.3494821832733195,2.357600548847845,-0.5669066483554777,-1.1426924575111481,-0.16261039632714125,-0.9366718400235592,0.3518248804975193
330,0.3406110891963549,0.02365018252940724,-0.0298568435387924,-0.12357156900008694,0.629584897194342,-0.09960901264462743,-0.07645696282349601,-0.1537689746420674,0.5693438075863294,-0.6520510109289123
331,1.8209983502541958,-0.990784716240783,-0.823475401346753,-1.4999345919547005,2.31452152393523,-0.27949770825098025,-0.9993018569643031,-0.36999936721728904,-0.33225981032167506,-1.8320640280992908
332,1.85407215242626,-1.7537381642511294,0.35980355953527454,-2.259968549111599,2.3107732141918857,-1.3103685197326929,-2.034378671242433,-0.6361158428414901,-1.3070670130397997,-0.7714831909378446
333,0.010768390153353269,0.7669810535142692,-0.21487212628441638,0.4579213093157432,0.39394224438777126,0.10415490587182581,0.143958627571084,-0.29815223386656126,1.6871395800122,0.013821672165759736
334,1.242317064726207,-0.741896764824309,-0.14000554564520082,-1.3541243109153382,0.9611247907199514,-0.5966689704768318,-1.453333308050791,-0.4972313557315888,-0.7311449617474959,-1.0524331762921904
335,1.8157838424345145,-1.8794561879464162,-0.06048359317192644,-1.912420615600878,1.9714898609817595,-0.5948364791217057,-2.6470724374224215,-0.5552505836847601,-1.7499608080262705,-0.7475967549360581
336,1.6194820671186416,-2.098926563999357,1.0785940044684978,-1.949877021100551,2.830818522193607,-0.9616576526176911,-1.9384451101675846,-0.6410866760152825,-1.4706066479037723,0.12425815912914767
337,-0.8684969678458517,1.755677233189183,-0.19672226967134174,0.8096318942063847,-0.25786247364108017,1.1721207485383913,1.084051946428144,-0.39679093732828286,-0.12821881172866237,-0.29375447090211537
338,-1.23427648214963,-1.0699996032113706,0.11036374457458306,1.5931518902391233,-0.3831556652524438,-0.3967328641156944,0.791089451784572,0.44374363336951717,-1.338245122611364,0.25407574609537825
339,-0.8307331772243318,0.5663261763643608,-0.5013407194544682,1.3557754439415697,-0.7907919680629855,0.9118510433728456,0.9041687577978293,1.4677892979660945,1.9216018388959062,0.8109931941805084
340,0.7772515297342228,0.6303409225484392,-0.661561276064013,-0.3727893291441328,-0.73883511332058,0.3840053101117286,0.09388099171217028,-0.2736923961402946,0.3718738282768408,-0.08255856591965328
341,0.8668158777632622,-0.22958536413963482,-0.16974425235729934,-0.4864339198992279,0.12757628238934351,-0.30395517035383185,-0.5619882596030465,-0.37102271200757225,0.27323494334134696,-0.5483586747956797
342,-1.23427648214963,-1.0699996032113706,0.11036374457458306,1.5931518902391233,-0.3831556652524438,-0.3967328641156944,0.791089451784572,0.44374363336951717,-1.338245122611364,0.25407574609537825
343,1.3958395191253785,0.2344142535295265,-0.06784436963670636,-1.2098374047330567,-0.7814760485167677,-0.8641918823060445,-0.9271377255552499,-0.6584845921235554,-0.7668906433375863,0.45269665415371146
344,1.5750663443003992,0.8935913322795065,-0.9490212063542468,0.7415638891466465,-0.7907395968815365,1.7069551385151893,0.39816113584886104,-0.2506277302138984,2.063831763762452,-2.0613507350343134
345,-1.09425603971989,0.8949189799708465,-0.07383543468848194,0.8524631976512851,-0.7907919680629855,3.045268460194441,0.16128906543570154,2.0431632378325517,1.1807177354969987,0.6019868791648768
346,-0.9106588881408053,1.52186372310331,0.8404157088614805,-0.15487218793251756,-0.7042014644704727,0.4651329294444668,0.07420374543086347,0.9218261210445746,1.2023302966700986,0.23207887719276635
347,-0.33998971186918214,0.009138255681016815,-0.2816870306191198,0.6019385792029586,-0.6397791210555475,0.03521412398230316,0.3872715900407702,-0.07269606636450784,0.9753639894462152,0.5751975776767625
348,0.3089054572000793,-1.4417409567863855,-0.8404910025221345,1.8334955421153987,-0.7907755810237838,0.35954501160685004,0.6450550035160538,1.6952049156670916,0.25894888444551595,-1.6075084510003705
349,0.17271654200066797,0.8759369096731837,-0.5400859004197474,0.26283914053023,-0.5012981937123305,-0.011540917563167632,0.22643813715753397,-0.40121316443038124,1.4590791500607336,0.08082827548953596
350,-1.23427648214963,-1.0699996032113706,0.11036374457458306,1.5931518902391233,-0.3831556652524438,-0.3967328641156944,0.791089451784572,0.44374363336951717,-1.338245122611364,0.25407574609537825
351,-1.1341358941099369,0.3105179716582734,0.491055540930942,1.2266837297421747,0.14625795163756192,-0.15154288306422403,0.5591143955767586,0.17091737667466125,-0.13952237079279467,0.39477480988419755
352,-1.0979969696135956,1.3087025104382723,-1.0971875357987413,1.4680965384526778,1.025001721266766,-1.4944705303213586,0.9262738372429079,0.11365149420551256,1.7654958237984777,0.3830278824818349
353,1.2785444764715694,-0.23358155766758956,-1.0307997726235985,-0.41008277609383403,-0.7907919680629855,-0.6584308116481241,0.43660907178254826,-0.6634554252973477,1.146027509919793,-0.3534705609065815
354,1.6570164807678607,-2.7494739327556315,1.0583068000603688,-1.813385564479457,-0.7775102353766106,-0.680089871717379,-0.6458567989086064,-0.5267575130180598,-2.2585703431574595,0.7214190591738091
355,-0.09415767000162523,-0.3974354102403863,-0.7788364507643419,0.7429145858527931,-0.3527315451314516,-0.31394947765220244,0.9794377951667169,-0.24745192013064293,-0.22078940336218705,-0.1484453185579146
356,0.4588215139436944,-0.05805923701099386,-0.8689674053833356,-0.2607133555564232,-0.6873871708657865,0.22230630035157828,0.009366384264092899,-0.4444882836812602,0.7986302922739027,-0.41407489193842334
357,-0.8703007049462168,0.4667525995139098,-0.23324848307673277,0.11668893930320066,-0.7907556771314199,-0.9378326865415108,0.49295839649156126,-0.6354944886947661,-0.7322004177603801,1.2290058242117714
358,-1.0923793190374291,-1.2956997107390582,0.3073738156430163,-1.2119700837427614,-0.08742133565777947,-1.1165199321128625,-0.38339002695819546,-0.5379418876590925,-1.9364468199405436,0.5422707891604107
359,-1.2549927871577444,-0.7115347265497506,-0.29150023198403224,0.42592739571036636,2.3481865457028013,1.9839745168009577,-0.49292193746695473,-0.6957658409269976,1.6713366400889171,0.12425815912914767
360,-0.6416833539599209,1.139466943116654,0.8401359623003988,0.013006819679689141,-0.4485591378485882,-0.5905346605425037,-0.34436274634203773,-0.3480693751519436,1.2112892637476815,0.042404461473025866
361,-0.7998262604894144,0.1673278133686679,0.4174808885450331,0.3322187725566801,-0.1840332691691481,1.4129629331569689,0.6222330330879505,-0.5577875625271875,-0.2568992751116436,0.5024600624907671
362,-1.2414215575768621,-1.3363589212863258,0.5145133048703127,1.4185828407773695,-0.23701725468557,-0.06721969323272878,0.5925150794361302,0.12526046084680698,-1.531326932030161,0.06902077587501665
363,-0.2933676058392932,-0.21102741212810658,0.0540410996277148,0.09257931250662783,-0.3072125918596086,0.645371706259857,-0.066893628280226,-0.3017731272759584,0.42722589156438523,-0.3255920361961533
364,-0.945995105805475,2.4482667788378696,-2.332762814272162,0.14867912444876935,-0.790571229407071,-1.4803921412763426,0.047659022220832556,-0.46337939005220824,1.5771774563793568,0.7811351491782753
365,1.6113522415053045,-1.909736698128637,0.046525260582889444,-1.6497934322212995,0.6665269603446219,-0.4703899466262629,-2.1834421594424835,-0.5063347771619516,-1.5927151964707966,-0.3279951976008861
366,1.840025619933687,-1.4327555052958982,0.5369420271718082,-2.203078581887464,2.573600908739872,-0.9734790565313879,-3.652672431902836,-0.48818321030312845,-1.6830000318734744,-0.14887404946051022
367,0.04902432650501067,0.9042125138102215,-0.7436555267311247,-0.11650427698649889,-0.7874762981429695,-0.5945056429294384,-0.3413548943440954,0.01140618994743788,1.4820271233675915,0.2982879071421635
368,1.1600405708349526,-2.2859822892817268,-0.09109245317661871,-1.6851009726401522,0.7671852552127619,-0.46716125655135593,-3.0578973184527127,-0.3377691973244636,-1.791766553743544,-0.14612302616885187
369,1.7205580547254133,-0.29698479709484715,-0.4300593749070834,-1.515723917364964,-0.42373372500272394,1.2632443973569993,-1.0580860446150677,-0.33223187325886744,-0.027620461519670594,-2.1523026109627605
370,-1.2525485701212271,-1.5258253105712103,0.2696448105179415,1.3382519314118304,0.92376124619823,-0.4896164876250081,0.3591885147429532,-0.07374891644645673,-1.353741885596179,0.04513433987322985
371,-0.6638284117199683,-0.5360075090718113,-0.3238743880312435,0.3173722931539458,1.2247123720031807,-0.23258716938853174,-0.30379083211557556,-0.12104749308881978,0.19148246395888371,-0.6461403367141847
372,0.7071061183399793,-0.19802226075143856,-0.15849392464649428,-0.9728669225916868,-0.45386345898709296,-0.5998911593499373,-0.4744220817783162,-0.5002494490424924,-0.019700118192406177,-0.37038172826756105
373,-1.2550140045276823,-1.948459825647566,-0.2226285189983286,1.5331432482486678,0.9511602759747231,-0.2580991847013993,0.16085441499717487,0.08610479370074656,-1.0687782016344658,-0.03996108838313424
374,-0.3411488586043704,-0.24519847496680894,-0.4497001125127978,0.714772109087233,-0.6984364343449933,0.13996090729961647,0.7862945223950724,-0.2128042087005889,-0.19616322270090136,0.9149874077394224
375,-0.5334857557745147,0.06224679755620044,0.07312357464248753,0.31360020783065806,1.131976092259177,-0.31719747717607955,-0.5408337214182806,-0.17007952099357346,0.05735029631648246,-0.5904865657576409
376,-0.07335503464651298,-0.06789192370161397,-0.7071214083125185,0.10207358963620256,-0.5220349623495106,0.09741563603491371,0.17260575948974,-0.2694708626476907,0.7731234882776716,-0.25608527124594427
377,0.209474129955952,-0.7817461240236234,0.9253727646122356,-0.020363813706534537,1.1894720853975722,-0.2806591361097654,-0.3195234094164003,0.2473470952888897,-0.17325685148813785,-0.14732023280420734
378,1.4860547154213772,-1.6491864264808722,-0.18019175661388967,-1.6053695474487555,0.7698125714555522,-0.3449002869263995,-2.0620527269997977,-0.39575727070368294,-1.3426862909370572,-1.5795042383360494
379,1.451476896389741,-1.729221351549231,0.8584340020631392,-1.5729588694009817,1.2848771098894596,-0.23768537920168564,-1.9685617535273452,-0.4632926321262222,-1.3958009403161653,-0.3179664032732631
380,-1.0251510137012725,-0.7041589060423098,-0.06234287427464124,-0.6574735412195671,1.4519294041746542,-0.3648302195982264,-0.31192107628042776,-0.6528233654534038,-2.160226306838586,0.3166766713657608
381,-1.2526978496974233,-0.9268349271619462,0.4660296159500601,1.6176684263332939,-0.7229973651786207,0.7468090056451252,1.1929753463229655,0.004873094919025034,0.09656559043411696,0.3710846644809411
382,0.9483017970365972,-0.37431149452548385,-0.16203267217692718,-0.9713400034015586,-0.19609304969956406,-0.8047149078882707,-0.1640545292565596,-0.5329492667424935,-1.165952131138235,0.8395716086826457
383,-0.6163946797184952,0.5292521086420491,0.10094410850037944,0.2899435213826035,-0.758906294254113,-0.2682082749408194,0.4691576049749531,0.2699371120242837,0.3209071408862354,0.8600379224484387
384,0.6655175460883842,-1.8664852475367053,-0.39948543452866414,-1.2015656040048805,1.9832547311309552,-0.33467167099000755,-1.3348339923665826,-0.4061383241623896,-1.9108381108426078,0.4522795152798
385,-0.8895951913514474,-0.3822447344873986,-0.12718422144000166,0.6203323140108814,-0.5300854333400388,0.13455468683128452,0.4686045975516012,-0.4267765572413658,0.17433882976984874,0.4888701510784371
386,0.7822806636122468,-0.17188991814317287,-0.21923790095693046,-0.6673926826612532,-0.6775107124966232,0.14864352291581767,-0.1574251733858308,0.7273383218202386,-0.17926806549370472,-0.19758575811220866
387,-0.5910212083874968,0.3608173774757922,0.4605668635130795,0.08292152164954451,0.4848944495756041,-0.990897383711185,-0.07711670009626033,0.5942171471843266,0.8759393250686869,-0.23901472173135488
388,-0.8989273666150829,1.5492526232104973,0.20897709597074418,0.6536199389018855,-0.7418472382120281,0.378327940711345,0.515425541163135,2.168796955494532,0.753287870571541,0.1434206258680805
389,-0.400314429509672,1.1783270395724113,-0.5710255630867129,0.47312008933075345,-0.7905884338586511,-0.3828303163679996,0.8440336448547123,2.6385678749804353,0.34476847519471154,1.513295824140667
390,-0.4082985327506569,0.04471215867625279,-0.18502927285754525,0.5266006629054293,-0.3268356218107652,-0.17275176313164073,0.6763024289046166,-0.2840534042229754,0.19238592862141551,0.7153300898295915
391,-1.098666355609158,0.39005585192413766,-0.03832023762484424,1.1053909085244464,-0.10944465180894405,0.20373405519366444,1.0608341693149563,0.38375523239564985,-0.6567592173219282,0.890247472152296
392,-1.2546305778938993,-1.7960661541882044,-0.029386632732753794,1.6434806127602735,1.3295735277431222,0.16954520458186556,0.4691953991280309,0.3830558580787034,-1.1563745610358482,-0.07087364370489098
393,-0.6141210542845399,-0.24752185842665253,-0.6619872016940608,0.8466338750247598,-0.7231967607760194,0.2959756703035871,0.31416804324954206,-0.34010272734215957,0.7982992963958904,-0.648069938261948
394,-1.2395580106916249,1.090083190597728,-0.22429464088118675,0.9232681407734779,1.1798430292799404,-0.5882554570237388,0.5680101086411857,-0.1860068989545987,-0.7351738656669978,1.1036020352023923
395,-0.3635250247242315,0.026220389911057834,-0.4414166294289018,0.015301467491533993,-0.39529586925840376,-0.22164064077734805,0.2734748989324977,-0.3966458755280469,-0.01859003127013707,0.693868565369445
396,-1.0170077039257457,1.0625407690989852,-0.2547182012031415,1.360735116140817,-0.46200892361690515,0.19118775369486923,0.7249994444154909,-0.43299458556937687,1.2057954264354862,0.9305043637264833
397,-0.005005801435773027,0.10514626793840989,-0.8139425922080138,0.014665988433000194,-0.7465126190258049,0.00021260589695458866,0.07431851933390374,-0.41021118097648357,0.9792374250299357,-0.2661742650256048
398,0.7705005483903701,-0.4543029863527542,1.1687928171924524,0.7426302286514987,-0.7907919680629855,-0.45266974099020396,0.6618200918592312,2.888204877377239,1.1274434605034316,1.5425152967352187
399,-0.5216205743290954,0.09837722332105642,-0.28419450139071634,0.30884582711171343,-0.7016179059853559,-0.8455650906464854,0.002811424721165639,-0.1387138073352365,0.14113621415331298,0.31872184987310337
400,-1.250218591331667,-1.6171932871071328,-0.3774853113444846,1.766434635476911,0.5937238344152225,0.19839558828601905,0.8134794612402059,0.4165616407334799,-0.865757786232625,0.1250875492680984
401,0.8750495297424652,-2.7027849889435314,22.51526577902748,-0.6667151502616201,2.3606576562064387,-0.5465256679569748,-2.466297021298514,0.2565629479520407,-2.3574044477424243,-1.1496850942994634
402,1.3338034743440306,-0.6584288188961779,-0.6171732602482775,-1.9694976679898333,0.08094158685230719,-0.2606260750428121,-2.407122468739077,-0.47124987591071354,0.7594792820594927,-2.3440068943887864
403,1.3160788901207885,0.35058342652171887,0.3266128478233918,-1.4627731352840216,-0.7907006795340988,-1.0075748599645111,-0.7560220571992189,-0.34059981065953876,0.10333844399919039,-0.3534705609065815
404,0.6080830694863362,0.013052981113994258,-0.0232263621223763,-0.6724079191705704,-0.7613386451469328,0.02971769744709829,-0.037230667767664496,-0.6048478345093385,-0.5326870352830836,0.18735231456176926
405,-0.5963702868288553,-0.47512650817822644,-0.41409731265541977,0.6442731038467893,0.2897608960590494,0.22617419231134855,0.038448202851336856,-0.43066953247109363,0.8738449321979523,-0.16330325047569225
406,1.4504767589082785,-0.2494174003933724,-0.6730560008263362,-1.3098679079911364,-0.4888674288045715,0.33810120005239974,-0.8598200463825781,0.20855551583379103,-0.03694089874966134,-1.5325349933510346
407,0.09075901977688056,-0.1291873552712054,-0.7905330069348099,-0.02254453318751377,-0.580415449189239,-0.04966940842780256,0.28763706918603676,-0.43450121637589145,0.9463817219040335,-0.9783567884533164
408,-0.6200712806180902,-0.6053229112426036,0.5085763918615536,0.2254555687981348,-0.747766636825433,1.8215315662815468,0.12850400378682125,-0.5677668867018462,1.418593568026414,0.7214190591738091
409,-0.7323007439386751,1.563047181119694,-0.5348616455201542,0.16423236739734817,-0.755080137462545,-0.24631768121753578,0.5152418264624065,1.6047836949867544,0.043818901217827895,0.9595175494200381
410,1.2494261221481364,-0.637170522006473,-0.5591675058028691,-1.437621716059781,1.9876895605932867,-0.8228559057658598,-1.73406296171197,-0.30221585670372286,-0.989053133271054,0.8668229989624617
411,1.4411642534023537,0.3830408822396439,-0.742138926030756,-0.46228237143312156,0.0837423698960668,0.6501328977870947,-0.10878116852054055,0.39079375203320876,1.555422066334754,-2.029015776082323
412,-1.1645792957751624,-0.08564367206120593,-0.7490033585955163,0.6421404248370849,-0.08010257537935886,0.49063389421648235,0.690453798299325,-0.49817522226875427,1.7331654775122365,-0.9321479092831941
413,1.6719616928367265,-1.6737706935775598,-0.3567957975252591,-1.6330409412913767,0.5123165929337148,-1.002055502050282,-2.1671922424199743,-0.4910448230648643,-1.252765736731722,0.1142507923976305
414,1.2316264594100457,-1.1894878954319117,0.013093122949891471,-0.06458877652168975,-0.5715498454090223,-0.8858509423752993,0.294850935903015,-0.6709116750580362,-1.1336158851537679,1.6171604092408014
415,-1.0301347497358075,0.03194798060027791,-0.3018445929817188,1.0699964566411537,-0.7907515616649536,-1.4522353631863116,1.1828417818133117,1.2602570129602666,2.0132831493499515,-2.3838176210584305
416,0.7931545909421351,0.24581640429044127,0.09504795916930893,-1.142280824463293,0.2587994744413285,-0.7165662769987186,-0.9924404840454462,-0.5098737370076644,-0.7143849949107303,0.7252830414682152
417,-0.8060530993721526,0.531949584356467,-0.45002797937634803,0.4758168511159561,-0.7895598481782408,-0.3060649781464357,0.20833110498911767,-0.0033332180616381015,0.2761170062872966,-0.30228534090275355
418,-0.7436650378585152,-0.07290677007253672,-0.2126866459279457,0.5469275071000154,-0.7903982628206245,-0.6294169975900518,0.8438815686464107,-0.2324856264872541,-0.18711215465519934,0.6082447525878646
419,-0.021770770127118914,0.1067582532591534,-0.17648616315616036,0.3894196183334278,-0.6702533369370329,-0.0619207010484035,0.351355588439071,-0.12281750377572993,1.1117158815925283,0.1378375542481122
420,1.0934347463596383,1.0562222474699534,-1.430620014080481,-1.2985863662909205,-0.7460224616337855,-0.14326668367276466,-0.6079507345802969,0.471916713206587,0.9385277486387871,-0.15299511589158862
421,1.7876943292406475,-1.627421969617987,-0.4886940475547351,-1.9502791834280953,-0.12601266065226657,0.18526693183530998,-2.7062848257225443,-0.44291908564936766,-1.4489181772801458,-0.4746089149156414
422,1.6884123074157715,-1.6599268435791328,1.3843612555220357,-1.5143899313650426,1.8105485019050442,0.13090807975218852,-1.3848211489577114,-0.5914357477815521,-1.1777634816632583,-1.1310471136488809
423,1.8101331499420865,-1.579419429486176,-0.031474607360683284,-2.2138770034866386,2.3830604498642893,-1.2386655869798888,-4.306304575049653,-0.46923938462549064,-1.5879860838481392,0.06108593216162134
424,1.0940002760295757,-0.16553961348644797,-1.2434086181955604,-0.4879255599480514,-0.7907669011308732,0.8658255407256801,-0.6581511970269363,1.9536882407042901,-1.340394408326473,0.2586193616391965
425,-0.43686196079587053,0.3502366906459033,-0.4141860889062695,0.46875893147324227,-0.6766435635300057,0.1091207412738753,0.594375655223196,-0.3859405236197048,0.2860079082057383,0.7430287379314167
426,0.2848781894363091,0.12382607733492955,-0.34111917723879387,-0.48302661304503386,-0.0816645376848532,-0.09091865427138507,0.0901156907702868,0.2226718614041341,0.020544478492552757,0.5616298189941817
427,0.1247954943054244,0.33070919748496247,-0.44366151672667925,-0.13150870336122397,-0.6520023019969692,-0.15301231855544242,0.23193071372140892,-0.5013644556405613,0.15524527866980395,0.20167201591121847
428,-1.0898685788827287,0.4998303176357408,0.3838563233940867,0.8287211941458138,0.16695328989797065,-0.06465323345465056,0.8343599966613583,-0.11025904882165646,-0.9442851900285486,0.7799867628320353
429,-0.6480857969116149,0.6541133676586938,-0.4129366741327266,0.29983133875959156,-0.3204380338250034,-0.5081302568084123,0.7300043517201793,-0.30999499572470635,-0.5111551132297328,1.0023058528985207
430,0.6515186913136346,-1.3023379491957545,0.4064777148554941,-1.640516697321402,0.7031490829760813,0.03141025155764032,-1.7919900884268287,-0.43426451003428257,-1.285403321148728,-0.07621728588584607
431,1.1643599245785057,-0.30697097171662535,-0.3173493941979198,-1.120975779328699,-0.7898259558433737,-0.6235958233700736,0.16912312214914946,-0.6519258539081361,-0.6834689104019238,0.741324422508631
432,-1.2431460226037967,-0.8575759725970777,0.31711942234393437,1.3903722367656661,-0.06505394169545205,-0.17711836566468533,0.6325536289984254,-0.1672005801137517,-0.1710997850115975,0.13752840135236233
433,-0.6322817668038928,1.21166253661431,-0.5010926672252748,0.2222286179637563,-0.7206259604067466,-0.04609087689357192,0.6373822626416558,1.2873626349625866,0.18320025536651127,0.9173204709285055
434,-0.7170351825452393,1.1139808490418364,2.3073751827156546,-0.6745349732972037,-0.7832718884292915,4.572232195076903,0.15085745491105798,-0.49444709738841003,-1.673792254855981,1.2588638692140044
435,-0.2534002812733016,0.05878612726265144,-0.10586603439953793,0.21634699625918652,-0.4718346671716386,-0.2654799065820859,0.28788666912606725,-0.31977864375477577,0.2949654118691242,0.2644878770672474
436,1.2785444764715694,-0.25017715380933053,-0.533536090200077,-0.9816407506946653,-0.7640975560299474,-0.4255959159036355,-1.0526896093697111,-0.5783299071961548,-0.023528666683164605,0.7512771041760422
437,-0.042979670761348204,0.2164356910426398,-0.5321743644354429,-0.6734686337923516,-0.6744308451798706,-0.9482109861580295,-0.03261159983710363,-0.09595197128939602,0.015972762798499997,-0.07728364463592557
438,-1.1830874853563749,0.8019836415770921,-0.33672379181048634,0.05057589000235795,-0.5614482459010752,-1.0255518798219925,0.9503658901212515,0.290944544070771,0.4472672518646358,0.7214190591738091
439,-0.6955134340737921,1.4000675128530224,-0.0666933298301503,0.671942238894353,-0.7758050226218228,-0.5452796897701959,0.8337493777642462,-0.14604781421559795,0.9305324680853495,1.0912735521046963
440,-1.088896286045265,-0.8379572721438439,0.06333346206251268,1.2051541947507933,0.12519115152152036,0.3629563694309256,0.685921013589507,-0.10306732112048507,-0.4997786517319889,0.05708574475538192
441,-1.2514313968759945,-1.4882086259832623,-0.3395344149211959,1.7055348015331229,-0.7907919680629855,-0.7883851720636529,1.1176442160342885,1.3596736764361126,-1.4012261967493598,0.24369033913807997
442,0.15407600089705106,0.13152155745072747,0.09233473204299726,-0.4442056402491076,-0.7300476830218635,-0.9670724176350047,0.4216136316533731,-0.5304856378984041,-0.6182182480067021,1.1991477792095384
443,-0.3249121497088712,0.2631554301571572,-0.19597020310129884,0.20343009727319306,-0.6464866589724729,-0.2035611359819439,0.5726393936994149,-0.16200282582943648,-0.10725491599173065,0.7914256703260302
444,-0.8375439548802422,-0.40034648004388684,-0.5082251440955199,0.9799286063345329,-0.7844733361464821,-0.3779351154057204,0.990088934207778,-0.2264595036897078,0.17513459954607657,0.7411960008096972
445,-1.0525344947738446,-0.8698038002470214,-0.18742592393896454,1.1390272580944034,-0.7862488894487252,0.16722197517450643,0.8150959244212929,0.036634197462439594,-0.4101199879913858,0.35135239126207424
446,0.2440822736807562,-2.5896030232568537,4.409862152890333,-0.010205461774222912,2.196662553083594,-0.7841436061334245,-0.07368606627788753,-0.3051412006864876,-2.1547887516389843,0.43279129081888884
447,-0.15810426509343958,-0.8376928678863053,-0.14318481775119177,-0.1777223201793524,-0.13815214063250347,-0.3528988278569015,-0.286749493639457,-0.4616100101486804,-0.07459645453967774,-0.038112733216328645
448,-1.1649946140957903,-0.15712289216478312,-0.31599417891927245,1.1923371975468526,-0.10880698877563072,0.3854992640970799,0.8502099110511921,-0.19685204945981105,0.4329765431394682,0.3243261442881813
449,-0.9142280564119181,-0.1562485485064099,-0.04510551762703205,0.8237607211919195,-0.5089564425870687,-0.18478718420937287,0.638850362519297,-0.3941010594728944,0.14228414025492897,0.35514878738413735
450,0.8648839593791352,0.26428632658466195,-1.192566453710761,1.158502635543894,-0.7907634403977084,-1.0093075847700517,0.6980513105564315,-0.1365471088753655,1.8187700987920443,-0.4878317634166303
451,0.39067464701454774,0.041707857128341894,-0.11619096097683007,-0.5103286795325688,-0.6746378808419926,0.03169416857432039,-0.2001986003295043,-0.4435887886017616,0.00903442970018699,0.11167206805824087
452,0.5079626258237948,-1.655003552452406,-0.48275836512396775,-1.0845768860540048,1.5993212502095766,-0.5991376249738071,-1.1797098628304337,-0.5277524036609793,-1.506070572133113,0.025193564375172547
453,0.3355960810667705,-0.17695666073356922,-0.36400946164789433,-0.30059945535631133,-0.6979667646230174,0.3035370041843874,0.14471728602940742,-0.35012191684874355,0.14774566797773564,0.22100446872463916
454,-0.8732554612694585,0.11310410428390473,-0.3851391192964536,0.8302565641858893,-0.5771288974232023,0.16540374443810008,0.9029580518980511,-0.269393009064762,0.10178059245602489,0.5780308394416259
455,0.08653955581317033,0.08323696114975068,-0.09510263103065074,0.018945757542425144,-0.7670384888444157,0.544186592536347,0.12916239324425638,0.014328873019715003,0.22639617551282928,0.7725684681608662
456,0.7640102226968591,-0.21034772306915078,-0.20266974893239673,0.22332288978843046,-0.7907765911837344,0.37362340065186556,-0.4717792982786143,-0.23347835576431508,1.2451424401403826,-0.20418033589541615
457,-0.08574488476510547,-0.5323141422161849,1.0863728133696626,-0.03210731353281436,0.605126644799364,1.3533961228650426,-0.4051139556679587,-0.4671874033228459,-0.5837457212940874,-0.4071084060355933
458,1.0986920777357283,0.4103275726319883,0.16003799362897972,-1.2055720467136473,-0.7907792849436033,-0.9020952374272404,-0.5513203285290226,-0.6069121979454605,-0.5215811910416271,0.18397424913361382
459,0.6494256127778695,0.1837652756180307,-0.16422389359409467,-0.5599747580700509,-0.7745974544315181,-0.33423167925972846,0.11559163653200356,-0.6314974336370206,-0.5881401510147842,0.38731586319393096
460,0.5667424174399505,-0.3951035162184182,-0.02114249628871449,-0.49169329286519653,-0.778479341295012,-0.2926675999324435,-0.11554982925676663,-0.19024007323112727,-0.05541444801682242,0.522824780364085
461,1.5836383928229911,-0.27655069578593716,-0.7353124091587083,-1.3027895469046773,-0.09871664753310597,0.10028752602787465,-0.7015600216144047,0.3307783828823767,0.3966159508127176,-0.7062527773068397
462,1.4328741587245464,-0.9720161053615624,-0.4384886652030751,-1.189704012795493,-0.29460746954006006,0.1634901367340158,-0.4739429793942433,-0.1981429970248292,-0.601771238816338,-1.7946948113728192
463,0.49970539325027585,-1.2956997107390582,0.24639597364337448,0.5922763584673248,-0.7862649549501648,-1.011473490776977,0.8484714087466066,-0.4807773061604812,-1.857154875764072,0.6019868791648768
464,1.1807986075933952,0.5347945436950514,0.20335698647909778,-0.45273635628792597,-0.7899284683717136,-0.5005904113934312,-0.22952377171970084,-0.5929317296441697,0.5662051681293434,0.9154963516883241
465,1.3442297003577024,1.0874278952150496,-1.221150807734246,0.5112345560985502,-0.790773186570567,-1.3699309349231434,0.42207932855179464,4.019069424414985,-0.4596343596537586,-1.1297797309646413
466,-0.9947898435494597,0.7422394954668227,0.005908071388679131,1.3728368760192065,-0.7907919680629855,-0.7342375218905159,1.1133598045688096,-0.44473876565048714,1.4582395401146497,0.18397424913361382
467,1.5625601441204777,0.15592673381091926,1.716955963712946,-0.7684331176532578,0.25187825805189645,0.42162350766336454,0.014527076750745063,0.2979553749607244,0.8232968618687335,-1.9065356658442163
468,1.4601563008472174,-0.5474457696982795,-0.5819546205645041,-0.9456517924059002,1.5171290321556066,2.439830046696053,-0.6902668193843348,-0.08474170689224904,1.0448993076790973,-2.0553791260338667
469,1.5718723546185012,0.06271895813930657,2.1897024441932573,-0.7002308996401142,0.05168828787663452,0.36043568645881463,-0.055150745941120224,0.24474518153409053,0.79881548469345,-1.6969668967158928
470,-0.06462346546740369,0.8844082294150026,-1.2355658389746245,0.11993261088785523,-0.6933253461264787,0.16874461249064354,0.3375089197000016,1.01432461108991,0.9225894046526518,0.18971925505133128
471,1.7970754502181865,-2.586419127404475,-0.5639432205802736,-2.1698431139237124,-0.4013932931443286,-0.7866203597617142,-3.561491940546526,-0.39190065006239944,-2.032808557655006,0.08223572542230036
472,1.6516295973274635,-1.1151304049412742,1.2131839177668444,-1.3246436627013076,0.3919239835857134,-0.9185501066742998,-1.2998090813121392,-0.4046614231867869,-1.3489568370205294,-2.1374887497900077
473,1.8499016620207918,-1.6298243797261247,0.032439930903685285,-2.3556120937668177,2.6724354187973995,-1.0721188589708903,-4.368761990730413,-0.4621366817587602,-2.0504289896942214,1.0199995091961398
474,-0.5091114856955442,-0.3104119689478058,0.2536246480883097,0.17031493518646745,-0.7384169763251326,0.25917300416527883,0.5765907129149404,-0.4395967740044777,-0.6733643613241135,0.6142688336527516
475,-1.0663085408902424,0.43509330841274113,-0.43680611437429967,1.1269225809771146,-0.7907661125729629,-0.911133729802295,1.1468971458228325,-0.12010512222359132,0.08995792841941007,0.6272513787821512
476,0.9900087081946854,-0.815375614256756,-0.2513831060833371,-1.1583560761557186,0.9308290234623469,-0.3922503897367192,-0.88775888077141,-0.3878696731171206,-0.9815529496656916,-0.5937210177671569
477,0.8073122874424409,-0.3591553809476228,-0.29179173663341335,-0.5927299637289783,-0.24557861864326938,-0.19008648312757528,-0.3350477066154789,-0.3331897558695375,0.23498188227382175,-0.11823334037214767
478,1.7571082504991113,-1.421826241416296,1.065629212901428,-2.1038564456012225,1.1621839368067886,1.453327545104216,-2.447544959522072,-0.580193969636327,-1.1385716316647974,-0.11460620088871692
479,-1.209024390761546,-0.5882531552110983,0.20225771887417107,1.420365151092623,-0.7860803896410599,0.8220432978714016,1.0632242070473077,-0.10237263080554351,-0.49007680250722524,1.0285303791967777
480,-0.46436106552043066,0.5088835789233259,-0.7463175905316259,0.7283351470960414,-0.5137924498561316,0.4276369153636283,0.6485860258057297,0.42279115479209517,1.3614394435217017,0.2838986368746177
481,-0.3334165466794376,-0.10730577307753685,-0.2613473123532544,0.36720572364007364,-0.5722997081317684,-0.11345364998743233,0.26360167372425297,-0.3220452091710445,0.6545956517627667,0.29609916702098354
482,1.161129327782799,0.4905558908427027,-0.6440296780864607,-0.6313743591228637,-0.29841226065006704,0.2587180170630494,-0.11348154032183076,-0.38901741114463523,1.2999593126998814,-1.4312630464733005
483,1.7244890576849097,-2.170050547463964,2.2602436596174837,-1.8266081743396254,2.592442152852632,-0.9649065116280792,-1.8478071881090727,-0.5840996242728791,-2.1355262369264705,0.499616439157221
484,1.656234513816835,0.5065820302540899,-0.6351094735205685,-1.316471355218287,-0.7860086175093177,-0.7185347033403061,-0.1667478298124696,-0.22509007478354048,-0.6244129311454888,0.16904522663249727
485,1.7656391492424743,-2.384595337547499,0.1926052593102728,-1.8716889686440947,1.2997746506921213,-0.079612072854227,-2.3808629614172143,-0.4847454301234724,-1.8479069046019032,-0.002855815261236849
486,1.4552690074033088,-1.3122953068808,-0.7244999679438867,-1.284694437973688,2.194791886508048,-0.3173006155573627,-1.769769693559283,-0.4894762642146177,-0.24405938642397634,0.2138322941358469
487,0.567684386859417,0.2384709548086182,-0.4057178972186182,-0.40771313274971815,-0.4665269074669534,-0.5985074121231863,0.11494704963276993,-0.3534687454316905,-0.44972286663169936,1.0399048725309625
488,1.5484610225165163,-1.5030743393321402,0.5487415356139315,-1.8259722266992355,1.6689877391488819,-0.4341842035192953,-2.30572853071002,-0.45006259571765195,-1.2623133018960784,-0.01780009428697664
489,0.2572719356854212,-0.19198802956689118,-0.014927339297365666,-0.3497337511860251,-0.26945047125102783,-0.48345706102100766,-0.015012587950727067,-0.5319360845803988,-0.41935410294858466,0.6614180291364802
490,-0.4152234127789451,-0.16482641794992287,0.15998422288370417,0.110441594195979,0.43354082237742264,-0.1912952738570465,0.06970682117089416,-0.465473365415282,-0.15333176881112115,0.4293953814624774
491,-0.8513448856486618,0.5380594289490802,0.26529002113931266,1.1474140986012809,0.1507827455535848,-0.5674486031088428,0.6860728558240895,-0.15266576644626656,0.7160436214628233,0.175973073675499
492,-0.3416910460530496,1.1571293990103653,-0.43998777549832196,0.1785366305846337,-0.7709539605759693,-0.5772093363884188,0.634530253611726,0.5084184954241836,0.5364706890631664,1.7067345442475006
493,0.7387876955863264,0.11184000334874536,-0.389638768280631,-0.5776141125441893,-0.7549019145212502,-0.4529800085173673,0.5210139405071739,-0.49743361983330525,-0.535820429639434,0.5126389414688008
494,0.5747037276631345,-0.01727494398132068,-0.3710891064315619,-0.5103211126828486,-0.6275039722965073,-0.059703106691329354,-0.13492635095572383,-0.27316839717612135,0.07965815349253716,0.059968515164676994
495,0.06376403116662482,0.8170303154122732,-0.8129532357885585,0.13247076397501434,-0.6497522484833081,-0.15716796477867215,0.26910721135826904,-0.41259404445996456,1.21937255828303,0.08444743245950372
496,-1.0109620930470915,-0.726470763077318,-0.8662400788462189,0.8311364075542391,-0.7788149754286119,0.15107655844027268,0.8110138548835629,0.437377004648735,-0.8734391933247202,0.14913986329767467
497,1.0942874154090967,0.830941625646881,0.005239181473396782,-0.029927040263697326,-0.7472072293498242,-0.9276549069664093,0.04489186121184276,0.006425538840157794,1.763324924145919,-1.0288425075301761
498,0.3401841352410955,0.7710051954458421,0.2359142513658412,0.6249774366161283,-0.7906661096157828,-0.6901974330830318,-0.0009597339743821152,0.2768605167450254,0.9279746634344956,0.48255469915594457
499,-0.6881344660022917,0.5497305802226194,-0.17036079097460696,0.5549544757974952,-0.7904458947465095,0.07716501595394079,0.5103754604925287,1.787165329382249,-0.5500767334800468,1.214076801710655
500,-0.7563212021647552,0.051862695970367974,-0.3537122122518351,0.29028901069315444,-0.7907655542509388,-0.4303609091188715,0.7637890847376239,-0.35700356013305334,-0.5805545745228781,1.1036020352023923
501,1.3692526427905154,0.7621542108369127,-0.6880833794060657,-1.1010707752381226,-0.7907919680629855,-1.0602063759328002,-0.7749479791510724,-0.667183550177692,1.26992117269553,0.5422707891604107
502,0.6392974810842657,0.16392099251474576,-0.18429798269256348,-0.4277973454662495,-0.3530884324490363,-0.17721931668963856,-0.23146411247238638,-0.2295611014926228,0.7818237956629664,-0.7407729961412428
503,-0.6669672910896984,1.0339292045038082,-0.4499905791747274,0.4095735980084093,-0.37212331519618064,0.02273628678614564,0.7514186316629686,1.1369180861907946,0.06900966163832575,1.1618888953922593
504,-1.194161054311549,-1.2584026450397665,-0.38431552271632596,1.4156563312473862,-0.5601605987531304,0.31485916193433755,0.518019788839953,-0.21251340659151566,0.06602350823280845,-0.05135137962472701
505,-1.0971363568122707,1.294410628901687,0.9319924274130769,0.6837328561736498,0.25164263364123723,-0.3878332300746892,0.23879124016875378,-0.20774206426229053,0.6160391062090149,0.3122058635691302
506,-0.7347322352414732,-0.042567831376929655,-0.4208482456467558,0.5006793068544116,-0.31843779651493215,0.05922341394104166,0.514415429084257,-0.08345703610721894,0.09601346944461782,0.6140907211383813
507,-0.35924620410356967,-0.9173201187073483,-0.08518887278042703,0.3715440809628995,-0.528898647486579,-0.6129467855026893,0.647942324286268,-0.5590679286477097,-0.7098995584607475,0.8707092841849745
508,-1.1316766496036132,-0.8337958409632527,-0.7038880035142607,1.2859704382305208,-0.5397752925730908,0.055090162756555386,0.7759230534018385,-0.046718948920120185,0.5276244697569403,0.06557743967176771
509,-0.6759987346665166,1.1048902455851566,-0.22279475686977535,0.3282384631039144,-0.6841160167932809,0.005590254866829474,0.5863845286753978,1.6376347926316892,0.24516867912692025,0.9105165835437206
510,0.2994543084958844,0.16966052071290208,-0.4368785007229759,-0.2485561799500721,-0.7501425114176327,0.2722297288342818,-0.002008737216299414,-0.46194650291023975,1.014186896378298,-0.4574496614384883
511,-1.0085142555615143,-0.7152226368034704,-0.9537459647697601,1.287845668076905,0.1325513986909656,0.9082010906574713,0.7370629122175416,-0.02571593959303396,0.41514667262648147,-0.351258853869379
512,-0.6643892873855772,1.5365322403049715,0.011767855261308939,0.21596244609354961,-0.7560908538960741,-0.3029473325744053,0.4917855204833857,1.154174770267582,0.5085848381938796,0.250576937007351
513,0.27165229165858246,0.905299371824471,-0.1147026327481449,0.17709291085490292,-0.6332174658285739,-0.3879189134207491,0.4023793984094483,-0.419844083662774,1.440289679166522,0.5252994898420809
514,0.7989380798426602,0.9657268568422773,-0.22439396365276815,-0.0773848505799178,-0.7830097456865053,1.1464908607897735,0.15054699031211022,-0.27863009042626247,0.4538749138793421,1.0598102358657835
515,0.8269514534639398,-0.9071968050608851,-0.30844345768260606,-0.5593509187821584,-0.25513049747132754,-0.08549944767981417,-0.39668143979996456,0.9615551286078398,-0.7486557487890487,-0.4002934042055378
516,0.7638681033065536,0.9429118634797974,-1.0901473509108714,-0.9823452964389429,-0.7762988698620032,0.4084508684229482,-0.2223555876508527,0.6497842074461831,0.7832314671230702,0.15665176827045885
517,0.39056205686174145,1.0417614027852677,-1.1315283656523007,-0.38221285379231584,-0.6884919240449825,-0.03625692782242139,0.0992338000365396,0.6391599857698649,0.9208346943867727,0.2465081011087758
518,0.3876234636033024,0.7599414646846799,1.996845355033485,-0.7712164217371456,-0.7907913008585736,-0.9304325076845157,-0.7174809818858475,4.4407617719916965,0.39688382900250335,-0.5525241942548021
519,-1.020141212101703,0.7369289047014651,0.5154201534736085,0.7765398249058018,-0.7785878515641195,-0.7588205550691213,0.48541410673713165,-0.24242585547714118,0.8139924936808164,0.8169648031809551
520,0.32481240268827144,0.2901754565657791,0.4740243946455498,-0.009139122269370732,-0.5300822581364806,-0.6863709991374628,0.19189673536396207,-0.30156496237534225,0.5546968234537304,0.5416072770492503
521,-0.4698680779845125,-0.14809502158419263,0.8867918781241271,0.27576920817918854,-0.6275982768795829,-0.6352953256508156,0.22920613769908685,-0.4328935754239397,0.5339167407515607,0.652137918261611
522,-0.3478086914535278,0.9846938603301343,-0.3780714006525799,0.03906176695326106,-0.7846697331122203,-0.7215559637112302,0.5337141420220857,-0.2671653098113236,1.8132956326599428,0.6557969822458242
523,-1.062798030591439,0.4523697495244012,-0.7003472762375077,0.08469875415763196,2.631280754135392,0.413692661779987,0.48218527490807495,-0.4832627227473774,-1.1881290967750926,1.0996209625354287
524,1.8220228402885819,-0.7413907652124775,-0.5224200099495612,-2.0334904016375495,2.6927506770670946,-0.9581786006983547,-2.216573696263173,-0.45491456544466413,-1.1328497794129322,-0.16739868625498405
525,0.711774830368363,0.518752134091368,-0.8183547039622229,0.22261199678519566,0.27370663151597924,0.579745455644273,0.24977147613580547,-0.017247112704350684,0.2102173770870587,-2.3241015310539646
526,-0.7192226047629079,0.3760300072723889,0.35310455557967363,0.24820414490165082,2.3818585440626245,0.8035557430265741,0.04927343813536107,-0.5205439715508196,-1.6904766014431138,-0.8013412359400777
527,0.699320051755906,1.3658190204927672,-0.5927724817432007,-0.5228481787319644,0.16608503839382513,-0.6365010133280049,0.4622689708855782,0.38438067388439795,1.6329296046284385,-0.644586499678354
528,0.0633025165833615,0.8459099227671075,-0.3243596665286945,-0.1796553888383957,-0.7886279688505297,0.016518758636050304,0.41953185181375907,0.23821177867581306,0.12667154705075084,0.7536647672164506
529,0.33292240153414704,1.2004051880773452,-0.9414956546505291,-0.6951419543757451,0.8775128655022381,0.006568930651689719,-0.10034096096245423,0.8360788003887887,0.11311378810627695,1.0760737127360434
530,-0.9356122616413004,-0.2826908169263222,0.17058229359451926,0.6812459316603864,-0.4409094418069249,-0.725301626961178,0.7854760946007789,-0.04827074796820807,-1.54965583806367,0.932026155156927
531,-0.49672739819529427,0.26913409428483714,-0.0146560854107453,0.33842037647165263,0.3560314871691183,0.024754473196699097,0.56220835865148,-0.2514929610595327,-0.21975189801818534,0.6993284080495075
532,1.213306090843165,-0.05577159900607121,-0.086784376877108,-1.279545541507401,-0.7874971149206221,-0.4651237005300253,-0.37514053904329914,-0.5747793120720185,-0.3668911035187785,0.5678633991623249
533,1.6163541993145405,-0.9837025032743144,-0.10342094111700334,-0.4868592204431995,2.59137320052375,-1.1370960391786546,-1.44126710141269,-0.49320438909496195,-1.4656509013927428,-2.3838176210584305
534,1.8055902014626861,-1.4755775333642704,-0.23575473941991834,-2.0261416224875877,2.531304018264558,-1.1335764419174008,-3.2971572065924466,-0.5178859565898345,-1.3388526205230415,0.7512771041760422
535,1.8118459370708893,-1.5210310272413738,-0.2459109624253368,-2.2117060231219843,2.7705414880926877,-1.2876265066599755,-4.028389302084053,-0.49099512990661076,-1.9043721272441583,0.8707092841849745
536,-1.2469898245941702,0.8152601184904862,-0.36593947940865124,0.9633625061559244,-0.7907919680629855,1.4100094249657051,1.1023693577660603,-0.6410866760152825,-1.4557394083706838,2.303895444292162
537,-0.13212390317824368,-0.8509377341403811,0.3077013694641892,0.4984384820403226,-0.7907741593171863,-0.27939726043616686,0.5176403321079058,0.05234455172874141,-1.6093675502125977,1.9754569492675982
538,-0.8108712166682869,1.4193398180498833,-0.20679058732779793,0.6733181608361,-0.7907919680629855,-0.4851583310940862,0.9894844295886654,-0.5752231364625346,-0.2762717387456674,1.9754569492675982
539,0.40453608542529546,0.11065365912275349,-0.02141433344874195,-0.4092789201594072,-0.7906537916121434,-0.5272324436798997,0.29479552991304975,-0.6305268419524966,-0.4098608748237527,0.4920480262848599
540,-0.06331081148800885,-1.222679087715395,0.680880268050803,0.5325613461955961,-0.7907919680629855,-1.4728114702521038,0.2620658742541347,-0.5478835540066771,-0.6975101921831738,-0.29375447090211537
541,1.5246034103942276,-0.9446106545848791,1.3762934667933617,-1.739774963637831,0.681214775049801,-0.9998016639618795,-1.6065377562525298,-0.5641768405207751,-1.4232517367983795,-0.4065515297994401
542,1.2472657984305537,0.8816425030574531,-0.2817792798718038,-1.088274701179895,-0.7907875532898673,-1.1901607363483289,-0.0972658525679678,-0.5839220945166711,0.5810724076624318,1.079715599200606
543,0.17180058512029311,0.33509420345609275,-0.08551378503852597,-0.4523809097863088,-0.7907843108011362,-0.6794581491320261,0.30110679757181164,-0.6580703560257398,-0.7454157417897921,0.880661965852385
544,1.6163541993145405,-0.9837025032743144,-0.10342094111700334,-0.4868592204431995,2.59137320052375,-1.1370960391786546,-1.44126710141269,-0.49320438909496195,-1.4656509013927428,-2.3838176210584305
545,1.5569247110366102,-2.228372213904942,0.07127619121726757,-1.4828203179752448,1.519481252736029,0.5539350757284115,-0.6742643097123237,-0.5665241784083982,-0.9180409119239855,0.004825979120215374
546,0.5672430508453318,-1.4739168890706087,-0.10166072779335707,-0.66577844418677,1.8068596544239874,-0.0014605572533468625,-0.4933602404301737,-0.4699584339586983,-0.9614765725206554,0.05400393559448144
547,-0.9292147153132851,1.3347614913662358,0.47429117611415755,0.19629127837959603,-0.749196074171994,1.0536690638560924,0.5025985312022327,2.1877234213953205,0.37778329833953816,0.278427593187692
548,1.5427228177108836,-1.7397838840130906,-0.1059078741346986,-1.7203425192952981,0.5801305785034574,-0.3243752870962371,-2.301759578702498,-0.332930561276612,-1.5463763880981447,0.02879946935963935
549,0.9570515915592189,0.13458635644697445,-0.812492249278844,-0.3603775894106588,0.3254969927712016,-0.241994497965923,-0.29342485435460375,-0.20336598951282703,1.0499464529360867,-1.3848678351426378
550,-0.7541525471539116,-0.7602151418988594,0.4424827227086458,0.30934094317984906,0.1301995426307108,0.09783136910335455,-0.04672221585927683,-0.5420842486372536,-0.4984543739901566,0.024731342455037567
551,1.641377141747353,-0.7115347265497506,-1.1273119210943536,-0.58922781290902,-0.79065316460308,-0.625942221544242,0.7892347632673798,-0.6907950077532053,-1.0493681944662665,-2.0255210810316338
552,0.22184646998591848,-0.5444723920562178,0.3132944390128184,-0.6492982716823664,-0.7906207958357677,-0.7271983273680092,0.06546416697048495,-0.6097082916057186,-0.6256518677732458,-0.21910935839653267
553,-0.574226505833509,-0.3072743949592935,-0.04508008736463524,0.36119919972327014,-0.782609585700498,-0.04429173686845939,0.6456623548956169,-0.4149911355913376,-0.3777439079998819,0.43203836054001604
554,-1.2382943520987677,0.9878543183645994,-0.44675017696769825,1.5093283326403006,-0.7907743837971754,-1.3601843578919788,1.1884301445943708,0.16915913131286,0.12018798213669041,0.6019868791648768
555,-1.1685475918690087,-0.5105436177219899,-0.4335523408361017,1.4522199280470984,-0.7907840447507788,-0.10203362409126926,1.1162160788791289,-0.32461029728384105,-0.3082087718167467,0.6517502875019325
556,-1.2057483662857904,0.7201120339444999,-0.39356846812038215,1.0308973414632363,-0.7881106793047036,0.18194071903896092,0.6547414990032234,-0.347393282663722,0.5562936751072844,0.0944001141269146
557,-0.8599340677103867,1.0885662301800314,-0.04422418769533974,0.951366581666893,-0.6645828763344482,0.18705787252717448,0.9291440479641127,0.8058387479346788,0.5541191118928614,0.7142973625140173
558,-0.4117120411884779,-0.18970524888550785,-0.027211443671098793,0.021582545131694338,-0.7681367663671453,-0.36365976875078626,0.5000992192196224,-0.613779555308213,-0.4599830835508843,0.6395107235702833
559,-0.8073353632353505,-0.425090749677119,-0.19119470714508685,0.9493523691032538,-0.7017292640140985,0.2381974284390757,0.6928357741741549,-0.11171072463125936,-0.31039059171993466,0.01744163220310247
560,-1.1064597813683792,-0.736438178699419,-0.05995769971167865,1.1388522604017501,-0.5872701989970558,0.8653070359543249,0.8911750805064513,0.29208557623111775,-0.791842076149937,0.22201158888797395
561,-0.3727796003384277,-0.36536681608323796,0.1341212813517821,0.05223601380116482,-0.7498487256222046,0.12481359106427665,0.4795472825673396,-0.41731136820762127,-0.6666082488916059,0.41931617099689394
562,-0.7061309240730531,0.02566623576427087,-0.01162244065752763,0.45930357904425323,-0.7380316972771855,-0.16516377809363153,0.7244746815602234,-0.4532645614571133,-0.36101918592919213,0.7927605558149354
563,-1.139303375289867,-0.8202997104940886,-0.07219604000534048,0.8583690779858518,-0.692481446103012,-0.5312254857798476,0.059308609249039974,-0.4162520678468325,-0.2469184709495703,-0.38562537860129414
564,-0.9601609907847487,0.15787772555251395,-0.45443041267125733,1.0335942391095012,-0.7761369202764753,-0.06153964753403365,0.9569339466462471,-0.19633922432565776,0.5157430670782016,0.3892355234585834
565,1.098830913428331,-1.2791528780021384,-0.06345443934685045,-1.3989629296863766,0.6990564294701305,-0.14594249361392106,-0.9170221570602202,-0.5560217455229504,-1.3016517033666493,-0.024569116303337295
566,-1.1011720819158246,-0.24585492121421684,-0.3474999834226482,1.1279698553310005,-0.766599946888372,-0.11575620989543534,1.014185666267396,-0.213699304061661,-0.030031698108438094,0.5011748697564479
567,-0.7017340442310502,1.3342597284965554,0.246689099092483,0.7921172678391858,-0.5075114490339137,-0.3269321288319095,0.6982111998248898,1.3344596429571725,0.3673455149023868,0.4378920401734379
568,0.06976432423749326,-0.22710602113385098,0.5087289680267532,-0.6689931441646334,-0.7590172271621836,-0.5603744603480709,0.11599684610509521,-0.6414613160155139,-1.3615686855454736,0.4539407393621384
569,1.5512828520582032,0.14453639182341885,-0.6271290119506626,-1.6813977791708652,2.102338925390766,-0.7062078276064784,-1.502922361904816,-0.4736134018526241,-0.38077455517882036,0.5286599692604459
570,1.3755083783987183,-1.1562967031484284,-0.9457625741461911,-1.2503583059174441,-0.7907919680629855,-0.6909194017520064,-0.9848841409595274,-0.3652054348698106,0.12018798213669041,0.004825979120215374
571,-0.38634396551310324,1.1666442074649628,0.9026633502307827,0.3458452988959594,-0.7103116081565488,0.8287344003570812,0.2592204662047786,0.14102214436870628,1.8749352259170449,0.3257999628942209
572,0.023030884734656202,0.8663464772835123,0.15278951187461393,0.3263279758767396,-0.3086318722962038,-0.3255228741881304,0.30618148388758903,0.06358195930572726,1.6413060025975361,-0.15595793330734165
573,-0.5843093253911956,1.0697259259971916,-0.10928873322532716,0.7166826340334267,-0.7907919680629855,0.24854232875191923,1.0076776550870026,1.3598807944850209,-0.32046047846901426,1.1294790075376617
574,-0.7557786908711772,0.17024461511479233,0.379101938832713,0.7693835020065714,0.2363153904988031,0.30861613841622704,0.5845454531811418,-0.2323046868205036,-0.06040768030274182,-0.610581503981366
575,-1.226783798579674,1.3795103873097039,-0.6540811795178578,1.752453739746624,0.9489279471945721,1.1284416440653942,1.3046680904404009,-0.07689711078985809,0.3134620960668403,2.214321309285463
576,-0.6576056942673092,0.19790394201769507,1.0232268424379791,0.10176018623526825,-0.7906759867353016,0.5219879621262606,0.04560995586777735,-0.7280762565566474,-0.5438820503412598,0.8408512391827414
577,-0.3339294655163002,0.7270663789943728,0.19372622487753755,0.8451511553322986,-0.7073056153296386,-0.291309743474256,0.476339670030745,0.0008609224287491949,1.0667355657433213,-0.20844577089573504
578,1.1143503395839613,-0.5336577523196088,1.760016131482497,-0.8715163108678394,-0.33664461962838665,1.0006207145295367,-0.13728810376191553,-0.4106319776716599,0.061664971454463056,-1.217383055959713
579,0.7342954785578943,0.25100984967126855,-0.8949494668552056,-0.9503614585523311,-0.7907348503768787,0.06353785732703407,-0.47770917211851627,-0.5379418876590925,0.5860281541734608,0.22378497580325735
580,-0.21032059828078312,-0.2955384499300917,-0.5181815645720846,0.4145531076586088,-0.7904605545369066,-0.7134809226574809,0.3125163715831409,-0.19806116940104498,1.1584168761973663,1.0299521908635512
581,-0.611035218072908,1.524814051306288,0.05081112156215721,1.4060118828368333,-0.11881515312116697,0.11407566415529564,1.1510709045209937,0.2924634097627629,1.8662626695227438,0.8010405125130979
582,1.1943886223109317,-0.07256773570279419,0.1448429932890103,-0.6607770315256382,0.07285352415076472,0.3986937855733152,-0.17651118504261135,0.12469683199277766,0.8093738422181588,-1.3833014180205205
583,-0.7873577633361165,0.2844868429185142,-0.04195773082975892,0.42398753378587845,-0.618271419111953,-0.19555379588581123,0.09999525045423607,-0.47860317270782976,0.8355429171952883,0.005867640953315874
584,0.5539473574611014,0.012118997484296137,-0.13282326069803238,-0.7088981245770691,-0.7660544281582086,-0.01557484299758072,-0.20666058523218409,-0.626804736444833,-0.5682952563840981,0.06723662704094814
585,0.652717763813268,0.8337475064088867,-0.6319847319801787,-0.5148312732471779,-0.542863359354709,-0.25243402053119207,0.0856167481904804,-0.2880079034446815,1.3273459459461707,-1.0589290387997745
586,0.4262423388713544,0.37885025991968785,-0.7858255984939505,-0.49279290779750873,-0.7549217468093496,-0.2344220473147108,-0.2119381489357295,-0.5255883140187406,0.8032835812875166,-0.3045936102069748
587,1.547541107624305,-1.4328899721774568,-1.121014434725997,-1.0385121909534543,-0.7876716213883121,-1.002809866749275,-0.28025368718775934,-0.5934495247664401,-0.33574069687802177,-2.105142534370922
588,0.4625862726456431,0.5143965179811842,-0.2472375708488244,-0.5048605279019553,-0.04575113707917704,-0.4442113080578955,-0.020380438455506408,0.3249162644716619,0.5983044946534147,-0.9294689167742217
589,-0.8921887046358472,-0.2271408858316278,0.42670834578778916,0.4925355312098908,-0.10579249513592896,-0.6266835286597078,0.8884010369787715,-0.19849019964521272,-1.2312470412701622,0.5241426904090548
590,1.7352131758704,-0.9969789801877078,-0.9089920161564574,-1.3271347502668096,-0.7907587450246039,-0.12778383995138243,-0.08813819335890463,-0.5901356359839115,-0.9304302782015592,-2.3838176210584305
591,0.8500265873096525,1.5786575410106045,-1.0591701600380912,-0.31624489966683206,-0.7907919680629855,0.11046582081042024,-0.100246312717866,0.47735078808798176,2.1223095725926,-0.11460620088871692
592,-0.8014876132559821,1.1936397105221974,-0.025790685499022366,1.0358735924858808,-0.7907919680629855,1.1609302341692762,0.5774358138652386,-0.1825273157329441,1.7754073168205362,0.5422707891604107
593,-0.3906179534700147,-0.13303378384733758,-0.6595512268547,0.28869122465324437,-0.5857503221935267,0.019906000401230348,0.05847516458531583,-0.42828451458254235,0.9143520340527476,-0.44729407609958527
594,0.5204644441162909,0.24170568096345407,-0.849450538940228,-0.10858573635676624,-0.49145892890286447,0.16682131872737072,0.29343031561425026,-0.20543851275182365,0.7129274764628454,-0.23514299107943132
595,1.1437742700875173,0.055377338026822535,-0.6284840613868131,-0.7101776776662895,0.1515673835546642,-0.40478096790963786,-0.3351554707041788,-0.5071277213827612,0.5870641615259823,-0.7927184384609844
596,-0.9752475510829938,0.18429555318146618,-0.29809938485543674,1.2280279712602644,0.11817874522069288,-0.07334740231065622,1.2497748447004526,-0.265043146417896,-0.985191277148435,-1.6513002503369791
597,0.40899722693132995,0.15143627282081829,1.6511475176264583,-1.0925400591993042,-0.7617966361420262,5.113708696808272,0.21251572426207704,-0.6932804243401015,-2.247172126182092,0.4228386091514784
598,-1.1270986516629566,-1.1098290339515515,0.46730461039376625,-0.2010802331427839,-0.7864894349392302,0.9768282235806106,0.9371400982060782,-0.6634554252973477,-1.5994560571905387,0.9602834191916737
599,0.9626298282573099,1.8282553069824001,-0.6365200682020712,-0.2411745985252301,-0.24605386126405995,1.2020824483008608,0.11866848529215694,-0.1539450249836385,2.391902182792604,-1.261155128974467
600,0.37163339201383155,-0.10427288728571378,-0.14627409102455935,-0.2927336852870572,-0.6922271257393169,-0.637365656757753,-0.29673781562891044,-0.34016979413894977,0.024019248835668774,-0.04236462715315472
601,1.6159455242790501,-0.8282447791396748,-0.6910078692910615,-1.5183078179151597,-0.13567549087942568,0.5983155610571895,-0.8422097774553952,-0.5175540366396614,-0.23369395923023395,-2.009306691459971
602,0.6588995754954484,-0.23324532337741302,-0.25468561606577467,-0.6411154475263614,-0.6011151006396823,-0.0053043326006007785,-0.24650195457864976,-0.347322575758713,0.10669250962187418,-0.295943437070807
603,-0.733389711890442,0.2326924604298211,1.582879131357413,0.6625957362792724,1.1659067558705674,-0.1978083546931435,0.45074463585285235,-0.18148321885425323,0.6486077281962206,-0.3449930088434478
604,0.5088273931735099,0.2913278087827203,0.7017980878943878,-0.6290839829734991,1.0591442611043913,-0.9921109005291348,-0.8924512899982426,-0.5307371383863639,0.30034492156248405,-0.5801331917114123
605,0.07604314648901189,-0.3129243125547732,-0.11423021721570954,-1.2131887574625928,-0.7548045370057889,-0.9721261983178312,-0.8444388268126869,-0.669136377495968,-1.3169785060618586,-0.47574636424905936
606,1.0147609583256694,-1.7293979565765745,-0.4263678762889062,-0.6930181913813105,-0.7906037415921541,-1.0793385456606421,0.15706674689001257,-0.6473002174825228,-1.2281054519640633,-2.3440068943887864
607,0.48820499224591846,0.025495313488259196,0.19465398681818954,-0.5659830940791979,-0.7836402612040119,0.31057346941709624,-0.09688468263195688,-0.6002117482987237,-0.6249636472514448,0.25352000091475424
608,-0.09724817716251108,-0.2169859615258482,-0.3507346423548504,0.29583397611838624,-0.790297064513759,-0.8241226211779232,0.2569432083714972,-0.3328950192401607,1.1361160168977333,-0.08474815588648385
609,0.4836093206469158,-0.28343057856607395,0.003934933221402566,-0.7124501238084626,-0.7758335215882466,0.06432802315542477,-0.31285561703661724,-0.580184104998731,-0.48116257513606026,0.3720342342344923
610,1.1905806432120791,-0.018258266084206515,0.23727011811725834,-0.6767533480631599,-0.14037278398195063,0.20717185851484765,-0.13055618634583244,-0.07649459023474792,0.7537973427833703,-1.1627056299524512
611,1.0022721528179885,-0.3712239889718782,0.5476821145787952,-0.5200919229248577,-0.6937779615619094,0.0899603411144188,0.09489445615082291,-0.08981047088264445,0.25264646768692417,-0.4391501683042936
612,0.8169047014555058,0.5859149068102376,-0.3488658779923207,0.17008208165330446,-0.7863988155076923,0.24101967306715194,-0.09040680253550112,-0.10926300446832278,1.5037704611847327,-1.0945898922120096
613,0.5956266725760575,0.4612207341333291,-0.6675725226576739,-0.43283135219735,-0.7833591862028172,-0.9259202035034205,-0.2200546014517951,-0.5292429296049573,0.9626648890117014,0.11430547746173679
614,0.583563963504323,-1.135038205479638,-0.12679195762141707,-1.0885309188664782,-0.7859433073948323,0.2520987764973189,-0.7162168088470071,-0.6017372671943069,-0.9395244171983619,-0.055574357748885084
615,-0.45748080232613497,-1.3496353981997191,0.12194269175764745,-0.11630624250702638,-0.5100843248696987,-0.7734945682660402,0.03617959367474003,-0.5177478778905614,-0.968217845348159,-0.8386637921928689
616,0.5771722525318582,0.8484513107739688,-0.36208984148884504,-0.13852164885811558,-0.7239081553209223,0.8721427665792126,0.640584313291207,-0.175071065972257,1.2005407215411166,-0.3534705609065815
617,-0.42046718892869406,-0.07802769045808873,0.02659743280080743,0.19267833291169403,-0.5209316291409618,0.28602723465383323,0.02643109108762527,-0.285966059132185,0.47451466096193473,-0.18516722861569943
618,1.197770844825878,0.2713645997875408,-0.8263300831785904,-1.1762380163347106,-0.7879728055093992,-0.22408051327065484,-0.8810150341754388,0.2097213183001398,1.0228190166427393,-0.2589200850661771
619,-0.7628015360583363,0.06988735733542575,0.2972262510943408,0.4453288505903185,-0.4337407684602755,1.0275390020691475,0.19062538283127126,-0.6194773595792143,-0.13530828243194032,0.3826131874123591
620,0.524431188241699,0.21486464127455493,-0.28007293578853887,-0.60547456160495,-0.7857201416425694,0.3248092940207827,-0.37623319702325236,-0.32630245174341993,0.3256532324839729,-0.022046261381794562
621,0.055456839180256824,0.28916590195659697,-0.1567207288196934,-0.18761509486417197,-0.5778939515991639,-0.03449809757019171,-0.054299689848615884,-0.39265229135945257,0.856533029186994,-0.2990411026439738
622,1.1852067673617184,-1.4569712878624044,-0.2258138342592021,-1.1906386123468196,1.3500704029276207,-0.0035375436206257064,-1.0176134763070175,-0.387129495924826,-1.0622655025568573,-1.1709532737642059
623,0.0966716536954234,0.41251428647654886,-0.5570991850283452,0.1261873061711279,-0.5029697598999123,-0.34627279355588286,0.015893745466378163,-0.3677785720421277,0.7786220676020983,0.05248176075123088
624,-0.10084522513722785,0.1912657035609984,-0.17823000737197886,0.7884828273601476,-0.7907919680629855,-1.049376845898173,1.2893932321721726,-0.6261741764939056,0.6801873378830214,-2.3241015310539646
625,-0.704523711328833,1.7910811716248984,0.31405168709402537,0.3320895192833646,-0.7904178347478764,-1.4489865041759233,-0.2038173029268285,-0.5217866798442676,0.9874436215668494,0.5422707891604107
626,1.0225806278359235,-0.5872521509993733,-0.46327696958651965,-0.2643497104306863,-0.6046969347277479,1.7932544600800202,-0.03204758914901462,-0.41125468107702584,0.39137744399024804,-0.22408569923023874
627,-0.08062716315094752,0.13325743130713902,-0.28235907277947364,-0.030717135851131148,-0.6673885894871407,-0.054280987215970626,0.015130642004974751,-0.3471570286505576,0.6526078840206122,0.029904636708851462
628,0.566788282905839,0.42958683168387446,-0.38382532693598853,0.13050988475428343,-0.6648139441273941,-0.6270335888484182,0.18754775157626324,-0.34597283741313795,1.4696640871412356,-0.23997255284020358
629,1.632258997095085,-1.478747489934055,0.6369368263100178,-1.6936177198703655,1.3642603889173457,-0.2237710451597083,-1.948994802518696,-0.3744751116643483,-1.274234255740331,-1.3601203953616394
630,-0.5575139245360586,-1.2558702799988786,-1.0424015176444972,-0.7171885534912956,-0.7907919680629855,-0.45266974099020396,0.13465120284598622,-0.6659408418842439,-0.6727314596280264,1.3185799592184706
631,1.7041086244444563,-1.4987126451779684,0.13490810997748676,-1.5649413253392706,-0.2464450655379799,0.025709820493919778,-1.2373154993399689,-0.31696077151788266,-1.3375610215172486,-1.6811272509484585
632,1.7639776756109193,-1.5840302137035127,1.0452037710963504,-1.5255681150072313,-0.10638963107668027,0.710385069572321,-1.533016675608221,-0.19864298390222992,-1.4710419605849294,-1.628582009879017
633,1.7886914303066108,-1.8576480749252158,0.08770726774770685,-2.0057852632920334,2.2940801078940405,-0.5470538822731149,-2.6378433375617045,-0.41982327171730943,-1.3646344853380863,-0.6103605295865968
634,1.6249140432564202,-1.6356602032896344,1.207330324861638,-1.8148653370524652,1.8197956956963188,-0.4096099723852011,-1.9539664616737016,-0.414284986379705,-1.2062305277403786,-0.6910867108468641
635,1.793447425774879,-1.6029667724435956,1.6627773423352228,-1.700833893368169,0.315385112279878,-0.06474080334448816,-1.7303391596673616,-0.1131980008284688,-1.4218057122125531,-1.861056622521749
636,1.6518033677610253,-2.2549251677317286,1.0043713652159447,-2.054733739077694,0.27196613839187045,-0.6046441458094757,-2.6098868983118395,-0.469800049568357,-1.846004446114256,-0.09470083755389473
637,1.7508878435389728,-1.077997111877182,0.08719469270781995,-1.759375102028408,1.2599336002621286,-0.4531557813191412,-1.8598359140724765,-0.40575104907841025,-0.7374990851615502,-1.8038910889056496
638,1.6000812665593553,-1.2651791328500763,1.9490151278585857,-1.7629438780145414,1.5112789553919765,-0.6149335877436579,-2.2665892351118546,-0.46011329774250515,-0.8578629008292842,-0.3472692746368864
639,1.8113924836030766,-0.8398121668097299,-0.32650526119876605,-2.125895597641552,2.60052043906509,-0.9880832762453785,-3.390627758775926,-0.12109492083692816,-0.8348330065086882,-0.6502058749583342
640,1.803374628434781,-1.4099327308480476,-0.2539213556936621,-2.122531604796203,2.0016455625829486,-1.009894184313594,-3.102066427023676,-0.4774634173779539,-1.577857261979969,0.20387961246843558
641,1.806226086675608,-2.2121705352100816,0.8996916778894525,-2.208925806518454,2.0839250845824067,-0.5771974358059632,-2.808029158229058,-0.5137568724096806,-1.612248418239339,0.048136549892685176
642,1.267518742462111,-0.4206139261850186,-0.018278872585559425,-0.7453932333946389,0.5458180068302159,-0.3028161191360475,-0.6054296511566278,-0.11803075530298918,0.09497562176182783,0.1899458581340605
643,1.7472719762556883,-1.6280060609591769,1.1588437601254462,-1.637184546845667,-0.23942270154636597,0.5627723232599219,-1.5833901676697197,-0.21025972976562848,-1.5966155514661984,-1.3611254177556982
644,1.5561427440855853,-1.423153889107635,0.7355262833621264,-1.8661693699696458,2.409450876051924,1.0235305718549417,-2.040013603713334,-0.44427275004044414,-1.0155452245284906,0.26608387288975477
645,1.204329889598016,-1.9033201078022988,0.49943816398062896,-1.5849173816884636,1.271636935061904,-0.5035487533623294,-1.844188863544395,-0.519717851820964,-1.2297119017288194,-0.5320233966982401
646,1.63349736303341,-1.565192703749927,0.9759571039089389,-1.8046379473500673,1.2999160272665515,-0.4182252646879015,-2.2012455737140804,-0.44853812073014737,-1.3648660255606127,-0.4989191764936002
647,1.8259089647376388,-1.408065380319353,0.6536169116162962,-2.1085762104347507,2.4652586345864753,-0.9554711834992053,-3.162048846345366,-0.488309497997664,-1.6057643699876722,-0.19136778633792442
648,1.8436459264125886,-0.8929799110327932,-1.200197929431475,-2.230253221576382,2.5801492010704754,-1.3493548278573515,-4.266184487238084,-0.3768040456086601,-1.107185237094944,0.32331179247736874
649,1.8120197075044502,-1.7577211073251475,1.3634143792726938,-2.104188195669399,1.108973865324598,-0.6437507820456299,-3.114919661420111,-0.5424984847350692,-1.459648941729385,-0.2605788653440781
650,0.3902074994585306,-1.6629270621635197,0.9146721249005406,-0.5061386386909296,0.4700821998526702,0.04982045261650665,-0.901595182070622,-0.47704918128013707,-0.865430706962897,0.23891305193772278
651,1.7277522158922294,-1.534954381147765,0.3576257187969245,-1.6947058174119054,-0.3820026924146677,0.4277292600101914,-1.6158816400563485,-0.1730437754328376,-1.6034634290161336,-1.4174475889589557
652,1.607627475405821,-1.4322655166846585,0.5376938467332208,-1.5448305744074267,-0.26513006852038984,0.3536067284368291,-1.3634971463945038,-0.23912290740426306,-1.38905927731466,-1.329129378822793
653,1.6685643159436092,-0.9408556914174537,-0.905178933200402,-1.456125208593165,1.9553767978333516,0.6904527876800781,-1.3927687678497949,-0.30819148467949714,-0.4999461037480216,-0.8495966622063124
654,0.8103143957018273,-0.0824905862713821,-0.07929619127780656,-0.9108852216057367,1.0219045604956039,-0.55063319191006,-0.4314662006101911,-0.04020168117376947,-0.3566131351244751,0.2067629628926716
655,1.7711836556175682,-0.0609873577934757,-0.6836085715587518,-1.2013066886942383,0.3615463870328259,0.3866188366934185,-0.36373761784480435,-0.1651293996246711,-0.3828202887328019,-2.0255210810316338
656,1.1361905258290375,0.19871830836280027,0.07996061196393589,0.46810714515478197,-0.7678649405229094,5.617419556597999,-0.4585113205656932,8.908003610065736,-0.4715728817195175,-0.658687111249657
657,-1.2499972236868926,-0.6404107430851432,-0.2142582861379256,1.5056723114808068,-0.17696875499112766,-0.6588949343638946,0.975985872347274,0.24571883867707048,-0.8017224616722507,0.24795577413839928
658,0.5181598132944749,0.9705948983771884,-0.5744718648448548,1.144640221980815,-0.7907657824722609,1.2390111457189397,0.7888249499967683,-0.36259574745356965,2.1996192181646594,-0.5505336579213198
659,-0.47469841130946266,0.7397501560455613,-0.5839199434915415,0.6884246371548404,-0.6657949628183055,1.0047819479824918,0.39573252652359286,0.4551373773425975,0.13908176570999028,0.4837987843643715
660,-0.5856647347729729,0.26428632658466195,-1.0309899651649246,-0.15416129492928277,-0.7907919680629855,-0.9724871826523185,0.6172994683701268,1.7573403303394952,-0.410076894543464,0.5422707891604107
661,-0.9328377298875217,1.132236004797753,0.2645778522815453,1.144640221980815,-0.08461533579446083,-1.031237383090172,0.8189462253866775,1.8033205371970735,1.257531806417956,-0.6221929659266792
662,-0.2513081390595643,1.2189735166837667,-0.3002247357903665,0.4601794234785747,-0.7828967857604491,-0.4147967500398045,0.7671494579196065,-0.10330538399060162,0.9611429238695556,1.4223997742066428
663,-0.28273741073038344,1.1819121559153656,0.3008185831603212,0.7713645238422526,-0.22582332382798645,-0.5299059491971665,0.5609352413603648,-0.42192264138278057,1.5446677592670035,0.16725374393236322
664,-0.9397393701972718,0.033607540214452634,-0.5586837706643202,0.7778194323116249,-0.7737450512266808,1.8377758613334878,0.7891416238876955,-0.5581358974276237,1.4161156947708988,0.12425815912914767
665,0.8967973151737223,0.011489740296166371,0.23248670043960348,0.596235929681653,-0.7893337726679243,4.829703741441185,-0.08892097917099284,7.053139628326411,-0.438659100270157,-0.2292128553586942
666,-0.7188771746954637,1.40971483715031,-0.2334215258062531,0.4396875063937797,-0.7900375237267006,-0.5620624033785022,0.4986827832056258,1.5957403887765818,1.0854384767269103,0.4439044217143282
667,0.5792329367306462,0.9645288428556283,-1.1876609685195432,-0.48015388626600974,0.8467313035427859,-0.1783789557680354,0.0540724198953593,0.06512895350601046,0.11135508019091037,0.26597438480411273
668,0.18397853747144047,0.39127034784211867,-0.2620523059213603,0.5134211114549967,-0.7141238930563106,2.1546780416499507,0.28828927946560107,3.0660285278570614,0.2813146532226581,9.993385560480126e-05
669,-0.941918919247971,-0.10693999885384271,-0.3461564148321899,1.0443910336088351,-0.3443917066150625,1.1182746682958062,0.7832091690322881,0.3699046183935798,-0.18118340745349687,0.4413424751143405
670,0.4778103186215644,1.0509175837032183,-0.4299128539341808,-0.8176377348483815,0.7730901341197011,2.2005651174935057,-0.10965339006598213,0.7867851531565516,0.4150548995429444,-0.7714831909378446
671,-1.1039053499882836,0.3949355827386291,0.007893925864708998,1.0106529543187117,-0.5512945774196634,1.051297747188968,1.1016511606063617,0.49506509693115835,-0.7854069880440008,0.9211014340465961
672,1.1287240443317204,-1.368452973280803,0.7248709925952042,-1.3864084811011013,1.8912013623271662,-0.6294399287380228,-1.695417301455497,-0.48400869147602227,-1.4418707406142723,0.30462109645049334
673,-1.1439891378051052,-0.3663463268015233,-0.16112324490491597,0.9590971481365148,-0.7907919680629855,-1.5767749585845265,1.1817241092570998,-0.6125043852659768,1.4384165540705314,1.497728229231869
674,1.6940769750528215,-1.6368649356650455,1.8713334867577025,-1.5458829900258433,2.2760825959333966,3.6408926120989475,-1.5552866365789664,-0.43423223189679044,-1.1810709123502927,-2.105142534370922
675,-1.2525789464094068,-0.7636264588835506,-1.2223336409773704,1.5273376220555843,-0.4561119463653816,-0.5974244591197236,0.9345917012897154,0.07152023109014072,-0.2965765334783586,-0.08225998546963081
676,-0.9567862497296254,0.9380675299393746,-0.7196817568969561,0.5005711610500279,-0.7861826456208407,-0.1819314901245194,1.0345638893558757,-0.390059600738772,-1.4681287746482576,0.4228386091514784
677,-0.5856340200732444,0.9709787360734495,0.03042217266699788,0.566001541341675,-0.6676292475259551,0.3985763059873766,0.5381752016190192,2.110866913780235,0.4696061929265025,0.34977721978564447
678,1.8321770777975492,-2.5327354471444847,0.029713837811342958,-2.2913189305542563,2.544606536135106,-1.0396302688670083,-3.464440706915466,-0.4782918895735851,-2.2062872174660986,0.3929805641492453
679,1.5067389002047114,-1.8935470150094469,1.318245070945956,-1.845870647031532,1.4424343368084833,-0.713582354668183,-2.8982797973111465,-0.4381596699376892,-1.5870492170218178,-0.894439427757117
680,1.7212438948381543,-1.3204982729737185,2.397847944398688,-2.059522009679054,1.217602334427527,0.040895759561184665,-3.805154537019957,-0.05025877087101804,-1.1884290964299562,-0.4840995077913512
681,-0.5692022530147309,0.3161167205362638,-0.3791772107318376,0.5051154167410327,-0.7075256929442064,-0.15854771121002303,0.7762417988008662,-0.39291694730007715,0.2209441034106905,0.882680992933985
682,0.4523181960181366,0.14313847474994687,-0.22655079990266885,-0.8971866619103634,-0.7907757400304426,1.3117314399014628,-0.45599217342212234,-0.6008539950149011,0.3481523216440461,-0.3236125159043484
683,-0.18822762169583512,-0.23834415051321084,1.0356435594744489,0.3590373208664163,-0.7804694196632848,1.7733867990954353,0.32271653052526783,0.07243212135017542,0.06249247805893027,-0.3930876914018005
684,1.1533314385481541,-0.6895080733961778,1.0932202557565107,-1.262445708804719,1.2981045851276227,-0.48264709123431737,-1.2997376586697273,-0.45364584022804993,-0.882236398888608,-0.11998182163019883
685,1.0870156826308828,-0.3320220920703401,1.0919233634961458,-1.0339812583119183,0.7676869539102147,-0.1644854343454799,-0.9404223771466113,-0.32807670036071046,-0.21300948726160515,-0.9079246892663662
686,1.258300467927188,0.06499662162476771,-0.18034271296021154,-1.2573411806939467,-0.6947973613910178,-0.524174676700221,-0.5721318443569612,-0.5508790842033792,-0.6211795967474482,0.32099554306775613
687,1.5124829226533336,-1.4569535865829821,0.7857120194230428,-1.5799371883796678,2.1277596675509916,-0.9101045773486843,-1.7657375345804485,-0.5716762398749857,-1.4425550577569666,0.053345302248844116
688,1.164619320146318,-0.16697914236452258,0.7732381024754481,-1.105386680250762,0.6546119423377467,-0.10040944999218608,-0.8854981804392734,-0.35463260420600196,-0.0131469888537585,-1.173573943509825
689,0.9533371710012651,-0.05120477498567186,-0.49919537910840883,-0.9922743964164223,-0.757725017790838,-0.46063657369834815,-0.15651946111296242,0.32589181259988736,0.2305667615679466,-0.9624268311447584
690,1.738341043674502,-0.03443440396668895,-0.46294824173731375,-1.8304469965570938,-0.7907919680629855,-1.1869118773379406,-1.6720664842704325,2.2047153159808013,1.6713366400889171,0.12425815912914767
691,-1.118340621811472,-0.970426026360921,-0.3481353442900589,0.29370129710868187,-0.7864894349392302,-0.8641918823060445,0.6977718924173788,-0.6982512575138937,-1.7778629315876,0.18397424913361382
692,-0.030280917328884736,1.089543460648051,-0.5311816729887822,0.31121276888612265,-0.7344621061667803,-0.46206344530196386,0.7700097093560504,-0.22008683147865465,1.6180072203557818,0.8263856831764774
693,-0.8484056303175057,2.2823108174204516,-0.3227129412661223,0.7671560372631017,-0.7905764672734826,-1.1739164412963876,1.213577777109137,-0.1837700240263922,1.274876919206559,-0.23403838089764922
694,-0.15115905559162762,1.1257842577074357,-0.5728597986203373,0.277230784068538,-0.7446292541789641,-0.5409641136260983,0.5494945664204789,-0.39965347774497695,1.333900800777343,1.3923932914139878
695,-1.1530999364072057,-0.5131620340021316,0.35230583495820533,0.7842530139908985,0.9510566161042178,0.3946326889190427,-0.10903246086808724,-0.5333852905831171,0.08847120446610193,-0.11311329863860535
696,0.4348093674241534,-0.23460511842888454,-0.4128438298682619,-0.3107302148525288,-0.33013487598861513,-0.08376926602422068,-0.2634232734693928,-0.3916031174888976,0.4868286567629252,-0.5874767003945983
697,-0.7004574831835009,-1.552378264397997,1.2325337341674723,-0.619085319044884,1.5300816966641213,-0.6006733181301118,-0.121295812526522,-0.6328019540589628,-2.1617680946420172,-0.07479547421907339
698,-0.2631602878593832,0.34783767805941007,-0.3995464915131561,0.11949371648887328,-0.7297118320026341,-0.2095955340087672,0.35845313843303706,-0.4722028967230824,0.38678256012397144,0.26263499544501623
699,1.2383764160903863,0.44239547469840396,-0.42703466448016186,-0.988374661450581,-0.43214052087824556,0.04570463162985208,-0.44475812697424577,-0.21966710417850976,0.470202282700992,-1.0157061347153251
700,1.1490590512947487,1.2525106769447603,-1.0404197803208404,-0.5856750127476541,-0.26213693144382183,-0.19445604027776003,-0.037448994559559676,0.28711843828672806,1.8235813510546848,-1.717151108057751
701,-0.30507900941195004,0.23571342794816916,-0.2554069048024913,0.17297877696274339,-0.6808167530826934,-0.23394846757324023,0.5597181578535757,-0.45032278267765746,0.031867277196153405,0.2659940955553669
702,0.9094491937332785,0.22604005273187538,-0.9207818451523202,-0.5754436916041982,-0.7121901843921427,0.0875483850746056,-0.08595272889504939,-0.26096371274547414,0.6877824431097752,-0.9865568949366433
703,-0.625802496471331,0.2915064356051335,-0.4364202779111088,0.5434658315033052,-0.65266427161189,-0.2543392959751591,0.8299638753884109,-0.47707706113681486,0.3096594770588262,1.0455374927685004
704,-0.7795691868114826,1.1175356589979637,-0.10458944905797982,0.5578398671885887,-0.780167867964742,-0.07112826311662408,0.7446444098346889,0.5925888459990466,0.09850699328838197,0.8218533820336272
705,-0.508808145513196,0.28695785493617265,-0.3304920452475581,0.40937087067709477,-0.7207290283434785,-0.12113082428977782,0.6758197395226121,-0.4188928163097778,0.21618670129584883,0.5539972725535095
706,-0.12855865767875135,0.16894760323766145,-0.17554362015096706,-0.10309770724345586,-0.5947608167843023,0.08400865965887953,-0.11753182656557613,-0.4307954661388916,0.602954946857772,-0.20494569252948294
707,1.6570164807678607,0.7953454031203961,-0.7979724032834309,-1.088274701179895,-0.7907919680629855,-0.311885850540049,-0.1706596837592108,2.0183090719635906,1.274876919206559,-2.3838176210584305
708,0.9762533173204754,0.33461637327151583,-0.8324765381691581,-0.7444390111470532,-0.7649559860160609,-0.41740482103081955,-0.3117414632819535,-0.3152342186347213,0.4070261843458108,-0.6564852558693763
709,-0.6817387296586607,0.23756272774724987,-0.46507889887292014,0.4972418231403067,-0.5562517443017155,0.523029683449866,0.006440489581296634,-0.2675426143877849,0.9092054902392286,-0.33367576116769737
710,-0.9225291464573708,0.338228927171755,-0.3033209332330636,1.269401944048534,-0.7248503892898408,2.2610299935201743,1.0140577025953785,0.5300968512098884,0.04926574317884606,0.2470078996938846
711,1.1784527067403188,-1.428464479872992,-0.10778480331521025,0.020718383866494085,-0.787013221580383,1.8756792164546838,0.9926511684979323,-0.6361158428414901,-1.0444124479552372,-2.3838176210584305
712,-0.16384569582484054,0.16194681704392094,-0.20854238390635627,0.6343967689089909,-0.7883574046371297,-0.8073368496242509,0.8024527935675794,-0.45012383492209634,0.25812292669367726,0.057077557874123254
713,-0.16384569582484054,0.16194681704392094,-0.20854238390635627,0.6343967689089909,-0.7883574046371297,-0.8073368496242509,0.8024527935675794,-0.45012383492209634,0.25812292669367726,0.057077557874123254
714,-1.2281889318886845,-1.4281544561958794,-0.4166397556249695,1.4777259364257758,0.07260015888933394,0.022096319129525158,0.3955713464496174,0.1721420230620924,-0.6240611847591186,-0.2926991279901745
715,-0.996687027235289,1.4829129095892972,0.10712163879730491,0.6581457683737082,-0.7651011039323379,0.26362277665310013,0.8205989587664064,1.3891951415136374,0.40081278777907425,0.4121667611112654
716,-1.1733182989328257,-1.4738140503303823,-1.0627767861964053,1.4592091607105269,-0.1697734152983962,0.31270544300537045,0.21014234181258215,0.5818333466113484,-0.5518327055415184,-0.5942488981681794
717,-0.41206025197582496,0.8667064665298857,0.32697949677805965,0.8023452409232273,-0.7907889375831332,-0.08906827007758959,0.6573494016343843,-0.3487395499816237,1.4334608075595023,0.8408512391827414
718,0.7366041428894926,0.6738024180442119,-0.4255975461810476,-0.11678863418779281,-0.7907356396200149,-0.45442309347200127,0.3124897603318023,-0.2607883499274722,1.6818381029337175,-0.23403838089764922
719,-0.31322744903572525,1.3430000757978724,0.1445373015108937,0.942035716058878,-0.7902569574223793,-0.2896853139690617,0.5093509273160013,2.900631960311721,1.5623102168462684,0.33326447414477917
720,0.8153301259397188,0.317289189687028,-0.1932263174080683,-0.028641635468409435,0.208374734318055,-0.25798792543654137,0.028816122916204688,0.03971530025755016,1.3464553694518009,-1.2704650332841918
721,-0.10856497664818417,0.9124365536760181,-0.18698987078579324,0.4655596806407102,-0.7906378885319723,-0.43055945050284034,0.9579205286956461,0.1520373726031308,1.0152508658787365,0.7612297858434527
722,-0.2897252383173075,1.139607870958795,-0.3861464422237362,0.31082292167654785,-0.7461733280119744,-0.6649714533496357,0.6854054889987633,-0.16727116150770466,1.6421189296677707,0.05779976987579819
723,0.0001849049352531988,1.0534401143167633,-0.18747061765483578,0.2584694398683618,-0.7843507347671409,-0.749030659917817,0.6720877770756308,-0.3355047066564017,1.8060338302586982,0.705892875772648
724,-0.71859911644729,1.6693801332521254,-0.09639790542432855,0.9207089259618326,-0.790620427938008,-0.7362229357301983,1.0554271104051636,-0.4532306056557165,1.9587699377286276,0.8408512391827414
725,-0.4806275826243086,1.3307430426474718,-0.19180820762144093,0.5157284154404272,-0.5128534061928157,-0.7380800712081604,0.8109305838429167,0.03407895893700636,1.8170001893238197,-0.09402547701217762
726,-0.12024402065305016,1.2449584001297362,-0.3877777893341026,0.5449062766171555,-0.23197328487916144,1.3828314697826507,0.7139727710566989,-0.3754099818179329,1.7968981021712507,-1.063173322882737
727,-0.9907236154041276,1.0409602260181736,1.5533727020063428,0.686114234894327,0.8834546170504703,0.2133463561393802,0.02120743839048575,-0.41180699587411324,1.6118676819565638,-0.14446424589095
728,-0.1072597000364888,1.4510255526833666,-0.19295064591431993,0.357582650160083,-0.5295735571296087,-0.36938910794819974,0.639781651422713,0.6411752471156785,1.2551831365536206,0.30052726051733025
729,-0.621635214520141,1.6859757293938666,-0.3008443210977073,1.1425075429711105,-0.7907567995313652,-0.3317399889368655,1.1154088709218648,-0.2345139460088559,1.7010711191550945,1.049857554198373
730,1.21051335173236,-0.16388005387227472,0.7751655788501972,-0.45273635628792597,-0.7737187683612945,-0.5103369884245947,0.1948658118118987,-0.4612046505386741,0.16974544724698526,-0.8013412359400777
731,-1.04436654824447,1.482403083388502,-0.38250912405067305,0.5545990292958769,-0.7907434554431263,1.2854698295674913,1.066821161186545,0.16170288155217172,1.6407762032709026,1.3982014125577593
732,0.9365093883493739,0.8067585148529622,-0.5946169068163922,-0.32694571013657775,-0.34195072671873433,-0.42491194558565953,0.18501509689212806,-0.3342031332332648,1.1381157040863952,-1.223020643427755
733,-0.6342347294228853,1.4161846059439216,0.1517810544737506,0.2619480762975249,-0.6429043600429455,-0.5577028125359238,0.5391900248815331,-0.36219838764122114,1.9028189477985462,0.2182557082102515
734,-0.7952318776477789,2.142907809829822,-0.07622340770735545,0.5154999141179598,-0.7559601564263234,-1.844264350439823,0.27268376353814716,-0.5342137627787483,2.414698616743339,1.1991477792095384
735,-0.40068823777568624,1.075657657752167,-0.20204430331579395,0.3348112456678574,-0.7365068542777224,-0.47920932577585373,0.6185732109952045,-0.1799080560999532,1.584157294070925,0.6066049468709586
736,-0.7648915599479934,1.8314637889031364,-0.2446433056568373,0.6786498583603613,-0.7906895490679744,-0.7514745238622982,1.0557996679239008,-0.10040500934091778,1.8100975423977426,1.1245026667039557
737,-0.9820340468187031,-0.683040809522038,0.38841711395687545,0.9609585045931309,0.935823782551214,1.5849159359330203,0.4524440634466024,-0.35757193877338206,-0.8892944679850672,0.36349371630974353
738,-1.064854082361335,0.20454218047439102,-0.16540257708475567,0.6221338646031896,-0.7907919680629855,-1.359101404888516,0.901188297647931,-0.3154971031318877,0.8437269727469939,0.9005673291872076
739,1.7074099065006085,-0.9792770109698504,-0.5782401426219831,0.11834768964408246,0.45187604133209175,0.257025460612377,0.3759649867880912,-0.5665241784083982,1.2803833042188137,-2.3838176210584305
740,1.7408563106413941,-1.5844426896316108,1.6749866286093629,-1.7207418572577047,1.007576243417106,0.37721785641566286,-1.7909311752304256,-0.3222397023618464,-1.617433046690583,-2.039216337925131
741,1.8207082291825094,-1.384209556828348,1.3568597807651352,-1.7474146937792616,1.4602434778437465,0.4111657714385742,-2.0055675564600826,-0.3366231441205049,-1.7169072495019375,-1.826467447683413
742,0.5841578239610187,-0.9106818802506509,-1.1217857711435975,-1.723813046071864,0.9863412787054869,-1.1284324151509528,-2.0620410670086757,-0.36769085145670677,1.0171781006330258,-1.6970825860070697
743,-1.2549845014359313,-1.9719370623227492,-1.4156596631233302,1.5937824214246021,-0.3027555610087649,-0.36754963491803266,0.6371940398706974,0.44367339333553896,-0.714855304971777,-0.610249747925786
744,1.5782835797560457,-0.7193109487418812,-0.08263259445712678,-1.2966679072710297,-0.4931392054326261,1.436155004620737,-0.2115132768138868,-0.49210370460647973,-0.44887331008695214,-0.9421005909506049
745,-1.2475611817797194,1.0896406413672823,-0.16341259956902826,1.1837393371587324,-0.22852820967329707,-0.2642359183876875,0.9652681908707428,-0.37514710121739514,0.21269525034257372,0.9403780558568511
746,-0.8435574352211482,-0.6351949842977387,-0.6541287276531894,0.6594557472730193,-0.7870470993520662,-0.13780115523341258,0.7375424075425827,-0.49165100372815185,0.8127535570530603,0.01975500162133191
747,-0.6804803959296162,0.7609034630337697,-0.23805788306695777,0.5256543766983643,-0.6891924762388449,-0.12052150278284054,0.7671127801177148,0.010486927593819658,0.2624080903190075,0.9404779615991924
748,-0.7169796733568173,0.29614212543016233,-0.04694384578166899,0.5050816212763883,-0.32368283091079647,-0.010261892163766079,0.08912499100887152,-0.34884316595423487,0.7157779788145853,-0.0022817373648048303
749,-0.8627325735377677,0.0846464828283523,-0.06642852285276227,0.8915754798802138,-0.13199126827045848,-0.0030918844776684643,0.7701697111207291,-0.19739772478528225,0.21881826916007888,0.39614103444004684
750,-0.8601466042241028,1.2773168056636586,-0.24640433215871388,0.46272728120238,-0.7147774596801574,-0.5148872855794453,0.7055553329139056,1.5626741514215634,1.1568158400379254,0.6080442799418371
751,-1.1270986516629566,-1.1098290339515515,0.46730461039376625,-0.2010802331427839,-0.7864894349392302,0.9768282235806106,0.9371400982060782,-0.6634554252973477,-1.5994560571905387,0.9602834191916737
752,-1.2132351263994277,-0.21366684229750024,-1.1651866524490089,1.4986649375917773,0.7807237819211964,1.9677302217490167,1.2294114716554712,-0.45902991102514,0.9403640297120691,0.15411620413138075
753,1.450196841525917,-1.7162116285804954,1.7590881963266167,-1.4733920336964164,2.078857787381581,-0.4151614631684197,-0.9527848611136556,-0.5106606050984832,-1.509148283886773,-2.3531301859172467
754,-0.6805825643179819,0.49910084088225815,-0.24348726541060517,0.8117391841802594,0.5263743251678015,0.9193629554762314,0.7137194239833271,-0.18620612679212048,-0.7773763736537804,0.8593347908507892
755,1.703934497829384,0.03194798060027791,-0.041238546355628895,-1.7110169720136363,2.6811651961499465,0.7602376228880633,-2.0792718522502747,-0.5851648028101193,-1.4606951548817133,0.7811351491782753
756,-1.2289733060425454,2.3486932019874187,-0.22256600200557736,0.40886596363273003,-0.7810645018701475,-1.5031341543490604,0.9235417487721677,1.0117153542706525,-0.19697979456919626,1.0199995091961398
757,1.6487044616958504,-0.6307694919932748,1.030998125330275,-1.5650271949882102,1.945457320628542,1.8035425136129157,-2.14219612724367,-0.2585281331239125,-0.5170659553315787,-0.7117671009333784
758,-1.2257144497540893,-1.0484235085345472,0.4847162300940112,1.2517664191015088,0.4123585559423066,0.4493959717507809,0.17610532459814876,-0.1935873514136953,-0.6758475482648137,0.08655910340538557
759,-1.123769210155924,1.3742419440901033,-0.3023563014857629,0.7085919946156581,-0.7090169961309327,-0.6581213965042779,1.0600752089722665,0.1638332386266531,0.12585169243500965,1.1782945414302006
760,0.4266845746330948,-0.45153705366246494,1.0883021261315096,-0.4343546943471389,0.881590845217446,3.556551200805457,-0.4971176447613045,-0.5140641354492698,-0.10376456257602289,0.2778138191406319
761,-1.2544841958527975,0.11824508053733485,0.38700109294492246,1.7695151718242608,2.6175625325813905,0.14295441091430214,0.9308066203875447,-0.5255148047246118,-2.24518982757768,-0.53261883091998
762,-1.2540744451704602,0.5497305802226188,-0.04932172936199278,1.1297114689128824,-0.7898865654404214,-1.3190321437603947,1.1612334457265496,-0.6013200106249441,1.1955849750300878,0.18397424913361382
763,-1.2423066911974507,-0.5053999534207483,-0.11496505835399871,1.4497536281981591,-0.11842191729193939,0.4296092210545648,0.8234757404829044,-0.320050974970379,-0.19525180400942943,0.4625183794833943
764,-1.2544841958527975,0.11824508053733485,0.38700109294492246,1.7695151718242608,2.6175625325813905,0.14295441091430214,0.9308066203875447,-0.5255148047246118,-2.24518982757768,-0.53261883091998
765,0.684249593692269,-0.14064621927383594,-1.0762135249913787,0.2894359390892727,-0.7907853084899765,2.0056335768702125,-0.1417864760570724,-0.2533616884594841,1.9934601633058335,-1.6075084510003705
766,0.9063282077834811,-1.116467272408248,-0.40715842961495907,-0.2394684553174666,-0.7898192214437016,-1.0547916109154865,0.05790435398610759,-0.08062523567020224,1.4731067796477382,-0.5923349209244461
767,1.6137819396072206,-0.23543036530794137,-0.719407567284199,-1.0876723128982067,0.24950034091332296,-0.06134847302404342,-0.6071937436883325,0.3347036823775591,0.6348248687228528,-2.1483581258215225
768,-0.9506869075116274,2.0101430406958882,-0.5232498435900179,0.6221338646031896,-0.7907919680629855,0.8360443331304551,0.6618200918592311,-0.4000012670863566,1.0122223541219968,0.9005673291872076
769,-0.16608289747937627,-0.26382242174809617,-0.13694902935126707,0.5031777687285554,-0.6497649735887623,0.13188422465668234,0.6962713135224642,-0.14697205067040228,0.3734725153920655,0.3255234995145704
770,-0.7197771178010972,0.5754006706856356,0.207884901306596,0.4639422195399154,1.0532701965569138,-0.3135886756330352,0.4858177107157637,-0.42491819600044284,-0.9643312552603427,0.5773565053414865
771,-1.0303224218040536,0.5978578090336703,0.3883007419773182,0.8513968581464333,-0.7327825975553115,-1.033674027347963,0.7313486387935754,-0.5509903247402973,0.46956811116426816,0.3780515416481288
772,-0.8756270169783441,-0.2762559477463537,0.2358191550951781,1.7201588861710964,-0.7847078227822039,0.12346125685197287,1.3613234445398052,1.21409927634648,-0.7038818662687831,-2.3838176210584305
773,0.662667305843968,-1.1325318094734536,0.23902706929221323,-1.7021876809134595,1.8779795366067693,-0.9385907536439346,-1.855700085256036,-0.5185556382813039,-1.7127939798977836,0.12425815912914767
774,-1.1478564335580963,1.7008011286138225,1.5334796188088509,0.725355528672892,1.8408617704147905,1.0337915515627523,0.27979961214602905,1.6735817913610955,-1.2427414233266372,-2.3838176210584305
775,-1.0488173478699858,-0.27875618879243125,0.35120354590827785,0.8674655919431422,0.8226438319422699,-0.35878410223590285,0.020963206239313588,-0.3196416946121141,0.13028559097216338,-0.009352764301358096
776,-1.0560953643789337,1.6629631694106526,1.407525664940799,0.2258821046000752,2.415156409107339,-1.120960039427061,0.44510338320975823,-0.13766554633946868,-1.2824865103450933,-2.2524422230486048
777,-0.6913665007482674,1.0532187209435864,-0.6477826320518603,0.4369848670612025,-0.6332767847174503,-0.049100268570913624,0.6853872237673846,1.2793563223455064,-0.40232518168754017,1.140651847678291
778,-0.864371828146481,-0.31550448976820755,0.17889830509199733,0.4382379868613593,0.3655361242249531,-0.03871846379203309,-0.1833086737953024,-0.40446014705605365,-0.23734811968637595,-0.1545301622722054
779,-0.716130290389513,-0.05683845875804036,-0.03280931858657427,0.8332690865639439,1.540058585067032,-0.06064075373669253,0.9183492283547668,-0.35495309144886406,-0.495315734533171,0.937889885439999
780,-1.0857638786317545,-0.4517583282776867,-0.49690670908129697,0.8794415871240483,-0.22939189747048586,-0.10339734268822105,0.6893307049326559,-0.09027923806097077,-0.3097413823118253,0.3548286177575037
781,-1.1864483797463081,-1.2574616132733587,-1.4043900565030727,1.1422999740623825,0.6156474891128574,0.5728157597032274,0.06371335360881908,0.06247452290245725,-0.3651324034771855,-0.5396603531996734
782,0.7499348175784019,0.3837746188052016,0.6317154961179781,-0.30771418362801367,-0.6355266422926873,-0.3660335007131848,0.15458303009843066,0.7631736955810381,-1.4706066479037723,0.18397424913361382
783,-1.25484117158561,-2.0748629495938316,0.29473657789711927,1.633556884955593,0.8992617496138315,0.40557051425401647,0.4790573440736766,0.036810698060639295,-1.2302529421188426,0.03468402412244845
784,-1.1806962275686321,-1.5183483144429069,0.25856757912802353,1.4684490521051659,0.6071649696217206,0.09036840011939876,0.539347418847172,0.1919090114184509,-1.0537936476248395,-0.048297091182094354
785,-1.0443927561854127,-0.8339340092638945,-0.21721259462615267,1.4859115171137456,-0.1248040696870646,0.05436965741845951,0.9551753662156839,0.6824036399172142,-1.0573946683524635,0.23387035989289998
786,0.04682709618758512,-0.7635785160502527,-0.7218009948991043,0.9029366008809605,-0.5835503585578059,-0.06064075373669373,0.7625658542177699,-0.0863002702102822,0.6604634667691237,0.12823923179611227
787,-1.2548016366398447,-1.8203971420871257,-0.10932307354528883,1.5260343182163203,1.279749095524588,-0.32682157737947193,0.025973069984333765,0.09283613029025724,-1.1194713586535376,-0.04742559963369251
788,-1.250755598110554,-1.6752409945006912,0.26670209011177204,1.500785253244903,0.7383206913200009,-0.13793966335305902,0.3115461022191248,-0.01733041018054289,-1.2309546470958392,-0.09511192657928777
789,-1.1769495934709695,-0.7890555220605164,0.04652942518336656,1.0310377428313755,0.27135211503529105,0.12914766258098828,0.048484469973284774,-0.3837538917397685,-0.025501053794554383,-0.28519516466814204
790,-1.2503030185656647,-0.736428120762363,0.24695334345198325,1.6020998695624502,-0.7410345754866877,-0.4283032984122923,1.3477450535443982,-0.039305184913055145,-1.3838810839607565,0.8109931941805084
791,-1.2438619567900686,-0.7845553495734142,-0.3950495044838571,0.7372985311272379,-0.7907051691338801,0.5436470221955154,0.4971496685773556,-0.6733970916449323,1.1708062424749404,-0.23403838089764922
792,1.1362758903279957,-0.17478462732502278,-0.951591810418781,-0.9457637281452569,-0.7495732549910883,0.3858233677641112,-0.15278352904885661,-0.3187531420892873,0.4059433876209028,-1.0044080169668397
793,-1.016944891384628,0.7472490931528862,-0.12499474505805935,1.1079442602549094,0.06872109129239104,-0.06419401856045696,1.0456726681202448,-0.09270851659083916,-0.4565132405127209,0.6046241722531779
794,-0.5613810195189911,-0.41534511428125664,1.1235327846253431,0.14786325576473253,-0.5916348109487468,0.35737229595629144,0.4604679067609079,-0.2504494042345352,-0.849617315233685,0.5548028236899705
795,0.32504741403523607,-0.20790252681607752,0.0813491533997754,-0.7046606799751977,-0.694506858258685,-0.047166831136623386,-0.33116859565270745,-0.6201333380058304,-0.6951603840942316,-0.5910531361642491
796,-1.1493065130720779,0.21781865738778514,-1.1053763813280642,0.38114113650657006,-0.7890990148121166,0.3216416564856541,0.28833117932511265,-0.6864455287261371,1.1212487773646456,-0.8311992809423107
797,1.4771640820320195,0.3763066005414175,-0.3634062204207091,-0.08324971785660502,-0.7882277518545562,5.7282845262733755,0.14592106778778902,8.165986999651198,0.8982401843683182,-0.5923349209244461
798,-0.02795938891040264,0.3248602525020188,-0.6452364558902921,-0.04286210911032464,-0.7907651368584592,-0.3801118897582016,0.05203075185476514,-0.6456691628473722,0.5644500079066871,-0.5170677658146504
799,-0.9251947849081995,1.1504911605536678,0.05831668277634561,1.1595689750487468,-0.7907919680629855,0.9659986935459832,1.267039781047936,0.8439497346551628,-0.2415815131684616,2.005314994269831
800,1.7857058989937542,-0.5266123695417713,-1.3802521516797677,-2.0595332824109622,-0.3260485667312961,-0.013300236728179324,-0.7879741866812081,-0.4973763383658235,-0.6327315056461459,-2.3368978360549213
801,-0.9655193922860056,1.2009891888135393,1.7954550077064395,0.4782306230223476,-0.37362558630319964,-0.6092609696894593,-0.07979057645469707,-0.15068238735096884,1.3946976831702973,-0.2738998865553926
802,-0.1313419362272182,1.3098088835143882,0.3249507763372468,0.3448855933415922,0.4143101465693489,-0.6340643690702126,0.06717172226469723,-0.5006606388556504,0.463373428025482,0.06454206912468152
803,-1.2528139144454074,-0.39289928062831003,1.072962191994783,1.816434110037762,-0.3792453214429181,-1.276796976625348,1.4151313947460031,0.22880912939836742,-0.8362710944919991,0.3034064291425461
804,-0.5962408377855913,1.511777288559385,0.016636515657321764,0.6326906257012274,-0.787791278575817,-0.24393054957276097,0.6071891887053942,2.479043171759463,1.2678149804283425,0.2033819783850655
805,-0.25364761457867796,1.0338794383310304,-0.18476136012448513,0.4380125767653596,-0.6805358254104946,0.20450223994443426,0.5254702492933677,-0.4119312667034581,0.29033527901536915,0.7054947685059512
806,-1.2062337071067266,1.3662339103963104,-0.2633200371108656,1.1936918392040203,-0.7907919680629855,-0.6476012816134967,0.9911609384229833,-0.5528543871804693,1.592044695912446,1.7365925892497336
807,-0.39486479872277636,-0.3066021806912531,-0.7634524570327239,-0.7342499855689324,-0.7907873288098781,0.6844309126456716,-0.882058265788039,-0.6435720926021785,-0.16228956899198987,-0.23403838089764922
808,-1.1735544393712076,1.3013266899308327,0.06342135666329826,0.77568675330192,-0.5063458912517993,-0.2980481177180238,0.1256270318365723,-0.2568136559412847,1.5463417003107294,-0.45299737758069164
809,-1.2544268307572704,0.6519594524557482,2.333685150932447,1.5298020511334642,2.3661449448280405,-0.6055827050791426,0.705111275536503,-0.48202001445392934,-1.026571760515531,-2.3838176210584305
810,-0.6175616880165995,0.7864944185114675,-0.4983170102557917,0.5880110004479161,-0.7895694126292033,-0.2609870593772993,0.6020867030216884,-0.19826828744995348,1.6118676819565643,0.20387961246843644
811,-1.2504617578567228,0.888280741514149,0.0940517480410811,1.0159685883953038,-0.7907373445989795,1.1804233882316058,1.1013137781296378,1.2300177778196961,0.7578273665558164,-0.2539437442324714
812,-1.2454571693701604,-0.1074550269903525,2.396131702001219,1.1041193207964273,1.8543305697587202,-0.9833167126869459,0.5612295618001669,-0.6410866760152825,-0.31591771083390385,-0.054890110884250776
813,-0.875885719244577,1.1117048815709694,0.027823615188439066,0.5650196454229591,-0.38669479141480795,-0.13005940632546653,0.6150344595393002,-0.2985717294629309,0.13036933429649275,0.2328134798872665
814,-0.783620328005927,1.2938725794904238,0.6002643282618796,0.37872682118871825,0.3788010683799368,-0.4386259475397094,0.17366674645143326,0.386406118556877,0.4854099004256067,0.26072902273395043
815,0.5760253676703544,0.5076884033302066,0.9513763268258558,-0.9944368247528933,2.5888789784230215,-0.24690867033228348,-1.2824334125910313,-0.3382800885117699,-0.8329672634846464,0.044636705789858906
816,0.6771151617459727,0.5562823378560765,0.08844262334814118,-0.5509163713089609,-0.39210732988578306,-0.15950982837329167,-0.1907600560104961,0.13382564965549268,0.7178202300598797,-0.8824791655599702
817,-1.2433302192633713,-0.6717052958095705,0.8313437007444261,1.539185838776165,-0.7892467974715847,0.6519423225417894,1.3469533688170816,-0.2595752299267245,-1.9820396878420146,0.8408512391827414
818,0.22445302648933652,0.16471274973421166,-0.07833665816653555,-1.4678915649073128,-0.7907919680629855,0.13212488087967472,-1.9024933096094392,-0.616232510146321,0.9824878750558194,0.18397424913361382
819,0.3863201853515932,-0.06347669721473705,-0.1938482490468568,-0.6628052387438286,-0.7647516720114186,-0.24338907307102967,-0.016607149761347296,-0.6434167540654976,-0.49928033174199443,0.8109931941805084
820,-1.2470836606282933,-0.047710880880082324,-0.08222503901142693,1.475205468485027,-0.7906456819367779,-1.0049757727562005,1.3866307445626014,-0.3067981450777512,-1.1336158851537679,0.7811351491782753
821,-1.2384397458205285,1.650018604420094,1.8542731517628495,0.8947613313437596,1.3774976596521051,-1.0781653465735581,0.6765050673894593,0.2775854299162044,-0.03344015970522412,-2.3838176210584305
822,1.2868854572825066,0.05407544212259996,-1.1656815052648672,-0.5323563726502305,-0.7907893865431113,0.13573472422455043,-0.08099750758310706,-0.5636245257236864,1.4549357091072967,-1.5676977243307266
823,0.12498157632147262,0.11245690673547919,-0.0649970395912472,-0.10238265552234116,-0.6379529716840814,-0.23103425040184963,0.37591941277622243,-0.39571521069411053,-0.03999174323571546,0.5997416642277077
824,-1.189499614354783,0.8512172434642596,0.12366367010034225,0.5858783214382113,-0.6330502975288667,-0.08536818064909261,0.1779299679392997,-0.47684206323122985,1.3839033424492082,-0.4977844450840416
825,-0.3386596208395743,0.9691258807927889,-0.5937817300498813,0.5910599415506785,-0.578914087258332,-0.7559467186728948,0.7102160034645347,-0.42694962656094454,1.5311440776769047,-0.1991487023857808
826,1.7664918539114158,-2.079011848629267,-0.8860209836651697,-1.5233412191596323,-0.7907753191304632,-0.5393059812672232,-1.1788003294622795,-0.617475218439769,-1.3566244781500945,-1.9060889010227013
827,-0.32506866286553837,0.519858507167484,-0.40813203429079514,-0.3031441571786465,-0.7447705505142308,-1.0137167505698645,0.5702374703782076,-0.42228125149031914,-0.9866426029123792,1.3484380042207036
828,-1.252585580095708,1.7711664562548084,2.9846825211351726,0.4046006056133204,2.6961305287543125,4.929606686219606,0.006491416400363572,-0.2521189801660362,-1.2525538014184754,-2.3838176210584305
829,-1.2548232567227622,0.0053950267734904295,2.879083395689943,1.7481883817272148,2.2920665484364284,-0.9616576526176911,1.0259950664249187,-0.5752231364625346,-1.4953853804589199,-2.3838176210584305
830,-1.177217728635198,-0.32430414990911116,-1.286133259354034,1.075683600667033,0.8817086615799605,-0.4223470568932473,0.07454525648970572,-0.5760516086581672,2.0264984733793643,-0.29375447090211537
831,-0.7702089352149661,-0.7380876803765374,-0.7292177995940063,1.6714119373778493,-0.7907919680629855,-0.6584308116481241,1.3463945325389757,0.27851746113629033,0.9180631704124361,0.661702969169343
832,-0.6800836897140576,1.3810794254903773,-0.35807953249624724,-0.07102558953279814,-0.7652138337937552,-0.8563749306265042,0.10344273687867138,1.1893322614487476,1.041281049573033,-0.09886286806935798
833,-0.08067331951154386,1.0977293700811401,-0.5721502235547801,0.483261103552333,-0.7343070305349825,-0.5448340122642968,0.8051390357840541,-0.035922568005914444,1.794252748700912,0.5486308575587235
834,-0.03427377203993258,0.21339316508332043,0.34498967381642204,-0.2904039389992445,1.5663102726771911,-0.7551746132907963,-0.4873335746858954,-0.5717021296310989,0.3257688665692299,0.41288592748406794
835,-0.1329172029836317,0.6759148347125217,-0.20455166737663735,-0.10368480086046261,-0.7664207820714493,0.021214013605472783,-0.2517906977100565,-0.45091088350794634,0.8630256551747274,-0.3215787070418776
836,-1.2254700941019512,1.4525310103333666,2.2437029463805582,-0.39728670203560645,2.59137320052375,-0.5501355113018506,-0.2213275063074807,-0.4733210563997928,-0.8313153479809695,0.004825979120215374
837,1.6324999550271408,-1.7405249086563714,-1.1035649231606495,-2.004014569981186,1.7577701789259608,-0.903147248916319,-2.9142992116635122,-0.3102303870310843,-1.447734697815726,-0.07650164821920034
838,0.7952889007378754,0.5331349840808767,-1.0009131280046437,0.2638437909728175,-0.7907395893988702,-1.0786165769916667,0.6555797534203823,-0.6454361550423507,1.7630179505429617,-0.9804895059534761
839,-1.0161089868343702,1.3806506557702394,0.13540513918767452,0.495376499361918,-0.7883093002617296,0.026598579837341513,0.8486251588337473,2.0196487154403813,0.21603817547597332,0.253933073503521
840,0.7780856278153165,-1.3089761876524517,2.016591919532473,-0.30771418362801367,1.1659252699578802,-0.8966804724099267,0.11900378705902069,-0.43106897442255837,0.6702758448609625,-2.3838176210584305
841,-0.08793275106084195,0.3472807094676446,-0.4839799186670545,0.24862560999825387,-0.7896258479694002,-0.7517879743854687,0.6401100623332057,-0.4541309753335008,-0.04055032748503471,0.5153331254362515
842,-0.10412672644817783,-1.5506861643992305,1.3143755736417484,-0.2801148082083067,1.3613328996551832,-0.06758439358242593,-0.32509573284989207,-0.5516116788870226,-0.7441525122869803,-0.2797036261951822
843,-0.7952318776477789,0.7887071646636987,0.6816410382161079,1.0913232467382001,2.6400105314879396,-1.209653890410658,0.16929905208855284,-0.5777085530494308,-0.4348556270986112,-2.264385441049498
844,-0.7214489515576941,1.198802784877405,-0.13161146743685884,0.6548349427519926,0.01986740601925462,-0.3760207339673411,0.7445195819629347,-0.4377934070771063,-0.21795912146588758,0.6796177961706826
845,-0.6914982784249293,1.0823120818946041,-0.3370241140391051,0.5300887528003113,-0.7906470835016147,0.6750276878360174,0.6843187536683143,1.2816155831197582,-0.3206967266789153,0.9814694584763467
846,-1.2436526503028442,0.15945747762265958,0.10430783680604518,1.586282500240475,1.265075696028224,0.8709470059712231,0.9083367450387027,0.367163986068919,-1.110592312821277,-2.3402746387635074
847,1.1596148416334942,0.2804784931852092,-0.5386672050805291,-0.8205618677440495,-0.367558250168235,-0.13997144641938797,-0.41543835530324,-0.08207930187585759,0.5273071902034008,-0.9249586535978048
848,-0.9146158891564705,2.115880696113271,-0.48749855158068517,1.208163589627016,0.037795205671444655,-1.2791949439901587,1.2857075738618071,0.3239206962861964,1.1945230293491522,1.3249781117189494
849,-0.9332099461562098,0.9513440068527672,-0.19687812189270626,0.13961523865752465,-0.15752643624293242,-1.0520842284068297,0.6686891211109499,0.738940883858801,-0.5565192039443849,0.9154963516883241
850,-0.4805892290071872,0.40037021494694364,0.2173053200307103,0.8304255145510048,-0.7904894812777198,-0.3519551116681693,0.6257441054615055,0.09708205029287188,0.5620753793701526,0.3830278824818349
851,-0.393196602560589,0.1230393638671703,0.20528268596002566,0.5496227782732334,-0.4972621817046411,-0.10010837430733402,0.6705234494497329,-0.6176132971390422,0.38777076180722103,0.273548384140313
852,-1.253079783208756,1.8309106023650779,2.859567527699415,-0.9901714667334837,1.3417679280591814,-1.2995389896980654,-0.3953118675577883,-0.07565440249640998,-1.7332612129883347,-2.3838176210584305
853,-1.1518088073153592,1.8441870792784711,0.08634895011736964,0.1870673466234521,1.7682799072836153,-0.8533623522714171,0.259271692863605,-0.581436677929775,1.4978855122028858,1.3782960492229368
854,0.29417841295576774,-0.5486212910916528,1.1450742223512298,-0.4728190836293113,-0.0041507954916983345,-0.5847448843708479,-0.32591526807799764,-0.5173854213049732,-0.4005783803973244,0.6144277312491412
855,-0.4170798095440213,1.151676560278079,-0.10639320273009642,0.6696621396766063,-0.07453164123802251,-0.4298245895362055,0.6382026062964218,-0.19045697817685156,0.7792196723284274,0.5571998116615272
856,0.16280335678695487,0.6364994300576442,0.3694087000148448,0.07735770895019423,-0.5132023770391622,-0.3962262917361871,0.28521840586661124,0.0529787718943585,0.797548087787268,0.10702169976004816
857,-1.0523809796566592,0.6951180603613317,-0.16745251007752648,0.6183208930403847,0.07675890676917867,-0.3946333050319055,0.7881481371710627,-0.09768423133480796,-1.1139580906600175,1.3470808203569653
858,-0.8832017616653036,1.139827672610272,-0.2129013590353125,0.7187542143415997,-0.7222707925168868,1.0560719644148633,0.9494489473444602,1.8212883550872843,0.3811039117676187,0.8849886108456934
859,-0.9163898370396536,1.1614442540072183,0.7034355185142472,0.6724650892322181,1.0366622095876685,-0.44454759346423345,-0.2712315859423386,-0.2861691874065132,0.7529872541300444,0.6915610141715761
860,-1.1120676829303464,1.5116113325979679,1.0683225506116532,0.1990103490777979,2.2071382859066504,2.4323170602345328,-0.3452773927913723,-0.21222804394635422,-0.7894888474278807,0.24369033913807997
861,-0.856327160896451,1.244506050858057,-0.41494921560324305,0.517760769290369,-0.6709115590175591,-0.18317524524061765,0.6357401247458074,1.4159445121721628,0.07098718060105279,0.8998736574346301
862,1.5037509583668833,-2.596794448251608,-1.9093413860185413,-1.1863779356263064,-0.7907842609166943,-1.1500914752202076,-0.5180695699817208,-0.617475218439769,-1.3665359711721534,-1.5477923609959046
863,0.7872346411423135,0.6269001022817177,-1.280587297680223,-1.425771154465647,-0.7902998331002908,-0.4633639018993985,-1.1801275656227808,-0.13716846302208946,1.3145228912947953,-0.24896740339876575
864,0.07118750408835908,0.35722166497841484,-0.5351685761797936,-0.6233506770642936,-0.7896733094508092,-0.8858509423752993,0.665731945805973,-0.49568980568185805,-1.4656509013927428,0.7214190591738091
865,-0.7670428773166232,1.7339532173215246,-0.18967495166223208,0.2700780561259108,-0.7896432941773293,-0.7234480696737056,0.5660764179906946,2.0863936574633475,0.2755028689847234,0.7758039840257536
866,1.8294401934689606,0.28455666187207507,-0.33116443363822856,-1.7223506376080666,0.8270330816940238,-0.4795115047188883,-0.449415867935126,0.9254137015345885,0.23620554777882696,-1.7557323172614563
867,-1.0190056120965905,0.9351388953261265,-0.36941981645164473,1.2217930214495398,1.468239799843785,1.3765652880940622,0.7278778272035749,0.31239953725471165,-0.4364589568521796,0.8847601288919081
868,1.4055359093180937,-0.4384818513642941,-0.2584313843819627,-1.5753785869964243,2.0428937605737327,-0.5917931035017174,-1.0745401078436523,-0.5680982755800995,-0.555445458866995,0.44473450881978227
869,-0.9458591586645645,1.3829948568857349,0.12612526291548506,0.5067911298592519,-0.7748688302633024,0.277699585340687,0.7446409977913606,1.4719703458759714,0.3938914975779602,0.41427254141560466
870,-0.6865505154012514,1.7613430048349275,0.7024342591888008,-0.08787052237763161,-0.6573675682632433,0.3408304090754477,0.3899280705256474,2.1674636554700597,0.04997665681524963,-0.11045925019396242
871,-0.45711657655231125,0.8468032125170073,0.3749781947415445,0.23713109617811026,-0.48270809889208527,-0.2943496374951928,0.03495748254689265,-0.28490633344537747,1.1235114973628235,0.01636520828713165
872,-1.0430049545774727,1.1402696286559735,0.025181681253632612,0.996426925509571,-0.230207624754663,0.008157664453577266,0.6933610766495432,-0.025698606072270137,0.6684369258090326,0.7278251343475971
873,0.8498772565376521,-0.30514051332052156,-0.8055711304934617,-0.7373685296639064,-0.638950972366699,-0.010896889773282284,-0.4367257845528159,0.13395991753848,-0.008779908219767336,0.4337836522006135
874,-1.068094176494429,1.125238691191409,0.5260083477762165,0.9284566585025759,-0.03491063448546272,-0.38050519602904154,0.27156956316985414,-0.368513226135698,1.067372229773562,0.5256417525859286
875,1.431260877667639,0.1548825517965344,-0.6096730069064634,-0.7451544294167969,0.6988055821698591,0.21094187455488886,-0.3468340776501081,-0.14071499809323706,0.9346533720526302,-1.8810252783491253
876,-1.1544398654499093,-0.24243254227651823,-0.15241489197104505,-0.1125740542400435,0.18711753508043483,1.140895603605216,0.017047212764586712,-0.39782652757282244,-0.8432917353826245,-0.3186361750706428
877,-0.9711946790635132,-0.46871349566916704,0.010593279734835174,1.282349082869948,0.3910488496474159,0.38804021251046333,0.7684091860507146,0.2660256538115251,-0.9398792348825885,0.21607164751101446
878,-0.6630310557784426,1.2019561964998031,-0.4326645369001013,0.3250349544119038,-0.553743514640079,-0.360204155852859,0.5339783517253925,1.150651828249316,-0.38726825460039294,1.3442510950313629
879,-0.18293025400077637,1.288998363434275,0.087538896875414,0.3586153846101895,-0.679563118693141,-0.39699359285110714,0.5097932951130533,-0.18891370311993486,1.5544794441105498,0.415924751677547
880,-0.3651500545838115,1.910569463845438,-1.7232802493400294,1.3408466908736372,-0.7907919680629855,0.07743575420480645,1.4632844540427958,0.8501632761224032,0.7817801413591262,1.7963086792541998
881,0.8329209736892591,-0.16038615891823285,-1.0411670934880617,-0.3204841632651862,-0.749670480513212,0.11239877192494056,0.09240607220225998,-0.3478173151596178,0.8618544341471053,-0.3917335126632106
882,-1.1032874815463343,-1.55426197980728,0.6456208859254515,0.9097067459664563,0.6571411583801677,0.5522020689038594,0.3818561334032809,-0.3116896908734464,-0.8036883517409678,-0.08332264158516191
883,-0.7561003154323293,-0.33418795696639936,0.6509031083204545,0.5859675983028593,-0.18534288315284053,1.1623657738106867,0.3282306870207296,-0.14414755940335808,-0.24063290952319302,0.25446651303051965
884,-0.4071338882714676,0.4404678231738643,0.5482278310883679,0.1283447830309044,0.7616059412130999,-0.2798767848498654,0.2255937570791335,-0.1800896891518182,-0.33089709349443086,0.5706129607077296
885,1.611488627174827,-0.13646658765295272,1.3703771481930136,-0.8280352032549544,-0.7882827861723695,0.6576913323132574,-0.49229180931797883,2.89176423940292,0.03618501967195548,-1.5249380549448126
886,-0.2564935545266576,-0.7484806497964913,0.32171080609731767,0.017609235114676724,0.6593705536588816,-0.28582499557329827,-0.04160589359822764,-0.4500611213825429,-0.6376273439230163,0.2931414145814789
887,-1.166860107188696,0.7251697394353163,0.2589329829389214,1.36320935363254,0.965401571534992,-0.3013657356492679,0.33837629859206403,-0.464267038833243,-0.11414803145627457,0.499616439157221
888,-1.1321334762049589,-1.5092297144294686,1.3278413298764946,0.7699996092760413,0.2605226473937321,-0.23228880478553662,0.1374453842365159,-0.5145375481324875,-0.6529084735839085,0.19392693080102427
889,-0.7980843310809201,-0.4211960354011603,-0.2398348554721274,0.8669075555499103,-0.6112859021585642,0.5216141819670882,0.7912451211114725,-0.3344071722140469,-0.05567750293400875,0.33970373344514776
890,1.5336552702515516,-2.0260970417797495,1.7628768304453584,-2.059257603643734,2.3229608903658954,-0.9317615863705839,-2.532313084656582,-0.5258348962547427,-2.052876828122397,0.2635957024729026
891,-0.8222490856515573,0.9985967674764845,-0.3411239573310122,0.40205654270653696,-0.5441786015897703,-0.055120629327219776,0.6213122267232248,1.171696073896031,0.18620507136892042,1.1089282415658064
892,-0.4019828874845705,0.45690587913647746,0.6370712652504625,0.006927059603737334,2.1551025773302186,-0.6445148655536281,-0.3444189581752811,-0.34054803114731264,-0.2822434132914586,0.28350106580772433
893,0.7336645535589104,-1.5689781925543358,1.5238582537296634,-1.146548576489783,2.0714178209124903,-0.6057874945797825,-1.6095394724986094,-0.495084303068748,-1.5259695658740944,0.0349382268143865
894,0.9307272583048307,-0.7827601700337804,0.74232906950224,-0.9206009549133599,1.0162342861891722,-0.7746083796077737,-0.5897258009175631,-0.3621587951826486,-1.0317633046428116,-0.8032996668488264
895,-0.9762298397209764,-1.0262978667047853,0.8435406779779931,0.4248610562055146,2.236258328932646,0.893621334481223,-0.1755960708824801,-0.40331515586888517,-1.3952380030485325,0.004825979120215374
896,-1.0296082568986875,-0.5491981856241991,0.20510097157827994,1.0143893903666898,0.08239825620801897,0.15791592234904608,0.7935468947863361,-0.08235171254931432,-1.11993448496439,0.4397581679860775
897,-0.5770764388225808,1.500901476210986,-0.15950750012590945,-0.21727012576326402,-0.29848027605417854,-0.4659717624480047,-0.023112716706478173,0.5830104402883989,1.2684931626424463,-0.04663135326005726
898,-1.2549835755870613,-0.7878744688017625,0.6001541005101232,0.6327972596517124,2.1536372218460413,2.330519477909034,-0.511084116505397,-0.4428747032103151,-1.2252971956078131,-0.23403838089764922
899,-1.1787678999189106,1.5958063236904039,0.017666549151966558,0.1181107253096707,-0.7466303939474465,-0.9816020370981302,-0.09450271763733326,2.083551257369614,0.8338154797249349,0.10932913662803113
900,0.29357890495998146,0.035267099828625886,1.1223013070904901,-0.5817634363750539,2.4875512055809597,-0.5964317521998826,-0.6747765763005875,-0.3580598621824842,-1.6096153375381494,0.0944001141269146
901,-1.139248749885729,0.138577759069513,-0.07337317093410306,1.0392799547930478,-0.504376645137784,0.12788231221518276,0.994649008192161,0.5875548499444524,-0.5048257203147531,0.8419294463633781
902,-1.2543559532728292,1.7313370255146274,1.46172631271785,0.024983741885903275,2.5764078679193836,-1.2757140236218851,0.35259735130729253,-0.14027523375570966,-1.3665359711721534,-2.3838176210584305
903,1.8509442846221589,-2.6565385943618787,0.425599612581847,-1.8467619909813338,2.6325278651857564,-0.8235811446761918,-1.673789562794592,-0.45623381736488183,-2.2214022443247385,-0.17432229089318307
904,0.42621787689724505,-0.1978088282065019,-0.5174947581728512,0.4906186590047395,-0.27018641828559065,-0.13404090174916727,0.5349125126293646,-0.45329964500535186,0.9125567854001814,0.6119395608322882
905,0.6936331971045737,0.3328814573038608,-0.5730626789969919,-0.9176603804035276,-0.350175162858937,-0.08049489213351022,-0.6407030865660743,1.020000076226972,-0.5141475712750829,0.44274397248630104
906,0.4832840872787423,0.6227512032462823,-0.6484771034564196,-0.4388739427248462,-0.1599096654601777,0.8241318500923644,-0.6622493297330464,1.9614551675383411,0.8393906945498438,-0.010103043380901162
907,-1.2508824717157137,-1.8145886834375158,1.1069115606215112,0.8830315967903851,2.083237803053002,1.4428589994040755,0.21698641448692385,-0.3258530055772892,-1.2475154591322624,0.23373765747066952
908,0.029435394397650784,1.1638643908346764,-0.632929797236068,0.2380005657520342,-0.7693455889420633,-0.5180331479579325,0.951823614662722,-0.19807630846087274,2.0449799111695683,0.30749889599529184
909,-0.43475206404241395,0.5591347513696047,1.0216260552151504,0.2737962930181055,1.6297674399565376,0.10989426228081448,-0.34099091156189953,-0.26354499253079544,-0.12506640630914692,-0.35015300035077773
910,-0.6638614298755124,-0.8708524495104707,-0.4795795228510611,-0.14989593690987357,-0.7818127685003657,1.2150778843424133,0.3032334800746037,-0.6746397999383804,-0.40512114803243454,0.3034064291425461
911,1.8149738048749904,0.3074348765531893,-0.05575129388404823,-0.7875669608115473,0.5185436881587588,2.411740953168739,-1.207394119025365,6.8959391237472705,0.48443535069735716,-1.9956630360294005
912,1.8264426534900298,-1.6076969182038026,0.5855515398371888,-2.3442093699949305,2.7896638575316,-1.1556867324047653,-3.552954164075465,-0.4490882446775554,-1.9663464905570884,-1.756798676011536
913,-1.2549048940724492,-1.534676295180139,0.2892209941986592,1.8249648260765803,-0.789258021471038,0.8360443331304551,1.0101613718785845,0.31579870993973247,-1.7778629315876,-0.11460620088871692
914,-1.2412689543804685,-0.3763036844865683,0.3774808996263161,1.6799426534166677,-0.5849426956899851,-1.1793312063137014,1.2694614049197281,-0.10982888056623198,-1.4413677434886987,0.5721288341626438
915,-0.9806379765197243,0.7355826625046452,-0.15672120213118676,1.3441980436031735,-0.4251741569256694,-0.024921505513236727,1.22890794503701,-0.05430557906863181,0.0032462461192828192,0.9432216791903982
916,1.7946426641483304,1.2201926643489833,-1.4651995370126596,-2.1571734208438373,-0.7286858377548662,-0.13861336998600984,-1.891875420325425,2.254423647718724,1.572221709868328,-1.4880762709914384
917,-1.1769036907076662,2.481457971121353,-1.297597643095086,0.31502808720572784,-0.771864750718271,-1.0704944294656962,0.9808224672780238,0.393467978280237,0.6306298727727272,1.885882814260899
918,-1.0584276789116756,0.7278196979534356,-0.20042638066317148,0.8983929526506379,0.09858942559432313,0.14018373894440372,0.962086533532695,0.17357739351386964,-0.48761885031066055,0.8982961235376873
919,1.1972199135649284,0.09833036516724478,-0.49847726508227913,-1.3098600502882023,-0.13677700258697886,-0.2523234353495984,-1.1392160930964434,0.4099338631684239,-0.5914572168471423,-0.09967717838760039
920,1.7915147963442284,-1.4682939106131723,3.2348174117360253,-2.061202865407131,1.540058585067032,5.557719428227994,-2.036055180076751,-0.4273408495422142,-1.7233497199662757,-0.11460620088871692
921,-1.0116793739542238,-1.499641147769796,0.2084425824105158,1.424732065255352,-0.7895772029162316,0.24992610203412075,1.0088263741031092,-0.009100469447302825,-1.7049033301752217,0.41952104859567463
922,-0.24642799312165475,0.7799880507850545,-0.5500491822675206,0.1906821298338401,-0.44822973075085343,-0.474968363203592,0.4977514054182251,0.0919183253603995,0.05261462642720828,1.0598705551486167
923,-1.074501816832653,0.09095454465980361,1.417987898352987,0.5482009922667643,-0.7851376081310043,-0.8449393844667078,0.18252484400372543,-0.5411176977423492,-0.4877169232162592,0.8010405125130979
924,-0.9741876209464441,2.4575603126772445,-1.060735374211524,0.6318020094471832,-0.7907084615070531,-1.2191116799742334,0.9848026234365337,-0.26910266017649354,1.1671720283668514,1.633084699908659
925,0.2236495120045496,0.16589288101540178,-0.05895063767644373,-0.18259701505867754,0.25222535983937755,-0.08711293826578138,0.26340708132158874,1.0421478995902032,0.7707123074844933,-0.6600131562628408
926,-1.147603319544571,0.3845859590610202,-0.681306537391885,1.325491402003765,1.170003979488686,1.0987927973928142,0.6741765828973514,-0.08222694858175768,-0.884644686824659,-0.17365877878202224
927,-0.1623399369797312,-0.10245806403199752,-0.2428220602286862,0.43749178613909845,0.022910819554111003,0.6647847726536532,0.2024955723051318,-0.14727582840325676,0.650746771888631,-0.14360652254849426
928,1.3739444444966677,0.8140154487798555,-0.6462595112558175,-0.9879321537732938,-0.687483279351859,0.110939612749435,-0.7224522962764982,0.06896577515360926,1.250098186651411,-0.6221929659266792
929,1.2165208999876325,0.2269127307502897,1.2538020896165711,-1.735070059617345,-0.4192402637570841,0.021357993301299654,-1.6990207296443363,4.865048073505068,-0.6007866180109427,-2.2425923368082206
930,1.5504550391398593,-1.544068763581745,0.12904249578244692,-1.540047629156475,1.3651278206206774,-0.1848343967994417,-1.7500654061730567,-0.39401185288376234,-1.4140717906344649,-1.8400063314483464
931,1.6353091006379776,-1.3645341087159475,-0.36912045161060103,-1.7237579336323279,1.1253576521404558,-0.391064153522894,-1.9133689020713227,-0.33225737804563404,-0.9912169801331039,-1.2493511004922864
932,1.7981615154279447,-1.9470768593024201,-0.5735293551400604,-1.6493292316579313,0.2849033956228028,-0.2804802134396286,-2.43154827106129,-0.41336038124092334,-2.0258360976332375,0.20636778288528862
933,1.3604492084063908,-1.28700040630992,-0.31622862821906617,-1.5793723724225817,0.19022505838601977,-0.3155495504186979,-2.097233481172783,-0.5054034751449599,-1.0632223035634307,-0.038997925641126745
934,0.23104050565252052,1.588614898695649,-0.6697682219037079,-0.1408482077777932,-0.522164243279665,-0.6638127599077573,0.1475298388914271,0.03807223526762506,1.7558846790498137,-0.79772207897011
935,1.6120750749381951,-1.1085667334056135,0.5053784271197851,-1.5331737720982332,1.4040570167619124,-0.2801321080410104,-1.425237571403595,-0.4029293253542855,-0.8346057158078876,-1.7628850972144705
936,-1.0425771954744383,0.6986299567165795,0.0917677743387869,0.2575642361109096,-0.07062822970771239,-0.04413407655274002,-0.49361904547848046,-0.44415001341886995,0.6863193094147249,-0.19137086597161818
937,-0.9511535336166475,-0.8225750682125762,-0.6780069179429368,1.2257908860985705,-0.636093310325372,0.9175813625072011,0.5041119448875016,0.22153376638017017,0.36018102939765767,-0.4155790326076272
938,-0.8354451616285171,1.4036908109711375,0.09525782473507857,0.5874254451649497,-0.7304863717562953,0.3144768891338611,0.4080207283828376,2.1565771053750167,0.735385585345797,0.26241641209703015
939,-0.7470547200246709,0.832593296682972,-0.016831237319618917,0.06443830356543818,-0.5314931549831625,-0.0888652163894402,0.43840847285394957,-0.13384594432085692,0.9225715231412197,0.45062317880633423
940,-1.0398311399285223,0.7887071646636987,-0.7569964768799288,0.9846892962529704,1.6560399127508694,-1.1024415430678471,0.6312703753227749,-0.44473876565048714,0.02602879842713023,0.36312251914701227
941,1.059789605095151,-0.7654420036398598,-0.7075110999818697,-0.9920950694691515,0.44828446960139623,0.10204815579555883,-0.5059843197971934,-0.4834943033855519,-0.25445347002901536,-0.9905826412655558
942,-0.8782065755142302,0.08277792078298285,-0.7074806034779568,1.5292333367308755,-0.7811167415704602,0.2575720940331715,1.2168509610237572,0.5983669052356626,0.3693440376769243,0.3386673584785165
943,0.9616241383570453,-0.24178302972437055,0.4724564311437832,-0.3857287843085855,0.294129733437248,-0.7674875913865509,0.07353990724511317,-0.4037990495791701,-0.4048663749945541,0.4914873547420194
944,-1.1625240445455933,0.5503774545817689,0.4782920923854652,0.8593693915308596,0.8963915474658736,0.9323626108152001,0.08421978288711815,-0.19868848603705577,-0.036995671441671735,-0.32267756702044026
945,1.1845478769847038,-1.1061021498185122,1.0006771727676997,-1.3926728940350488,1.5802003800674609,-0.6265705809746546,-1.9080112916664191,-0.4669074934111063,-0.9897714708277586,-0.022692162256960205
946,0.7131642800682317,-0.11160582904216629,0.12096799177628073,-0.8863008965541854,-0.7835891343109505,-0.3949757879314371,-0.07471362570126074,-0.5722147367226039,-0.775702621563226,0.2387620456223893
947,-0.05068080401156589,1.335795479695067,-0.16025568011819136,0.3432945470962566,-0.759156179358422,-0.0829594697028989,0.39862816330984985,-0.2205852572197914,1.3805503472899592,0.6589778301413616
948,-0.9218264945958546,0.5590977944886606,-0.1404701912630508,0.8557829852404722,-0.214390662519897,0.17213723401531414,0.9045622048982431,0.03439124351275368,-0.4827865993711674,0.884658508530075
949,-0.8107155032493435,1.1108445218869325,-0.8771787149685047,0.3041483334170895,-0.5119673235841994,0.09316996269714524,0.7567023928051215,0.2264389785082545,-0.2356058883899453,1.3670451916858641
950,-0.9519033005465558,1.4680202333989936,-0.1639550005202173,0.8083878314507236,-0.790759593060118,-0.29636352415708245,0.3602347804414067,-0.36589582836617124,1.6476591845362207,0.7944053914014899
951,1.3379739647494997,0.6127938455612368,-0.016635027884624582,-1.5382699722275643,-0.6570316568851696,-1.1127295966007442,-1.3115239455124337,0.08341225906494322,0.05576327749330713,-0.6221929659266792
952,-0.6404418589583866,-1.2088494242639438,0.3891288230831743,0.5872154773252483,-0.05720197572222789,1.0165365003742448,0.6249349263004385,0.3327478702753704,-1.2063939069651475,0.4434548783196874
953,-0.5294569503332678,0.7874901542799718,-0.2815163562938414,0.3620892040198759,0.21345284772207573,0.0065023324779970755,0.5846106507469206,-0.19153695086044265,-0.7199349451455822,1.0618007721992664
954,0.47688061665357984,0.4153028480874177,0.369211955720249,-0.5930431048917314,0.5261729506723275,-0.5775265690839914,-0.8155768121864053,-0.2817089931167564,0.3681980733823015,-0.5758310062584111
955,-0.08149559827866663,0.054863162360451016,0.21908877122503956,-0.04371021512876062,-0.3327011353262275,0.265518726886453,-0.0357060604255361,-0.31992405872631746,0.6465540798805164,-0.36436460868536386
956,-0.8777751011289656,1.7153955407800527,0.5467362432818844,0.47156320889911896,-0.2744781709179686,-0.08856278298212364,0.03187823601307545,0.8300983148377257,0.7915838927941707,-0.16792969450250123
957,-1.0182273584438126,0.651201442918012,-0.1645776554137949,0.9793870178330697,-0.24036072682404172,0.1680778716275142,0.9927218942109617,0.13234812776190155,-0.3936264076623051,1.0185657634438257
958,-0.423927903735887,1.1908737778319067,0.6222481340608511,0.6406170826872954,1.0792961350220636,-0.4079076835137445,0.2556547802858637,-0.424855432955318,0.5765296400273214,0.6766319916704595
959,-0.7463153888465517,1.2237221380576528,-0.31196299118405835,1.0506056463466473,-0.6449709914831996,-0.32705851849496825,0.995857863412343,0.04629624858021973,0.9725116049725854,1.1728261083730753
960,-0.4857093748320681,0.9891213789589143,0.08181455615442973,0.35066413789645845,0.09760928483279833,-0.5151402287895568,0.5623424295471097,0.2431579719437869,0.7890662686699836,0.4239997553460102
961,-1.1328447219012159,0.3372758614392443,0.4408137322192765,1.092822584708659,0.8190541136721088,1.6718799912377476,0.34986731549505795,-0.42069458540750343,-0.392793216628964,-0.18545942393258374
962,-0.15547864944886886,1.1350019374880431,0.21340108980737504,-0.10084431968666811,-0.7323398731324324,0.3382469358720825,0.394230654026183,-0.5188870271595558,-0.5917875999478783,1.2290058242117714
963,-0.9456229179719492,0.41792131510896724,-0.06089121529444259,0.9360254388497115,0.0464989305502244,-0.3180718093628576,0.7143492907984648,-0.4823777638111343,0.31507646803634237,0.46310173044236835
964,-0.7227174757226906,1.4691266064751094,-0.6385822484418213,0.7970135433989656,-0.7903600935062446,-1.226800646298819,0.5465135398100448,-0.44618859199284366,1.908386514866494,-0.7117671009333784
965,-1.1355399848992755,-0.17881609039984206,0.23498706272687594,0.3406202353221825,2.276165882544289,-0.2875194079621362,0.264208079986874,-0.20427471086828536,-1.7208718467107613,1.214076801710655
966,-0.8095144490022423,0.48499257206917235,0.04263968115267804,0.8871848551949395,-0.4022603209413884,0.9262998284281515,0.6940028621131702,-0.3962800593353101,0.10238354892694626,0.5210491069513802
967,-0.9506007112659728,0.7406746356790134,-0.22577150142383584,0.9419880854351387,-0.21555377778693519,0.24969630149944877,0.933541888660539,0.4265344226178581,-0.47682598491985884,0.8674643200331149
968,-0.3882122573109558,0.5081503327927122,0.5061194946824699,0.17888507885886212,0.7811707242786369,-0.17106603849595134,0.12198479062083888,-0.28643539905279763,-0.16664550335751005,0.5948179661633056
969,-0.44188707804443683,0.2930520265636807,-0.6601497304198037,0.5482009922667633,-0.7853445869949962,-0.3144127408814606,0.6660424104049205,-0.6228602877113781,0.8734614518131714,1.4579175025622246
970,-0.6905605082940908,0.6672894105437032,-0.2365644394822161,0.5040565715702501,-0.5792452131097809,-0.09618628929238578,0.7791078715357875,-0.07178305667330614,-0.15306084137533185,1.0648289306696224
971,-1.127980904940084,0.2531426616921641,-0.45538575829957584,0.978684121146697,-0.7795394455360702,0.24814982305808006,0.8046380622044481,0.060518650278761486,0.4468617816955515,0.6560517780134184
972,-1.0132410810447718,-0.5461414654495492,-0.3532889904035398,1.0369221067878747,-0.5090401471420254,0.09406337732222085,0.8421374289203986,-0.1262259322430594,-0.2032658809911404,0.3095445031604507
973,-1.2459150892166808,-0.8217294849309148,-0.31341675249618917,1.326771009409587,-0.7895505188967903,-0.13254883316661845,0.7666205218800274,0.15176121520458583,0.5711609146403723,1.402182485224723
974,-1.1748552584816643,-1.0605954320643842,-0.31993660955754,1.0570226593321184,-0.2254537889023126,0.18526979679034625,0.6793544424864684,-0.34818723518453615,-0.23281259503644533,-0.08391876574753311
975,-0.41089527728655867,0.9370203630648952,-0.6431337177191068,0.1708390606862335,-0.597929419306549,-0.1784741426006257,0.4009522549288262,0.8501010726438369,-0.5296367260353314,1.2675620727766423
976,-1.2486418601060365,-1.3554438568493286,-0.684010089145996,1.4744945754817913,0.07362772638412396,0.7613205758915247,0.7699238652128312,-0.17103226401854948,-0.6124365437438353,-0.4181629917447533
977,1.4993785239775366,-1.3723616529186333,-0.7454386292226505,-1.7977782465454655,1.1699262310223564,-0.3458653665623049,-1.3651860166499412,-0.43242511192889466,-0.7088566995163124,-1.5619220569496732
978,-1.2138969832267754,-1.1186800185604802,-0.3187787733279489,1.4396608183232835,-0.7907233769552154,-0.01948853960510849,1.2805139446422678,-0.42195578027060626,1.146027509919793,0.22378497580325735
979,1.8521954317437994,-1.1050495022627298,-0.302020697186651,-1.8224281234806043,1.3393111192899647,-0.9623796212866665,-2.1625012019361822,0.743290362885869,-0.4954148494633914,-1.2969847829771466
980,0.5128424380275028,-0.7659682818946633,-0.46740297370526546,-0.7035394078291863,-0.7906583575734937,1.1890870122593074,0.18133265994376693,-0.6637039669560386,-0.4110680438456698,0.24369033913807997
981,1.313333317270521,-0.30584879331085074,-0.4488419678716207,-0.41071242418241377,0.17829938435077505,0.25071511065093005,0.02378858193002285,-0.4868547414812973,0.7955539701540667,-1.5739536956645277
982,-0.5109316594811152,-2.6095315746294308,0.9161712851110041,0.12822420982526408,2.2594241102164685,3.497641646053101,-1.532649926235325,-0.19043256783537305,-2.2366833522000142,1.142985229946781
983,-1.2543457355713363,-2.1085151306590295,1.7633986859059743,1.1538818310228676,-0.6754645422732225,-0.6786459343794291,1.0883156602536928,-0.20075370403684953,-1.4501228956581842,-0.26721398645568606
984,-0.46610115849749967,-0.5591467516965636,-0.21704118789465723,0.009671732282679656,1.0334341477415918,-0.7271500577540654,-0.061532329265595875,-0.2910125084741081,-1.1459033339922526,0.6612891911610556
985,1.3035674189043818,-2.278159002330167,-1.4871773417881327,-1.3271347502668096,0.24929864794045753,2.2547127676666427,-0.2084742719110445,-0.5913783442773596,0.08549775655948402,-0.054890110884250776
986,-0.6835204550269273,0.9667981582320434,-0.3224467242693835,0.39023157218531757,-0.5181215889657242,0.04880775402543157,0.6652972793258259,0.8481674876738355,0.013156417876537605,1.0100594573282815
987,1.5725640500571183,-1.9396088410386365,-0.830030412749193,-0.6660042572583853,2.4753918728399125,-1.131681274161341,-0.09633445877112445,-0.4857481393342736,-2.254110171297533,-2.3838176210584305
988,-1.2454571693701604,-0.1074550269903525,2.396131702001219,1.1041193207964273,1.8543305697587202,-0.9833167126869459,0.5612295618001669,-0.6410866760152825,-0.31591771083390385,-0.054890110884250776
989,1.2253707238018423,0.3173922342382347,-0.8626378673343419,-0.45273635628792597,-0.7902981120870415,-0.625942221544242,-0.19226801984597308,-0.5516116788870213,0.10036499609257248,-0.4729027409155138
990,-0.12899603537414212,-0.11883486434469011,-0.8312470412278353,1.1875984706048643,-0.7685160704813866,1.23209571725397,1.0197414223604002,1.051304489904784,0.08903757549593397,1.1053082092025202
991,-0.43352524922006536,-1.0651286903749058,-0.008260649405448713,-0.026672528060071837,0.843506437543906,-0.408297722789726,-0.42622447285832954,-0.4132789591907918,-0.6943263295727098,-0.13900851755693078
992,-0.1957803945644861,0.27206318566471765,-0.17128278685615675,-0.028640128384447284,-0.32521001595790155,-0.5984224475511648,0.31751821902639044,-0.15164671627303564,-0.7768290938481187,0.7684847864702378
993,-0.07939816364269915,0.22800491984719815,-0.15161484753176066,-0.07751354672705468,1.3035548930377956,-0.6579406820560403,0.01805194044083579,-0.3853619491294878,0.5808160759463449,0.16698605111510229
994,1.0877445404213733,-0.4526434267385802,0.5343580474635508,-1.5233412191596323,2.235946551170055,-0.9399985925484363,-1.2430665014444593,-0.3950304339125643,-0.7470676572934684,-0.054890110884250776
995,1.6909017153122943,0.7348636749593814,-0.011461086343732382,-1.3713522950680181,2.3326323688308213,-0.6927243234244447,-1.4959813125672428,1.1341911605249226,1.2330283931134216,-2.217939593268247
996,-1.0391010955830453,2.0001856830108435,1.1348857135749078,0.5474900992635285,2.0900345582774857,1.9563592152126579,0.17078928216350212,0.6973101560282903,-0.647952727072879,-2.3838176210584305
997,-0.9360641255274526,0.060160494041238646,-0.4322400710023529,0.7575589817194311,-0.4975462756804324,-0.6803606099682447,0.35352874510413584,-0.34035126900084917,0.09045350307051352,0.5422707891604107
998,-0.8178700199260969,-0.16375935862760757,-0.43850014323189834,1.26321717492039,-0.5362695465626912,0.9253978009434339,1.1520871586415495,-0.0746828305578963,-0.818835877221377,-1.4305316751689527
999,-1.0491756048924066,0.09288360540790429,0.36431589112471585,1.3635405828999805,-0.7811695604236628,0.33427610819271986,0.9319768331066555,-0.4730342775628435,1.03865300218082,0.4993976989007937
1000,-0.9662249708712195,1.0673540232270884,-0.05982303230808379,1.1542214429930175,-0.17135670375411183,0.16427250759117612,0.46384780370491047,-0.3548785042586632,0.9302512867292282,0.8259667445713565
1001,-0.7854079479821668,0.8308528342613758,-0.10523705985830792,0.8528150176841074,-0.5381402050251863,0.0388409958299546,0.5264658584606868,-0.36358088022575735,0.7869234286860024,0.7328187239513978
1002,-1.1407048766107983,0.4667525995139105,-0.701539501704895,1.6650139003487359,-0.7743918341951762,-0.3546624941768273,0.9296889478313327,-0.42361272466186994,2.213990883046645,0.06454206912468152
1003,0.05443603429305932,0.8757418466515001,-0.7304927940377118,0.6785313761931552,-0.789823212199063,0.5809487367592316,0.8626285944586233,-0.2387253463366523,0.9186138089136625,0.7479595436202384
1004,0.8781141038816399,-0.29532821946907584,-0.6013796430380939,-0.625848212034033,0.7876948328289146,-0.1292305703533002,-0.5339283141557296,-0.4331595358718625,0.24719593222196432,-1.3991408147765265
1005,-0.13443007001853885,-0.48749607242862225,0.28237436843310804,-0.11292730368174968,0.5511515338450691,-0.11281197587983229,-0.44540968071822684,-0.1981782094531295,-0.18702179302190317,-0.48027347518776303
1006,1.556576149990817,-1.8834901055680018,0.25106049614976245,-1.7205779217978607,2.281387993656053,-0.7695004873557371,-2.0221256076476806,-0.5116461369356974,-1.84700152205395,0.0903554170109355
1007,0.8437708517014494,-1.2558702799988786,2.4469236767876126,-0.12430378879341844,1.2631999318862595,-1.268133352597646,-0.8276648680523968,-0.5379418876590925,0.4026655332653704,-1.0103475509557092
1008,-1.1918455152078593,1.6583164024909647,0.1259301312178129,-0.08165020859932652,-0.6774295735849124,-0.32271538057467525,0.21698641448692418,2.1425799013083977,1.408682075004355,-0.17432229089318307
1009,0.31828906061238404,0.7555159723802153,-0.5777717054368644,-0.41008277609383403,-0.6205613096883212,3.272688590921616,0.5535921326660532,-0.6311450096676978,0.45717874488669474,1.2588638692140044
1010,1.3487477316302936,-0.8614851574660212,-0.01226823061633637,-1.4318018967764228,2.0821985438443664,-0.4399149611716425,-2.1937918939821284,0.10874970038135555,-2.249264552486749,-0.018396944770409738
1011,-0.13871404343627028,0.4019024538499759,0.24477727201065172,0.0019234448424768672,-0.23742294920914891,-0.40886815968943474,0.5797732303745782,0.9424697084827584,-0.8118374942831557,1.001654189217916
1012,-1.200916331839754,2.6009462633418936,-0.15310345941232748,0.05057589000235795,-0.7778095420286979,-0.7667261119943981,0.6661045033247102,-0.4037293919667008,-0.9304302782015592,1.6171604092408014
1013,-1.2543559532728292,1.7910811716248984,1.7110793006488059,1.4837361845238455,2.288325215285336,-1.2778799296288106,0.00798164647531251,-0.058256486388137005,-1.3665359711721534,-2.3838176210584305
1014,1.5631804466448134,-1.7205469719676458,1.2907643505701798,-1.3740536884803107,-0.26326399375908105,-0.13861336998600984,-0.882617102066145,-0.6000773023314961,-1.4309606758155369,0.4228386091514784
1015,-0.2313730115844426,-0.008004702534735888,-0.12555511903570468,-0.07225738663781349,0.21492240724522998,-0.17394158275789995,0.18904095947657854,-0.36751662650680034,-0.3058589388157055,0.4404233523757279
1016,-0.3180734405694332,-0.616519972161801,-0.18403154528937193,0.06706254198522037,0.5161983321430818,0.30650477200712894,-0.21558370113154152,-0.1435550814302671,-0.2327388362262563,-0.4509009977285794
1017,0.8685557335674448,0.21782986116577138,0.8346191587061379,-1.17626982900112,0.6454716783834951,-0.8337846639029103,-1.278797990035303,-0.4941455964311392,-0.6865904033941872,0.2543989206789654
1018,1.367820221512046,0.14147891513577288,-0.6945539601983972,-1.0757675081875275,-0.7839222029004547,-0.3261818850101102,0.4430898791653098,-0.5660884235522544,0.19073335552291626,-1.0732045521876827
1019,0.21725893053990297,-0.37298456525822,-0.2448640963037699,-0.7590423790567483,-0.7907871604498864,0.38093333342523916,0.17923003844739344,-0.5269905208230814,-0.6265810702440648,-0.1780545465184622
1020,1.4818558837381721,-1.1031907954948548,-0.8426359517382023,-0.9688446766364377,-0.7898379281094571,-0.8533623522714171,-0.11496233470798851,-0.6709116750580362,-0.9155630386684708,-0.17432229089318307
1021,-1.2547441216673183,-1.182849656975215,-0.12849465781517522,1.7993726779601251,-0.7906595248694369,1.5399637853812351,1.2703927987165715,0.03494663562046843,-0.03344015970522357,0.48255469915594457
1022,-1.2141859982118743,0.7887071646636987,-0.28749210027978783,0.783933112139444,-0.048037568687289645,0.7896217477153518,0.8426222557024312,0.4981454401983458,0.7178510113668458,0.7333622771747026
1023,0.6905262543297118,0.23291857880074449,0.19557397291747775,-0.3420699672380232,-0.20962248953451218,-0.07107359290003162,0.0005180123668073532,-0.0372637227533081,0.6944951857766621,-0.7167105540364604
1024,-0.8941373888460552,1.0053599605954209,0.2149155022339656,0.8594867508278538,0.23363575145753163,-0.0005771188759307745,0.8073544664874072,0.153545374750401,0.3400850627198417,0.6888679356027471
1025,-1.1483041588725147,-0.3726157742328481,-0.035582861978579246,1.1290005759096478,-0.11210614185882999,-0.11115850587970437,0.955071153598637,0.7038688942437112,-0.9306138243686343,0.5809756623114538
1026,-0.06197190007562992,-0.7287062874987646,-0.24240126604896187,0.30122212691055167,1.475344525474181,-0.9203302549120178,0.41861673514235404,-0.5110043578864097,0.14216088762309334,0.2186622720038546
1027,1.2694606357201996,-0.3573247538121379,-0.1969634466370063,-1.5047199486964595,2.2259960976474704,-1.012535400083587,-1.541273348527783,-0.4090488907279425,-0.90789086809317,-0.38447661806595496
1028,-0.7857346283719252,-0.0609873577934757,0.10091276786521865,0.4159748936650784,-0.7906575294917563,0.36171091761377555,1.1091374860231207,-0.7268335482631993,-0.79332129139641,1.219053142544361
1029,1.6296936355379146,-2.352477986699038,1.1297242547144235,-1.7128786753374023,1.956446956941453,0.43402988215383864,-1.5708897239980597,-0.5292977549708436,-2.0723581680055267,-1.9982975694119507
1030,1.716365767307224,-1.7460786583395569,-0.5853669443307944,-1.6373531453368964,2.330055469662896,0.44057211068644586,-2.3523803953769256,-0.4356893001289683,-1.778383920323375,-1.9474308094873318
1031,-1.2536496911488895,-0.7093219803975186,-0.031471807150118714,1.7225962336107596,1.3130843739008138,0.5364273355057634,1.3665126385507886,-0.33455196363142564,-0.5752684449111131,0.7015136958389865
1032,-1.1498282414218022,0.5484029325312796,1.0616330562831182,0.888292205014323,1.1610615368614612,-0.811776956938448,0.7493897366384284,-0.105230859880474,-0.3476344885044926,0.4228386091514784
1033,-1.2397981614308065,-0.21882991665270796,-0.27687771283453866,1.284686143618083,-0.2824189959371446,-0.7950032181959261,0.6770535548476002,-0.4755303155881452,0.3712791386955172,-0.12124132200032446
1034,-1.2542433500318817,0.09169212671054809,-0.05172026863316219,1.4453479623491627,-0.7854418616569246,-1.2778799296288106,0.9390028857997648,-0.4186418914880777,0.11027648911463145,0.18397424913361382
1035,-1.2534376883764284,-0.8090296630753766,0.10000849945534997,1.5593493494133723,0.09303370975555124,-0.14262248388266824,1.0113693614090355,-0.21761813426157162,-0.2896572601300036,0.5308101254221803
1036,-1.25146724934982,-0.8491273054703726,0.6651692114551893,1.5165018893093067,-0.1330918234452733,-0.947333137890071,0.7527156592147918,-0.32860202695370433,-0.6278143753416952,0.18940298458856544
1037,-0.9910364021845378,0.9281101722543299,1.075075442453963,0.707441024991373,-0.7466442368801055,-1.3038708017119163,-0.43573435834078283,-0.5565825120608136,1.3492131168720012,-0.11460620088871692
1038,0.7199329492915528,0.24073314176196006,-0.21041877561798591,0.22660716999047545,0.4819295578793195,-0.27705314727744035,-0.12458102777181601,-0.3981717887233808,1.2038317845448432,-0.1351415647288726
1039,0.9522447692868268,0.21878673382938646,-0.09483794013455857,0.4464135266210475,1.6749458836287887,0.1276233202799636,-0.16472654511301132,-0.4572361207801336,1.0476746240535781,-0.24081173369908201
1040,1.5100066939750865,-2.0856500870859636,-0.37207847199256944,-2.250158225666958,-0.7907511875316385,-1.1609210052548349,-2.6349413914469215,-0.6771252165252765,-0.9651205037787656,-1.5477923609959046
1041,-0.4467725096622717,1.394225149222048,-0.2523326190299996,0.11240327005512742,-0.7907398210052081,0.569251125348813,0.0018513012086617618,1.9146908709241826,0.27638839240575735,0.787817664012108
1042,-0.9132463298965317,1.2013290034012039,1.3677178377286086,-0.18817752513407085,2.1266060898294055,-0.428258175370482,-0.20949725276457748,-0.39180974825204556,-0.17255622384733912,0.43527946123574274
1043,-1.2539180345769823,-1.7765847682729274,-0.050305095242331704,1.682359689627666,0.18996235127519617,0.31027064994929543,0.6960317383402765,0.3986045058931552,-1.391595529362926,-0.0593688176345859
1044,-0.46275303228070186,1.689782542225433,-0.6213574284250672,0.030992805866084976,-0.7154453564270563,-0.4392775196952771,0.38106920779951775,1.5596377303752351,0.005515520620263932,1.0811268576093938
1045,-0.8703007049462168,-1.056723126297978,0.5659934068374769,-1.0370904049469847,2.561442535315017,-1.077533623988204,0.35948966540393223,-0.6025627189183922,-2.252623447344224,0.7214190591738091
1046,0.8456475723839105,-1.3634097429973648,-0.07481809615200068,-0.9253380248384641,-0.7907595980485622,0.12129535084504733,0.06338094951154535,-0.6100189686790807,-1.074146927021414,-0.11460620088871692
1047,1.5222123292284238,-1.4485793960854267,-0.7007400724736498,-1.9449578671984842,2.330960777800428,-0.8908159094520213,-2.4602996337283685,-0.4470039138361645,-1.5400841163179249,0.9250540856705205
1048,-1.253755402654442,1.100704372128443,-0.18653508167655666,-0.1882841590845563,-0.4282567857222171,-1.045045033884322,-0.5838259720388499,-0.3813606426846355,1.3640803564050896,0.661702969169343
1049,-1.2215487904982094,1.1515975336297846,1.5633208285429332,1.0742618146605636,2.593867422624477,1.0042630330016666,0.24381055583600805,-0.3594061295003871,-0.6471267693210405,-2.3838176210584305
1050,0.18595046328170528,0.899028365682135,-0.20153161261366745,0.5886203373078316,-0.7466225799059226,1.2594789574843854,0.5452849870399231,0.2040733167002105,1.9462625774865048,-0.044937429216839464
1051,-0.4179294239217166,1.540848443713767,-0.2538765639719726,0.13328674550916225,-0.7727867762466923,-1.0909057393353097,0.4951734939127493,0.28943168180048623,2.142778960355546,0.18916695261226318
1052,1.4993719434411408,0.7077206554919993,-1.2346375721647331,-0.5073329389363637,-0.7881553009380856,0.633965302684308,0.37610573073961473,0.42217453985888737,1.0637621178367034,-2.371874403057537
1053,1.7023705639273334,-0.10745502699035324,-0.4475954771513703,-1.0285596889081667,-0.781229120528796,-0.5295594042360584,0.006677695159732106,0.17102319375303227,0.053285404237792114,-0.025032065882017698
1054,1.6538886129637593,-0.7845553495734142,-0.6897739797734097,-1.6129137375672251,-0.7907684724907966,-1.6547475748338436,-0.8297139344054519,-0.4223700163684219,-0.04335165272728254,-2.3838176210584305
1055,1.7320853080662986,-0.09085943084861042,-0.6136335657291507,-1.3804517255094244,-0.6263229627410022,0.04548864060265467,-0.8253363835602886,-0.5994559481847721,0.17470119375801474,-1.0999216859624084
1056,0.24975747702451861,0.4830162837328171,0.5073750089755096,-0.6359334832215505,-0.7907800145035677,1.0766764904998751,0.0009496233091466057,1.0853458206574507,-0.23167002014640262,0.10335752762758443
1057,0.3884190594237377,-0.019044294296190825,-0.22020225604284704,-0.6018683810152615,-0.6388068860207888,-0.13839974960574183,-0.32607608278426675,-0.40388222057784845,0.12608307662319207,-0.20120046720450854
1058,-1.1248515549406992,-1.1142545262560162,-0.036945125839395174,1.457077696902538,0.15165521527448522,1.7195534917888053,0.9841444384867646,0.22932692452063672,-0.6512565580802321,0.8358748983490354
1059,-0.21735093838265954,-0.33140261064068727,-0.5000417187617884,0.4297891235508893,-0.635040331644222,0.7036509348714655,0.619954628380363,-0.10264559344202723,0.276076775743802,0.2248715744605944
1060,-0.0013792774002953547,0.017254741752422555,-0.3079829425661632,-0.21324270537835024,-0.5945148717066282,0.006642464586953198,-0.1316021031704445,-0.39757602261471986,0.5285251475273642,-0.2917393714713015
1061,0.8562823229178561,0.18807934910178375,-0.3902688036325768,-0.3435005374108568,-0.784743358124816,-0.5237656056675326,-0.25192192974618566,0.4921887251117517,0.6976315656018456,0.7267935072742113
1062,-0.02547120000421927,0.21149762038798303,-0.43555628474234753,-0.14980472493473238,-0.6395294494177739,-0.5236355570808967,0.2724009027188411,-0.4284628469620658,-0.35548313765548534,0.9678557109765727
1063,0.5964369392834057,0.06836346013415705,-0.0323242521329617,-0.8630637977550899,-0.7659190401088414,1.269751540260089,-0.2956261200442291,0.006453109749265417,-0.38069639737093175,0.1097556801280632
1064,0.3401841352410955,0.7710051954458421,0.2359142513658412,0.6249774366161283,-0.7906661096157828,-0.6901974330830318,-0.0009597339743821152,0.2768605167450254,0.9279746634344956,0.48255469915594457
1065,1.7915147963442284,-0.2186455211400222,-0.7417942813892019,-1.2130364232476138,0.35221402432740884,-0.6313569865615557,-0.45589903404243753,-0.27790517725508357,-0.608306754984643,-2.1449532610405657
1066,1.3712920584283537,0.48111113361163604,-0.7429648421689605,-1.1735662375460298,0.5788530528142284,0.16536717453907968,-0.652931980065725,-0.2258946487427603,0.8609177857358039,-1.0460022127532471
1067,0.7327315446558433,0.6824953493565518,0.3611824554598896,0.9857556357578231,-0.7906877719347276,-0.8289959096935055,0.8404614220937555,-0.21732314794949004,1.5201863715025181,0.9901414641939068
1068,0.9678429412641457,0.6448786647686043,-0.3033907879010193,-0.07951752958962216,-0.7907601667312012,-0.3775849994167879,0.26759214411540444,-0.5265503949691527,1.92903545866245,0.11430547746173679
1069,1.0736691353029155,0.5264967456241807,-0.3451820767733547,0.8908514198259683,-0.7884442815106756,1.9839745168009577,0.5575971259924783,-0.5907569901306355,1.7803630633315652,-0.17432229089318307
1070,0.7580255689650115,-0.18357349462714084,-0.19263744458584775,-1.3965605609627267,0.7877134028696178,-0.8244836055124115,-1.1809984188228289,-0.4081202946035515,-0.586666661886481,-0.13650210055702036
1071,0.11815243916694432,0.18119770856834067,0.4354605675369961,0.0702676261919639,0.0193185474575454,0.785217738834604,0.17747979427082608,-0.18708391280892087,-0.14395330690118033,0.6278638515001449
1072,-1.0736121122128195,2.3885226327275997,0.02110234219018405,0.029249099905311993,0.45133063809939966,-0.7883851720636529,0.459893916703628,0.9868611884016911,-1.6242347897456861,-0.41318665091104767
1073,0.5505853761969949,0.8623916115330326,-0.8531807193211012,0.656967621761698,-0.7907633244163808,1.276156433737712,0.3282631360417697,-0.5005777916360881,2.1350293219709076,-0.972527360619547
1074,0.3470654444101185,0.8489491786582215,-0.8388846680168502,0.591743188714899,-0.7907687830214482,1.4693552495554643,0.27352667492429006,-0.5447146478583845,2.1826457863643838,-0.8774792506957718
1075,-0.7152288388883706,-0.017838807824947605,-0.4979278199628923,0.9196425864569804,-0.7902851764276715,1.6119801601115071,0.7260862638414117,-0.38819553829859993,-0.8362710944919991,0.661702969169343
1076,0.97541156568553,-1.2945430461961154,1.4212535084813378,-1.22079840604205,1.7420261909897714,-0.6587368031076895,-1.4600230884047403,-0.49179581036959075,-1.3756064558751668,-0.1711136247259011
1077,-0.6251618440953529,0.8040436028759562,-0.3284108151791257,0.5857113180025314,-0.7884855485736957,-0.31821940663728404,0.5925178391214537,-0.02424573020459462,0.4193577461168065,1.2831294549935974
1078,0.04143079390066969,-0.19097553799948544,0.004045356763391983,-0.15991256961659794,0.14979695207718408,-0.24109237324792254,-0.006959745344061404,-0.4375300816100865,-0.2881470121629021,0.3328882324080665
1079,-0.2593489901756378,-0.16883225293531345,-0.628506430000358,0.35342986742561916,-0.5713331339893849,-0.046641621576247606,0.11472636225059892,-0.39740838682705826,0.7265083196896238,-0.5903802612273644
1080,-1.224969635253295,0.6758571108998558,0.4558930579141937,0.46005025986564035,2.621303865732482,-0.33354491060930264,0.5547098052222648,-0.3515356436418818,0.5761166611514024,-0.054890110884250776
1081,1.0721145372780752,-0.9098554540302741,1.0334053144430462,-1.1876453659988746,0.7624054531785048,-0.20243122607164848,-1.6125150513287239,-0.33503887652579956,-0.5861242521121756,-1.0276985411318007
1082,1.001932857892854,-0.6100475676179338,1.233306817100843,-0.9410785869713301,0.6962375083090797,-0.3206551325466592,-1.0009026049796999,-0.22644374913678927,-0.20739895983855985,-0.9718272099734302
1083,-0.9428750142877002,1.1353621289081357,0.4046278897069756,0.6841982655518533,-0.4563076163990514,-0.4393951909987002,0.16146738414387013,-0.3027203830820494,1.1970046559263836,-0.13234950470680468
1084,1.6724954163112353,-0.7650945308499358,-1.2202258091091114,-1.3970611025491066,2.106454853773943,-0.69734307170417,-1.4989307262572482,-0.39380365777672516,0.20485924090205807,-1.7459528049637163
1085,1.8382621058317534,-1.094665381894157,-0.15666356836055917,-2.2066503337899066,2.4655612311526824,-1.0515276748616333,-3.4143185889720065,-0.44585641215737304,-1.581820732482767,-0.15920552003902097
1086,1.8321770777975492,0.8351748338605756,-1.3754497900112808,-1.9788814556325334,-0.781288981859213,-0.907510002444554,-0.9483735041232744,-0.5329710544853002,-0.34565218990008073,0.7214190591738091
1087,-1.2548057465278113,-1.5969097807116701,0.7123340199633933,1.5930359837712074,-0.45908162955406046,0.2985612205993545,1.2609507941010736,0.2524205869738809,-1.636531235776178,0.3257999628942209
1088,-1.2549880953560384,-1.8732264564716696,0.5509787623250023,1.2448761354369307,1.4839385878006592,0.04548864060265587,0.9954453498884619,1.2726840958947474,-1.6391020292787746,0.6019868791648768
1089,-1.1902565583633757,1.60852961406574,-0.24071882344993442,1.4154904562132984,0.19596594387164784,0.29402635489735435,0.7128604719262384,0.2580127742943972,0.8660278320466268,0.3929805641492453
1090,-0.4636778904130112,-1.222679087715395,-0.06058535430942271,-0.3652965168900378,1.06004554178199,-0.750481816942457,0.08016466573065989,-0.6050481355052884,-1.8492256813464247,1.0199995091961398
1091,0.12923551741947778,0.9292165453304452,0.004474289653527454,-0.062337615344780224,-0.16209435563746422,-0.08657146176404977,-0.04918523501092974,-0.5021104651980068,0.11008376563920236,0.8375336786269376
1092,-0.5968859605201873,0.7383671897004159,0.7055295736150887,0.6598111937746372,0.696699737258485,-0.405741777506819,0.37263784116936866,-0.5942779969620726,-0.3044368980833521,1.109573644202839
1093,0.9803433772359891,0.07990506188428796,-0.34963060809124236,-0.8183857042407966,0.8781079617946724,-0.17513045022781887,-0.5953905471933704,-0.3484655492462692,0.3196345826527982,-1.0646574228845616
1094,-1.2548057465278113,-1.5969097807116701,0.7123340199633933,1.5930359837712074,-0.45908162955406046,0.2985612205993545,1.2609507941010736,0.2524205869738809,-1.636531235776178,0.3257999628942209
1095,1.2913538398597948,-0.6903555848069568,-0.8923889117154987,-0.7374997821551486,-0.7553825658512837,0.48047476366018843,-0.7145049569445061,-0.023815713684005528,-0.06954631285700977,0.24369033913807997
1096,1.6472321703419306,-1.3081536200274135,-0.14978210525532445,-1.5174555089123538,0.7955739881372837,-0.02334939940226451,-1.3968179497183006,-0.42494626251098927,-1.1791809501076265,-1.9121476231770904
1097,1.3999020001829905,-1.5623959291788887,0.7063941309225852,-1.6690941056702058,0.5595606295640267,0.03602472644639173,-2.030228892652072,-0.48150037782253374,-1.227821410374055,-0.7994268444155558
1098,0.3308588531790206,0.1332590244954035,-0.2196428461671717,-0.3482911437483533,-0.5883755018536752,-0.08139179831422266,-0.10596707110657559,-0.463461043146749,0.09359599325320342,0.5479054068831937
1099,-1.100511775328093,0.22445689584448184,-0.31403804813118796,1.19795719722343,-0.7907919680629855,-0.9941462427215731,1.0625057032611716,0.6389028662362312,2.1173538260815707,-0.054890110884250776
1100,-0.24865261822004803,-0.6053229112426036,0.3481753988836361,0.630664580642008,-0.4512192179370413,1.2746402995328638,0.7223606886540387,-0.562485376454692,-0.2874221683954842,0.9453543966905572
1101,-0.2540995765817622,1.1974329896403089,0.04618307789880981,0.08323634569383427,-0.7314755574742161,-0.26338502674210995,0.2168560193553661,0.5248399978733179,1.3273724340341067,0.3626959756469802
1102,-0.1560475099256528,0.6027001093642108,-0.26071462716462296,0.15444164679655886,-0.6204904217202067,0.007888705081055278,0.1132727577747689,-0.22741253851644228,0.7129714167858492,0.4967751452481281
1103,1.5208646854607728,-1.5394154767213932,0.18001124014510556,-1.584962881897146,0.4661705968746081,-0.44301858949551226,-1.487528337455479,-0.42792154517470893,-1.521677828572783,-1.894425407875286
1104,-1.1814388738171315,-1.2443197450842263,-0.05075197727276572,0.825335520647843,-0.190115183967522,0.2594801540868918,0.8426259812776188,-0.5169773987486236,-0.44657101185068504,0.6539398774687631
1105,1.145036274604688,-0.832554805421231,-0.9445201090435396,-1.0046020654071002,0.7256120371966371,0.06106702476551433,-0.8339475303465417,-0.3988106764099296,-0.6367021729012282,-0.9859297187874947
1106,-0.5497861843117143,0.8384851021043148,0.29429721903831935,0.7451979741791825,-0.481889451924682,-0.4476015209339984,0.23993272880931163,-0.49803106810671427,0.8780114878764957,0.8995322502937968
1107,-1.2540118878143782,0.6161129647895855,-0.18470712002936587,1.5221244066985282,1.5512825845203067,-0.9724871826523185,1.0166811284564867,-0.5267575130180598,-0.03839590621625306,0.12425815912914767
1108,-0.44897691173373383,-0.25349627303767963,1.0847963945661914,1.8079033939989435,-0.6410266514470021,0.547617849874878,1.1607987952880228,2.4739687795612166,-1.4099813489188455,-2.3241015310539646
1109,-1.2468465056913862,-0.12869739005178177,2.6422915684883534,1.5170059770752367,2.171595620971281,1.337884754935088,0.7438200017333058,-0.35476668520484683,-0.5983952619625841,-2.3838176210584305
1110,-0.9589705440794898,2.12631221368808,-0.06920741618287751,0.3509281838690888,-0.3279759626069355,0.5992386097066023,0.11838285786112547,0.32636173043404115,1.8683275639023402,0.45269665415371146
1111,-1.1890304341841678,-0.9040436417939541,0.13510163821065455,1.7865766039018975,-0.7906658851357937,-0.4418402109555766,1.0205929824032278,3.0994652872634125,-1.0097222223780309,-0.6520510109289123
1112,-0.2709581192950705,0.662191420356794,0.2978621801636774,0.0335334558966805,-0.3806778513774177,-0.18909486665137942,0.04467950755216053,-0.2188494284682658,0.7868094900187137,-0.0965042428705932
1113,1.825921342189346,-1.4815703875265656,-0.974777502950734,-1.1949086516651246,-0.7905536451412609,-0.6367717515788693,-0.526638392912678,-0.23347835576431508,-0.6875986991611148,-2.3838176210584305
1114,-0.20809286132252872,0.81323176785094,-0.5881236976167656,0.5108791095969333,-0.7811197384970866,-0.2502477754262944,0.7502352352295623,0.5946141234447342,0.687620957649566,0.8723680644628764
1115,-0.22908780510539262,1.22683090280568,-0.7079479337223586,0.7543599632048741,-0.7907369704656644,0.05631817063728327,0.8264905151411074,2.030736154898071,1.2649654261845,1.856024769258666
1116,-0.9997948713620447,-0.1280647493444457,0.010542754395938596,1.0631298853527813,-0.4298898837927176,0.5397694106597225,0.6397214641449885,0.20540929409477857,0.10563353487127514,0.2784241195730739
1117,-0.931096028831938,-0.5809827035680496,-0.1695269375642559,0.43659079075888957,-0.4529263882538843,-0.9620186369521794,0.8386607274198585,-0.47042140371508107,-0.27214194998647695,1.0100468275287293
1118,1.1409182930910995,-0.5787699574158169,-0.8858343132079426,-0.5451524467084586,-0.7906147535827288,-0.405741777506819,-0.07559542356141657,0.52125981445648,-0.036743990712576745,-0.9705368242860648
1119,-0.17278618463156428,2.381884394270902,-0.3986842952736469,0.4856424079820955,-0.7907616258511301,0.7494080928534359,1.2297840291742086,0.5022049539569432,0.8239039867028765,1.7365925892497336
1120,-0.30380909153670854,1.4584316667393196,-0.5614092767426457,0.651991370739054,-0.790724241618877,-0.25737721603242364,0.9353601011721111,1.422913720702692,1.2319271161109704,1.9688218281559915
1121,-0.8824864633721923,0.23383799890756302,0.25640537949254505,0.6932839629804591,-0.293354636975132,0.011864665584581248,0.4230130127390337,-0.0022791747249238975,0.3514733638893155,-0.0035076340570481626
1122,-1.246864709882006,1.1936397105221974,-0.09708118973946303,1.1425075429711105,-0.7357943707419402,-0.9399985925484363,0.9458951998964042,-0.582679386223223,1.1708062424749404,0.6019868791648768
1123,-1.2328506109725097,1.3303874227301486,1.1228290913926706,0.9947128875985815,1.8944956518022629,-0.7225957771032916,0.7904921448931183,-0.16077992059760282,0.20517903480084598,-1.9060889010227013
1124,-0.7601410753935579,0.3333969542096551,-0.14671381216592505,0.4375510171139923,-0.47676064637356813,0.06913126330987687,0.6911227130421015,-0.11054893822271145,-0.7940313730240895,1.0662503135820784
1125,-0.8472336105712764,0.5140204135247642,-0.47715921426991553,0.6755174860648574,0.03318220102257475,-0.046666308841563954,0.6107847014018509,0.3834763816887187,-0.05838924604668751,0.953885266691195
1126,-0.7130037084866194,0.5217024622943445,-0.16482818386967035,-0.2343737221276165,-0.3019490667636049,-0.18551125144152156,0.16334330619873916,0.34262049727331967,-1.065612030252419,0.9818475628043982
1127,-0.5581176030222502,1.1577932228560348,-0.4455023025715523,0.9646421135617467,-0.727470016720756,-0.41563274827177826,0.9198534293366688,0.5790043264920339,0.7936739329855967,1.145403298205519
1128,-0.9933398236139127,-0.9432408593477822,0.3536726174292966,0.7147530673103609,-0.7672748172897851,0.24016233527274342,0.7119024668780569,-0.2975074211695925,-1.0174154288665815,0.838007615849196
1129,-1.1312430765033912,0.7397501560455613,0.934043710715968,0.18813368612830428,-0.5081033824995246,0.8939823188157112,-0.4538499676893827,-0.6151451403895551,0.7012492605548967,0.36312251914701227
1130,-0.8424054299035675,1.594311158557161,0.1654740345233374,0.487487753232103,-0.7241443898151728,0.4118437525140926,0.6026191492506352,1.8619931647641834,0.6790555989202539,0.2703939231819888
1131,-0.63486290362965,-0.03578914650887123,0.6506487107676188,1.6869065032442743,-0.5450675506768539,0.570669278091443,1.1399127645947311,1.8628859973034344,-1.0118831975573301,-2.162015001041842
1132,-1.103952429912605,1.333042718112827,0.9619425791217563,0.012187667827675226,2.0900345582774857,-1.3038708017119163,-0.2932311074237748,-0.5652814701149501,2.1817785307249538,-0.23403838089764922
1133,-1.2440183501802735,-1.4351027183296887,1.4068557645452386,0.430192753729776,1.0910986069360495,-0.9508281225830637,0.025305571096595827,-0.6050481355052884,-1.4557394083706838,0.24369033913807997
1134,-0.5532884097228027,-0.13290160774102328,-0.42648938819030907,0.46964731540931137,-0.7668344347632997,0.1952971394149999,0.7680455543891977,-0.00948018587030023,-1.0681174354329945,0.8159695350142135
1135,0.35985991318975313,0.6072619801806569,-0.494149567140442,0.8702609117679863,-0.7689851483650457,-0.032612898623264504,0.22402176405950716,-0.2747392299360612,2.063342088809576,0.18113062580006845
1136,1.6796609403913039,-1.0203699700526405,-0.9114567195784857,-1.4296493181481809,0.5678765755417443,-0.6065208541393393,-1.373649058364086,-0.3231528216953606,-0.060602906680449375,-1.839586891699546
1137,1.8462524829160063,-0.23358155766758956,-0.8881395172504978,-1.5340046142081551,2.574537201343838,-0.6476012816134967,-1.594853938512132,-0.508738242763064,-1.0394567014442078,-1.6672245410048367
1138,-1.2496813548395997,0.0717774113404573,-0.28603747954705167,1.2875297156310221,-0.7041988122809723,0.1754430010181843,1.1845182906476295,2.7403225904569197,-1.1385716316647974,1.079715599200606
1139,-0.976365472048217,0.17560713767760117,-0.06433440168707014,1.0654490989737768,0.19499599737458057,0.08394544364483823,0.9683939041008628,-0.1334923818351575,-0.8243827811567401,1.134569601094589
1140,-0.8984773600894472,1.399349722416052,0.10650892279007526,0.5215367823788389,-0.7370122862595782,0.3250893535510154,0.6058350881611217,1.7747467220635862,0.46536084322925836,0.35473065605707
1141,-1.1716273189440891,1.57926101723394,1.0816628283625833,0.5034793596996243,-0.41393686709853383,-1.0685549590867676,0.30436131329041727,-0.4900411316207312,1.0708353196751732,0.4700686076095565
1142,-0.7632153877229056,-0.5153747801543636,-0.6368433955223258,1.1218561012271369,-0.3850453415552859,-0.12001365215153838,0.9205100619634432,-0.2200881739024134,0.3457157462761233,0.2601122638893081
1143,-0.49269791036821503,-0.36879620583514844,-0.10216153418852103,0.630476283890344,0.6970493785984618,-0.023786257351784183,0.37967144795964225,-0.4292125454787622,0.2162325174478276,0.053488095678918816
1144,-1.07301324779953,-0.8258848497830292,-0.849941815358133,1.3989386513275905,0.4929660507580065,-0.19063590069391084,1.0678037614821758,0.09362667567433576,-0.1691568177287029,-0.08118070115894434
1145,0.03251282623115496,-1.5115752253508348,-0.5931265832732672,1.3216525797862961,-0.17584737055051253,1.1251927850550063,0.7595233011480821,0.22358975456588445,-0.3478327183649331,-0.10266298288782352
1146,-0.8508734863325793,-0.37368113212145226,-0.35539532301468113,0.9528502262140078,-0.41756876785133457,-0.05286787454781549,0.8100165093616928,-0.01701542570409674,0.1644746054848855,0.3575155254821325
1147,-0.520787801020605,-0.10380064319348431,-0.5003567082692117,0.8137027923331847,-0.702538038256885,-0.23027015346051147,0.836984233059415,0.049371804236092054,0.2745365747728652,0.40153198247700245
1148,-0.7915312864629954,0.30630608988458374,-0.04229843027207958,0.04393149177729564,-0.26314694411951833,-0.4791087315575018,0.5755090330943036,-0.4348185253079629,-0.7574149142328769,0.923475656818231
1149,-0.7483677498588035,-0.38370613060278663,-0.4073891144869791,0.6997725435411237,0.24268444084149682,-0.1340531612215661,0.28196079065293506,-0.378669773412112,0.42107372955632183,-0.22530487056483825
1150,-0.077292380572343,-0.1981776192318734,-0.031894457241954735,-0.2735913194727397,-0.7906502713054432,-1.0663431096190894,-0.013999247130186819,-0.6033911911140247,-0.7817578828706747,0.3034064291425461
1151,-0.489651704658271,0.5616794094446744,-1.097388030436056,0.462822742578256,-0.6647677302290095,-0.04750994856970677,0.1754741929616237,-0.16298572781847329,1.1564345775929525,-0.38482150815892613
1152,0.018013751418632158,-0.4592816651952765,2.590698671777931,0.639195296680826,-0.7907919680629855,-0.16027243005526462,0.48392387666218223,-0.1651293996246711,0.8784171983242008,-0.29375447090211537
1153,-1.229303608882658,-0.3623633837275054,-0.2605516790093397,0.8925575630337322,-0.7240662640598878,-0.5514350549060069,0.9859823889125351,-0.4119312667034581,-0.7906782265905279,0.5542140071613041
1154,1.7260650986686266,-1.229796863034241,-0.45760260327581276,-1.7401737532655406,1.2929881423541127,-0.5062227436324066,-1.8535235177363627,-0.4062356956982868,-0.5008981852472881,-1.520732268943597
1155,1.7578012350039842,-1.3989737240211597,-0.11043422124398238,-1.3387045584080086,0.044121324317740615,0.4146405568514088,-1.08991038044768,-0.3996305971988281,-1.2455763097000587,-1.5229363965213445
1156,1.8378343770608965,-1.377483981215033,0.4974633179887968,-2.083617424362115,2.4242154115408607,-0.6270546713980618,-3.020882910093923,-0.507191823294847,-1.3109516280852844,-1.0308057529380255
1157,0.5591348815282057,0.4767099571989552,-0.46323353054930305,-0.5593703067731558,-0.7907919680629855,-0.8533623522714171,0.015060239331320797,-0.5876502193970153,-1.361580224661124,0.7214190591738091
1158,-0.8474359912982345,1.4326826773478447,-0.5686504938049514,0.6997349448363073,-0.4814146824845197,-0.22044851861434428,0.8711899662392059,-0.15456637913036245,0.7408621943330588,1.7626686152183506
1159,-1.0454693823010661,-1.1024396264063332,0.20969889745030895,0.8641218429043365,-0.3201931465399576,0.39663710193422413,0.05062216171415697,-0.30873524388253887,-0.21896113863324965,-0.1259208284685105
1160,-1.2431036628595817,-0.6580794379247717,0.15906311782504823,0.8778308532404037,-0.6269757722095545,0.6682436151202278,0.18118167610722652,-0.3109841098556821,-0.16515868539311254,-0.14917867404919702
1161,-1.0805142738338704,1.9681008638034763,1.098831899699245,0.2837487950633939,-0.6057917735188626,-1.072840827639866,0.7686199138972503,-0.37224744853268343,0.6801873378830214,1.5176335925666908
1162,-1.1604730011327204,1.7545708601130663,0.7864001466038134,0.9249742839812418,-0.6882962757222577,-1.431117779618788,1.0673489510047562,-0.29064293726292634,1.1708062424749404,0.12425815912914767
1163,0.5937731212847381,-0.7767492728697061,0.3443499263741725,-1.4283580151163073,1.919032960447288,-0.3836715963899531,-1.3662157342237315,-0.5776740333746138,-0.7760495970746368,0.06177743532817838
1164,0.7518230140456931,0.7799108014146203,-1.2470033236973304,-1.8049582465336163,-0.7907787724403479,1.3999923624738262,-2.827829850814039,9.220186539812472,-0.40840681722367544,-2.350446864879464
1165,-1.1510306973533468,-1.0668724454555205,0.4204408332372672,1.2518331477524964,-0.3582837608077717,0.2741276019246005,0.5703821356594008,-0.0690442203252157,-0.9321982073256478,0.2420215731357237
1166,-1.0180341044062962,-1.0511221126001407,-0.49626759757089894,1.2548730682949203,-0.511000928108384,0.968130757271551,0.646591803280845,0.09591701126776445,0.3704531809436791,-2.3371644257424413
1167,1.6485430594370616,-1.4059621895940504,0.663099815676832,-1.422628211149473,0.5401387958477876,0.6276436980393011,-1.15488432631638,0.007978262939379503,-1.20449659902063,-2.3616031355688536
1168,1.5704835515880826,-1.4979083111040743,1.0702857898441644,-1.4511036704369775,0.9979566480267316,0.2650146289335041,-1.2254282699772368,-0.4757885201153869,-1.2546131310012025,-1.7655871038692423
1169,-0.21345101384688075,0.7141991769331973,-0.08012116510809066,0.04445339082524982,-0.7613280415349972,-0.344844873800133,0.20829705892764638,-0.45762252052363217,0.2585641620190008,0.9275293683208031
1170,-0.31744881942414044,0.5391093986919038,-0.3312673791248834,-0.04155584321688078,-0.6858849865063792,-0.7134448242240325,0.2919822430087374,-0.6348731345480434,0.07955086074624876,1.8201951152559865
1171,-1.2480220209695236,1.16708675669541,-0.13159056973787406,1.253406851475749,-0.7907807440635322,1.615770495623627,0.925031978847117,-0.5851648028101193,1.6118676819565632,-0.23403838089764922
1172,-1.095743912881413,-1.042229639000857,0.544050966988249,1.3221695928795576,-0.5492795014396782,0.5850814604431535,0.8664848470180984,-0.16131842752476458,-1.1297489011337982,0.44428211419853714
1173,-0.7757953071130916,0.3193837057752435,-0.17907425093042126,0.5137937709101958,-0.7593354375419121,1.0024942097626768,0.0363332736512193,0.5586239104794855,1.0439391317925852,0.12425815912914767
1174,1.8134098709729398,-2.5370503021413375,-1.2038538527258567,-2.196414714622402,2.565183868466109,-0.9616576526176911,-2.356827203709545,-0.4994179305622023,-2.085119215271428,-1.2492119109735738
1175,-0.969757414119827,-0.5549562474551158,0.30407075574255876,0.6849827301975112,-0.5366348655445285,0.6666577381086518,0.2911047175431857,-0.27505258033762375,-0.03399847816449204,0.005266865457237025
1176,1.5601337808056766,-1.2289248129851111,0.49742561549993347,-1.5002409168228024,1.25258829425908,0.12198531948147406,-1.277405282919964,-0.37767425908883256,-0.9818131968829545,-2.1082248109044026
1177,1.293290138976619,-0.9296482758412127,1.256368935150104,-1.6229982625988284,-0.7820354713561846,-0.2592852760861442,-1.2171471426408802,0.9498462342325594,-1.638464861870214,-0.15299511589158862
1178,0.4903760194262011,-1.1796797451573389,-0.5307659365660468,-1.1219596536071734,1.4182749254940332,0.1833458131317024,-1.125395110500126,-0.5277397966126858,-1.2872978379529012,0.3113559616310447
1179,-1.0865396030868235,0.9742364463305757,0.13292184943318136,1.152773740659096,0.4720641212089783,0.07384522065687049,0.6303797263085368,-0.327100053487,0.23422600236692098,0.8654770172512497
1180,-1.2514264722219073,-1.7795535360271724,0.4833160047061533,1.5022194026079523,-0.04372069378645493,-0.5844290230781707,0.15423117021962324,0.3802814624997603,-1.2699539780572011,-0.021714505326213083
1181,-1.136852386098747,0.8108346261860208,-0.324451970289823,1.5313660157405817,1.7533145746792487,-0.3764118003297034,0.6848876115610478,-0.5242720964311638,0.9758802130411136,1.1842187567084217
1182,-1.0517170375841085,2.136269571373126,0.2651299389640061,0.9846892962529704,-0.7907919680629855,1.1609302341692762,1.2113424319967132,0.7134653638431152,1.3541688633830302,1.6171604092408014
1183,-0.7272111791345833,1.7025713255356094,-0.3771516819282414,0.5308552029878326,-0.7907044782343583,-0.5708560121014381,1.049726980368483,0.18680558907982267,0.5919750499866966,0.5581950798282679
1184,0.5810299561569171,0.49662467256904524,-0.5882005964529182,-2.297930235484341,-0.7907919680629855,-0.7450670519251433,-2.173901462009543,7.374381816724778,-1.0345009549331783,-2.3241015310539646
1185,1.286610740697214,-0.29868593124075815,0.027746218857857653,-0.7418011145787148,0.11558840354275032,0.2320709309124471,-0.23021566478861838,-0.04942471243850763,0.6003769686698861,-1.4788579334588812
1186,-0.7013958435247314,0.44351876491547176,0.7621664469631656,1.6671465793584401,2.5053225380486444,-1.1414278511925056,1.3201292274679977,-0.5752231364625346,0.06071902400433661,0.06454206912468152
1187,-0.8468712864881943,1.025238599200778,-0.22762735201041606,0.5832574114415223,-0.743490082924122,-0.134708463851366,0.7382450406636785,-0.015807823023628945,0.6793426681236322,0.6427593149164773
1188,-1.0414061229458549,-0.33931800251574973,0.0695971637374624,0.8943563753075587,-0.5866595912205101,0.43210941240015405,0.3615639123267034,-0.28895088013085546,-0.06438125641076117,-0.07182043287969833
1189,-0.9759113927851678,-0.7812667089422028,-0.4237706594556277,1.0687778528635705,-0.6383170587025152,0.3013415085185404,0.45001792448724587,-0.034912698935748165,0.39250830074689674,-0.3155722296812955
1190,-0.54349645081804,-0.2459641229669398,-0.01503536157102328,0.5648356481290493,-0.4553860669030798,0.5370297811905114,0.3272198946971186,-0.1022849331243188,0.33839220911439055,0.09229312930149369
1191,-0.2478384967879956,-0.08525675759116019,-0.45235840556628887,0.2949297202182739,-0.7906086490240217,-0.16384184315467765,0.7879695579337477,-0.3129122698815157,-0.0009780377593771145,0.894834584546779
1192,-0.4767713197446604,0.11947147904920505,0.8509019415630386,0.36773572558842654,1.1387829443947808,0.08913478732223648,0.3523429437428059,0.19357814905758444,-1.0055886187763767,0.6447374419876226
1193,-0.7626498851014561,0.2615541161969219,0.47079258059212997,0.525161809353134,0.5626209037590317,1.2362608793570131,0.6348149975923082,-0.04979428259187378,-0.7834948495704982,0.5129169980124658
1194,-0.5804099168620822,-0.01451968859659963,0.5123569969330266,0.5018507684558505,0.8967737630683562,-0.8717725533302837,0.336428354994095,-0.576962928073362,-0.9641293544765596,0.9602834191916737
1195,-0.5194506598801223,0.649601238732397,-0.9215512788738374,0.2653972238317384,-0.7447840469611688,0.24766660749603236,0.6969215643769273,0.2747950895350817,0.43314337430820277,1.347516459621869
1196,-0.9626457887493093,0.6592615147581137,0.7878970323457334,1.1837393371587324,-0.5388512172240078,0.9093241530314329,0.10860322299427128,-0.03298808442135992,1.5986523579271528,-0.2838017892347045
1197,-1.255019968328962,-1.9396088410386365,0.6222745496915909,1.6308910361934623,0.6138915635143262,-0.051977129708990676,0.31776322330535767,0.08589767565183926,-1.4235270560489923,0.0944001141269146
1198,-0.12651438108205348,-0.3766084497767243,0.9964344280326843,0.1853471808536111,-0.7812821465373293,1.5237670422400638,0.35981325129759767,-0.0312557532390069,-0.3624538467028508,-0.01003012530710033
1199,1.57725585176327,-0.14064621927383594,-0.719047781759202,-1.197041330674829,-0.7907661528642429,-0.7060807438004848,0.037041132936820126,-0.6454361550423507,-0.504236078253024,-1.9359469460249343
1200,1.549688990616881,0.21162771585699128,-0.5583734328547539,-1.1292659434342143,-0.7247119912743164,-0.6139980174864031,-0.5451156246599801,-0.2732300415464881,0.4818875856455802,-0.7224491980363956
1201,1.8071541353647367,0.8949189799708465,-1.9220842862873972,-0.5124513685596547,-0.7907919680629855,0.002170520464146298,-0.3494872927531033,8.095152626924659,1.542487230802151,-2.3241015310539646
1202,-0.20134418753624456,0.11527093698914569,0.3498950916840364,0.08218285735073316,-0.7882979115570455,0.7461072048226329,0.4753449565126649,0.04917312303507233,0.0805656111702838,0.11848674774844774
1203,-0.6482220908550045,1.4060633411364913,-0.06157858202523736,1.1595689750487468,-0.7907919680629855,4.648038905319294,0.8741778775394786,2.403548642932493,0.6058511402175792,0.12425815912914767
1204,0.621495186927204,0.025624714382953957,-0.7630142840714362,-0.4967130818325362,-0.7901280695544737,-0.5044204724543212,0.06631107428854746,-0.4758604822386771,0.6397578915158296,-1.146911200963929
1205,0.29785111966267613,0.02742786428272429,-0.4035661007930034,0.12222174471653502,-0.7816918405723381,-0.7125155270524204,0.2917313794426674,-0.11173654680617502,0.6467523507313065,-0.880766254772772
1206,-1.0304333353344048,-0.7414594840370821,0.24912603606858968,0.9598418931875232,0.22031385529559822,0.11759382893903146,0.3677352109112241,-0.1949741241958923,-0.2824546224879992,0.01588451430622709
1207,-0.5351384832650719,0.20470352654799198,0.03385320383663858,0.17687788024375237,-0.08229736296199987,-0.2411780440222941,0.48180366217186865,-0.4136322236801164,-0.3716870665361491,0.6614956216346053
1208,-1.2396985763124702,-0.759832940290747,-0.19052742804025097,1.6172935918406788,0.3748929623512744,2.173609432734587,0.9573377960514394,-0.09574485324048751,-0.7695487255571389,0.6611600956238479
1209,-1.2480324471955375,-0.04549813472785108,-0.7367374491445894,1.1680996910875652,-0.7907919680629855,0.3313882335168186,1.0920619330809955,-0.11417835959330026,1.3574726943903839,0.7214190591738091
1210,-0.9761790301150552,0.8617277876873637,-0.5190726518490387,0.013609453834144799,-0.7705720577590166,0.8252148030958277,0.3427245770607549,-0.687481118970678,0.990747452574202,0.5223654258255881
1211,-1.2508518029718945,-0.8924267244947351,1.3415219850366118,1.6575495238147697,-0.0455097431793097,-0.8785410096019258,1.2518114924695498,0.481389590041688,-1.6814736619480775,0.5273417666592942
1212,-1.1539205687628906,-0.639107521812368,0.3766639895750761,1.205657101944326,0.04398075348274772,-0.25237569907479274,0.9181858476662401,-0.3663533012284057,-0.9272545957908549,0.3481834434320906
1213,-1.005626989025405,-0.8075900370181508,0.03142874055896749,0.6537828211072053,0.7508533521761972,-0.5576403756158473,-0.20530008185140297,-0.45454373408579246,0.2985452990686412,-0.17909957809354027
1214,-0.9997858145372268,-0.4286993240931974,0.03460383012617291,0.7125769617851818,0.09067189064185131,-0.19762154399529558,-0.0067590460323331495,-0.36823686213628903,0.16572315943583837,-0.30488702065609796
1215,-0.3786927039334884,-1.1053839845472566,0.1375615960468316,0.889451176031718,-0.7666485004573849,-0.4072139737194393,0.7887248486836533,-0.28128392118424056,-0.01163070355289635,0.6483070617735602
1216,-0.8081186930006773,1.0861002475237111,-0.25000021946665335,0.36194702541922846,-0.789220608139527,-0.013424002785718306,0.7303706753068901,0.2988978771488387,0.7247890564822869,1.8082518972550932
1217,-0.5954767257466143,0.0026290940832004502,-0.5890573434099112,0.5460683132570585,-0.7794522413809037,-0.38656448473716665,0.7757295532131538,0.304821453347607,0.08653020374928144,0.492507380823355
1218,-0.8740535491727397,0.193996433471594,0.085895833998082,0.563488423168146,0.8282465111254566,0.2761715774622335,0.4240215668587572,-0.31239409818097585,-0.011090493811163596,0.2987015250815882
1219,1.6054514910747995,-0.5832422024832496,-0.5702791692033027,-0.5415436143432188,0.565726065886386,0.11058298426413674,0.045331057616251835,-0.43361939082267564,1.0233583832081727,-2.376353109807872
1220,1.1362264913849474,-0.38460148255743826,-0.5244464716625286,-1.0978717567235656,2.4276898751634954,-0.8899120161382845,-0.9095343827949133,-0.5444661061996949,-0.2477761963072486,-1.0551346184590586
1221,1.5884640447279672,-0.49634516324516703,-0.13357350308540525,-0.5810525433718193,1.6586557281790077,-0.4228885333949786,-0.028171956072150634,-0.4736317334731548,0.9630778678876205,-2.3838176210584305
1222,0.9125839433916846,-0.6827690265707319,-0.1283537744512304,-0.42003527813912245,1.4926823327969703,-0.23788406197009437,-0.32135920008843905,-0.5520259149848381,0.2639046309565449,-1.7070352676744807
1223,-1.2548195032813974,1.7047840716878415,1.7129283948005884,1.3429793698833417,2.4342372081779056,5.167856346981409,0.1948192421220563,-0.2633033548070688,-0.9552090107567066,-2.3838176210584305
1224,1.3848919818110235,-0.39953751908500673,0.8471191154222056,-1.0626825530634398,0.07345598983915598,-1.3157832847500064,-1.1231029804110568,-0.4782918895735851,-0.7867136293817042,-2.3838176210584305
1225,1.2009046207044543,0.304540535881607,-0.5683850121970876,-0.44560165856689066,-0.040268498176500536,-0.32710910305032237,-0.05652000697933983,-0.3967609991027955,0.8992852161238704,-1.0429823629435209
1226,1.7525207110530956,0.02353954522179564,-0.5407577714359152,-0.8154339665383538,-0.4142929331757352,0.43852838399273103,-0.5226333995862518,-0.2711324170557916,1.2651306177348693,-2.280309731717356
1227,1.1653956866328856,-1.0024795941210083,-0.8241213081953398,-1.1621529870892868,0.14802379892819842,-0.6074166930226697,-1.5578640269912631,-0.43024897523801864,-0.778184757456051,-0.8441313043296415
1228,-0.828230272874968,1.253844946730397,-0.2531818738174383,0.8759011837277184,-0.6775552614588438,-0.07017064099564486,0.9136409047730163,0.5683908351984444,0.36147020965802723,1.091013533445041
1229,-1.2550075845790145,-2.016501769828707,-0.8308589830333967,1.5736641494330559,1.963284426673757,-0.07697529487225521,-0.38587374374977707,-0.0338165566169924,-1.3295743617773919,-0.23403838089764922
1230,0.015928506215898,-0.5492666753860544,0.6409245720078725,-0.0565319891516944,0.10867731582721496,-0.8934316133995386,-0.17034921916026302,-0.4595131864725921,0.04199731496266919,0.3365820347005838
1231,-1.2090967101970265,-0.730270959589279,0.10585197666538512,1.453560321572112,-0.4225833656383663,0.4099990420097012,0.8857940100051577,0.2529467868978651,-0.5971121544336003,0.3490630112021043
1232,-0.5961836383512109,1.8621349091799106,0.8455423957740498,0.6617858965614007,0.4295801262324558,0.3971676011345546,0.9147521510152917,-0.03455297634644241,1.2875416047347452,-2.377182499946823
1233,-0.8838772996109294,-0.682052737812599,-0.12119023743463661,0.7787231157190344,-0.03201666232070102,0.09711297938337567,0.3547592266456767,-0.3752511016706181,-0.11711705240168854,0.07174352196556134
1234,-1.2522290813627353,0.0817347690255027,-0.4259998185005992,1.3159654357604178,-0.7820434840446833,1.0138291178655883,1.015936013419012,-0.27614467383936636,-0.358041556177655,0.13421084079655812
1235,-0.24225404750913837,0.6278491372619661,-0.5376635108361854,0.09554382383965808,-0.7414443336111204,-0.3421086049020532,0.3230700458065781,-0.3268421720106509,1.1945725514234977,0.08836431061061921
1236,-0.26967122694659723,0.8841460774676283,-0.5611456586613491,0.24224412638705908,-0.7655294373604861,-0.16266890904838643,0.41456845682167226,-0.26843623945915995,1.3431907089311061,0.06970938986093168
1237,-1.0497152021894838,1.7432858547366816,0.45687571937771243,0.5828925708246252,-0.7425575786791683,-1.255787688358172,-0.08020271820980063,-0.33836293573133225,1.5523987238242094,0.8886241111863142
1238,-1.1743294555048904,2.5412021172316233,0.6174087905093287,-1.0328250469275755,-0.7907919680629855,-0.9508281225830637,0.4740511024156446,-0.5764658447559827,-0.266360245723609,1.2588638692140044
1239,-1.226783798579674,1.3795103873097039,-0.6540811795178578,1.752453739746624,0.9489279471945721,1.1284416440653942,1.3046680904404009,-0.07689711078985809,0.3134620960668403,2.214321309285463
1240,0.6905053293004721,0.35722166497841484,0.14355464004737495,0.47284633392386793,-0.7907919680629855,-0.8750214123406719,1.302991581606083,-0.5727377198756385,-1.1187486456206792,2.0351730392720646
1241,-0.02892870211011039,0.9565301306470604,2.166478831085201,-0.9711439711937755,-0.7907442090684369,0.8502919335822604,-0.9375693360798925,10.719985550492,0.15098330069038457,-1.3793743259051836
1242,0.4215086981477363,-0.41613311522674845,1.8217502271960677,-0.06885413454109894,0.8345292034336464,-0.680089871717379,0.746297509232909,-0.580815323783051,0.6801873378830214,-0.4729027409155138
1243,1.7598510975386554,0.10585080960620435,-0.7391507558467992,-1.4958812345248738,1.538704532206337,-0.606311044059903,-1.7152862002145346,-0.3824598574278598,0.24842197192208681,-1.942582067136542
1244,1.8056417424290179,-0.7871780800127208,-0.01431017040832338,-2.163414394885563,2.5986500737370894,-0.9208251689650107,-3.326746366087038,-0.458091464857067,-0.9567652638095899,-0.8593262238095333
1245,1.4849837515422735,0.0053950267734904295,-1.1710308465938715,-1.1836481064938844,-0.7907911300043596,0.41217652757513795,-0.08839898362202078,-0.4782918895735851,0.568187466733755,-2.336044749054858
1246,1.7508525148909082,-1.5081233413533524,-0.16768488758067018,0.36621238343863816,-0.7876791788812774,7.474546244357041,0.5649551369875397,0.11696538298804107,1.4631952866256788,-2.3838176210584305
1247,1.0470822589680524,0.543092341765922,-0.5966535982896386,-0.5679010228119741,-0.7907444531319666,-0.6151126915096146,0.4923064208337709,-0.6895522994597573,0.2440816449124275,1.438012139227403
1248,1.8102820031688378,-2.1785854254797172,1.6297297242226678,-1.6385058856836803,2.7896638575316,-1.1468426162098193,-1.1400543475136025,-0.5416700125394367,-1.9215795804074551,0.06454206912468152
1249,-1.2458855768737234,-0.3765202760411526,-0.3377631234207991,1.4502339412444116,-0.7600223729992688,-0.0036042739026428466,1.1225477497608434,-0.07093780946730924,-0.08608294848111521,0.7523302980032813
1250,1.7336492419683494,0.393731976490247,-1.3578411305601628,-1.267419737995081,-0.7907919680629855,1.2313221793943543,-0.6459499382882905,-0.6659408418842439,1.093992171553983,-2.3838176210584305
1251,1.3419253287286825,1.0103281570636018,-0.5753693726015903,-1.1065553048628656,1.8249042654402403,-0.7449137565556716,-0.8138836545906284,0.018930048704056412,1.1958345816813833,-0.4222254843960542
1252,0.010715393209061737,0.10856431612131807,0.27801548363885675,0.045599638979714446,-0.739282663502024,0.2959215226534139,0.49181743909042835,-0.5303820788739505,0.8465971759346319,0.27603655455716525
1253,1.4087345265130018,-0.023062469277181755,-0.6255776447455655,-1.3967626576879317,0.8239268185108226,0.8153779799810392,-2.070478829526792,0.6054192748009815,0.5937809476141094,-2.24533316471474
1254,-0.9109629863995373,-0.4194522344550968,-0.37461437254358554,1.4538786783879811,-0.6014805106177545,-0.9833167126869459,0.35669548401340256,-0.12412002594088478,2.2660262214124547,-0.11460620088871692
1255,0.7543317176481829,0.3003096614091888,-1.1736488848236757,0.14230256664295046,-0.6217848082492277,1.912282711318799,-0.38289856694480856,2.7034769355384025,0.2512959753109395,-0.3213717074587621
1256,-1.2256681923962112,1.215767172044518,0.404467107990046,1.0657310986217445,-0.6907911213785108,-0.8122101381398331,0.5493077212005743,-0.486576611529906,1.294699905250677,1.2588638692140044
1257,1.6069705959022353,-1.2708063165264458,0.6979949552070879,-1.7817152811853436,1.5222872525993474,0.8685329232343373,-2.1764162252610193,-0.5876502193970153,-0.48689096546442073,-0.17432229089318307
1258,-0.13962858306067222,0.5811057560932846,-0.04451069055904497,0.2022485026112194,1.2808884570200059,-0.315315262489454,-0.12430587657353197,-0.30105271132205863,1.1293460833853173,-0.6152880835779587
1259,-0.952130939814521,0.9120677626506465,-0.28833475890038557,1.1478392404953714,0.208468232151545,-0.8397351936445114,0.6397460588740478,0.5492207510590615,0.13422926391794016,0.8756856250186806
1260,1.1878363101526233,0.6957718262699458,1.9693537276015995,-1.8322953183655046,2.573913645818656,-0.964545527293592,-1.8721919647521381,-0.601734246722761,-1.4697806901519346,0.880661965852385
1261,-0.8052931857509723,0.10201827542096426,0.4361300570227442,1.5380010171041076,-0.521818811910453,1.0347060452101202,1.0421081791103057,1.5549629834398222,-0.30908979341870807,-0.7239314896379918
1262,-1.247697325897738,-0.7603883133368605,-0.34680563503555173,1.4165722499138722,-0.7465338192401509,-0.292681483945309,1.0639281710627853,0.012457217562081985,-0.3279766940107426,0.44395560329798534
1263,1.0801148151203206,-0.15360732744145345,0.9799787431999607,-0.9871262141081493,0.5569457569484955,-0.05882339091025264,-0.7484512676014476,-0.35761019873617383,0.08568859465179104,-1.248869708204168
1264,-1.2218449915590839,1.9396755863094162,1.2697375085013378,0.7878266184340846,1.935431160680074,-1.2168180410489504,0.39867985054802685,-0.07622796017030982,-0.9500626586106379,-2.3838176210584305
1265,-0.9037690867406867,-0.4815429404394693,0.23477371765534835,0.7826283281818878,-0.42711895116517207,0.501822784858417,0.3110316685807623,-0.20620107651727593,-0.025901986548716005,-0.09512693272141108
1266,0.5544430798220531,0.31241355539571203,-0.13106754024922698,0.457917580855936,0.10586528826048625,0.22363440967227627,0.12626865867439685,-0.5724270428022765,1.4619563499979216,0.03468402412244845
1267,-1.2289080214700896,-1.0055962853923783,-0.9752055023412071,1.4270386976287266,-0.5364842976825639,0.7900311367674191,0.6431618562477974,0.3357671807056117,-0.3786671228663312,-0.19544007181294418
1268,-0.8567280143049156,1.3740751427300921,0.0010984491901510776,0.5785288870436626,-0.7296333903286587,0.3018656318297578,0.4990274163566844,2.3524821426433395,0.7183061392363437,0.29486133474996207
1269,-1.0928371653299032,-0.9780735946332002,-0.9400668672598896,1.317522003570934,-0.2437094079198626,0.5750840091084011,0.4482654666423035,0.13728692897194186,-0.10777202072779685,-0.41138905301364265
1270,-0.9357431353794632,0.2371965730164539,0.4900913859725557,1.2261446312633042,0.003355788243459217,0.1142007496252365,0.43496228181225305,0.8495947158022876,-0.11179296663476583,-0.5908726898624636
1271,-1.0960006948728445,-0.1983620147445599,-0.4192732248862258,1.594872457362896,-0.7249303706785376,1.1767232988031073,1.4244763791743298,1.1265968320649624,-1.2286010266151663,-2.2842908043843204
1272,-0.9489840427282915,1.431852359612753,0.2036604237940398,0.5706999872637141,-0.6217773308657053,0.56225759079605,0.38398536526003746,1.6548307733943461,0.7490515348729598,0.18166419015216378
1273,1.3492034163722182,0.23742124928259142,-0.4590174776660479,-1.1117486384520152,-0.02591657343645874,-0.31408932175526605,-0.7693642522642368,0.06244451429564253,0.38526090825830583,-1.393248812764351
1274,0.7759038369919752,0.18816669269316624,-0.47660265401164237,-0.7014064275633959,0.1567056241967825,0.2488662382972096,-0.48831821659952673,-0.2344261300947697,1.0915679736356476,-0.8338831305140981
1275,1.2995458745848223,0.49472803300998947,-0.9663984648800849,-1.3965991522971877,1.3065673278690546,-0.15098997573987027,-1.1709766215687964,0.0511018434352933,-0.011493282299236057,-1.4198293109863342
1276,1.2341982618267517,-0.9298590135699971,0.38279673084089616,-1.4038367201110742,1.6692503712591287,-0.2726760759226116,-1.8265654959296396,-0.35912997210184333,-1.0159601699704857,-0.1544169275583613
1277,1.4186668210211943,-1.3907430152466593,0.15947531997608128,-1.5674588207680331,1.1059127020165407,-0.4337021376501433,-2.0113543243824936,-0.5470439949037212,0.138700999186393,-0.8373757980947331
1278,1.85407215242626,0.16471274973421166,-0.8070593802579052,-1.5404026512372688,1.6036612486355881,-0.46349927102483135,-0.1330313743667463,-0.1067221098326118,-1.371491717683183,-2.3838176210584305
1279,0.47468245081746285,-1.8035249526763544,1.1244198406758183,-1.631894580753596,2.621303865732482,-1.1636283877634919,-1.8825614823569932,-0.5957278233044279,-2.164658946773451,0.6915610141715761
1280,0.5795668603311767,-0.08493226497439393,-0.2253488388544072,-0.821502832702932,-0.34932440195175013,0.030138225164469224,-0.3799607682891454,-0.5632140312142069,0.10042162070942158,-0.969693516942968
1281,-0.16120380599993164,0.5656500594845106,-0.24311912376315367,0.5170401822916355,-0.7341763608975445,-0.9993604608863941,0.6558264002962132,2.5172449452247183,0.3866327755713553,0.8690505039070717
1282,-1.2305997973006781,0.9745778414512066,-0.02776657467835576,1.590370135009075,-0.7907358480657192,-1.4847239532901937,0.6083580879204326,-0.32419606118602423,1.4780625261587672,-0.054890110884250776
1283,1.191349458151203,-1.8760115423478096,2.230226579645485,-1.6224160297810315,2.051410508748916,-0.9553380358289572,-1.9407100139290328,-0.47280996975043205,-1.8830223429207964,0.3673571913130868
1284,-0.598789896247443,0.03403793547199779,-0.03540116246605099,0.3610992186411408,-0.685527712334775,0.49011780269232946,0.21236781008959263,-0.35590537354883667,0.5708767859051015,0.02215100174901252
1285,-0.9969400406868115,1.0536439838084142,0.6183055728075787,0.571276009914259,-0.31985290172610226,0.055853740961035486,0.05522460470930448,-0.4128888740008593,1.4149254856469764,0.4525748399620425
1286,-0.405225455359518,0.6413136848566756,1.2181714578986005,0.25196397900764805,-0.5151698853499791,-0.27113473011345085,-0.025738948498396783,0.2746696680499095,1.191914051688584,-0.47157571669319215
1287,-1.2409092495829965,0.9729182818370327,0.8706158189652143,0.5816129634188021,1.0639739415906362,-1.2296885209747188,-0.3830174694394584,-0.4695929315194498,0.7334616128765881,-0.010103043380901162
1288,-0.8865134863974767,1.0088754068108061,0.02618999267066014,0.31005183618308385,-0.7879373308687027,-0.6595137646515871,0.5547718981420542,-0.511223659349959,1.502015300962077,0.36312251914701227
1289,1.622681029494208,-0.5537512368676544,0.8427312067693004,-1.1836253296406882,0.6703449892009751,0.23813878649812825,-0.9499116517697832,-0.03816904973160145,-0.1635491435454312,-1.5869216801998494
1290,1.6620880949930827,-0.4261853048897468,2.115217110911024,-1.35395242714277,1.2099126582914277,0.6250464111629328,-1.6187478484482185,-0.17750322363229004,-0.17576742959252165,-0.778201251063347
1291,1.672797286743896,-0.4220547238261197,-0.6573935584497278,-1.1888569558047786,0.7657503738997112,-0.10210718732133729,-0.5809218922455351,0.35831971662173934,0.16599629491548196,-2.3212105139981927
1292,-0.7520452590116149,1.221181418606711,-0.04472870477864705,0.4698901438123351,-0.6909400759009401,0.26654985346836746,0.5467368389144414,1.6974547871618921,0.45497002818037247,0.5407379172053681
1293,-0.4381683907662275,0.7555159723802153,0.36559973593359185,0.9169174966112464,-0.7907919680629855,1.4076028627357884,0.8647811490113272,4.7522673175493475,0.9951525605840063,0.06454206912468152
1294,-1.0766484931533744,1.3524090274224738,0.278454123063767,0.8887933895235288,-0.2852273476616681,-0.13309147219462492,0.14123003026166447,-0.028754393300301027,0.9793199400082255,0.48335391116897375
1295,-0.7189387264625468,1.0922963280713134,0.03374798787627217,0.4030788137196064,-0.753529328569781,-0.07215483256043177,0.6635248013538732,0.9399360569117153,0.5012863024706803,0.4763368538968429
1296,-0.48244509723762075,1.094066133671747,-0.753573011136057,1.1382421849517008,-0.7907919680629855,-1.7002316009792786,1.3093250594246169,2.092871569570475,0.3382408286219877,-2.204669351045032
1297,1.6007148602940322,-0.42609047291179347,14.47871516612951,-2.183618640564174,-0.7897593601132842,1.399179894931079,-2.1271454934080145,-0.1377898171688136,-1.8373318897199538,-0.7714831909378446
1298,1.7917689285473537,-1.0965906055693946,1.191234995793923,-1.8128265103936012,0.9729363581663194,-0.37728805035713014,-1.3613506607171921,-0.4219341139538858,-0.795224490016948,-2.3046790202881797
1299,1.6767691140082193,-1.658707527610325,1.580054276604417,-1.5839430234039258,1.075771356719962,0.2168710103525947,-1.475159978652311,-0.32013719242592187,-1.4875339058290422,-2.2776586444577185
1300,1.8376056999931132,-1.1918382205453182,0.41153910348582295,-1.88522317288214,2.4217081267356755,-0.0725614818594584,-2.094914652407134,-0.5046824630473488,-1.3157461398221553,-2.3360001236435535
1301,1.7058129473503427,-1.255596509110145,1.9950243791525857,-1.8087391895723446,0.9654557508747565,-0.3106173405381188,-1.517167894640361,-0.486973147488339,-0.8329008918795872,-2.3787397222485267
1302,1.3204579050465306,-1.506530164123745,0.9139886997020412,-1.6713832652972862,0.8503994148739351,-0.582320874564764,-3.020225475024263,-0.6062659896328675,0.19482152459279473,-0.5266472219195333
1303,1.4198625517877554,-0.8951154154440694,0.08970226466911826,-1.456238774507255,0.36506561397787557,-0.5880004561666278,-1.5566214752732892,-0.4894028326057,-0.7270881619876929,-0.013571654518142538
1304,0.2565623691851271,0.827080413193404,0.2783724461223196,-1.5717319373780971,-0.7907724975269743,0.3320008072482951,-1.9999165789699946,9.864195310940703,-0.17979661982090955,-2.09666655048242
1305,0.5445902962391335,-0.45828592942677215,0.6411717636101942,-0.20449251955831133,-0.7907854731086352,3.3771935557557695,-0.09302801079233124,-0.45387267160733047,-0.770607453220858,0.5213701576588474
1306,0.3492005990336944,-0.1309649017189777,-0.3788476800880574,-0.4207353443988047,-0.6780619502532675,-0.017758389085455826,0.04953076718732776,0.27373059343294626,-0.20807524430160246,0.4277200997115663
1307,-1.1308520930278785,0.9878543183645994,-1.1192710030971733,1.3045911477086594,-0.7906355803372698,2.2005651174935057,1.1388799946023132,-0.4807773061604812,0.9824878750558194,1.9157408592631322
1308,0.4715545830133616,1.2467456181757701,0.24272948409669703,-0.14989593690987357,-0.7903055947533436,-0.8425328222367897,-0.3085059656920032,-0.6547564672432112,-0.06813038528242996,-0.054890110884250776
1309,0.4715545830133616,1.2467456181757701,0.24272948409669703,-0.14989593690987357,-0.7903055947533436,-0.8425328222367897,-0.3085059656920032,-0.6547564672432112,-0.06813038528242996,-0.054890110884250776
1310,0.932794642387546,0.5618353328963729,-1.0174166983814485,-0.59550260051724,-0.781627413170918,-0.1462718318866572,-0.02307094570780748,-0.5401360561136982,1.2137942791278031,-1.2045301139841784
1311,1.4771166900955939,0.5027600141729616,-0.8839186196477491,-1.4415238971509654,0.9592054460474863,-0.28404083164798355,-0.7968470229986677,-0.5653567857690983,0.5878302438138355,-1.4365032841693994
1312,-0.9018993181087257,0.3081288866085236,-0.23823158909454445,0.796214034627721,-0.7588452159588772,-0.39318564867117695,0.7474830885316696,-0.37166390385528975,0.24326156988940625,0.7159966811614183
1313,-0.8807627039840352,-0.8312783279833789,-0.6368112244443278,1.3561497803756133,-0.3486307184988246,0.18140312710647327,0.744718123932773,-0.11096821493025291,-0.07183848126512254,-0.17140771531700574
1314,-0.4608586885476095,-0.7646142919872257,-1.0286198122144075,-0.6966166640595896,1.8065449414091281,-0.34370404116559655,-0.6196580219659746,-0.6134314851039463,-1.9679000777569744,-0.20252155561751425
1315,-0.6598004148431873,1.289359218525079,-0.23181138567999332,0.7461651636401124,-0.7907898201882916,2.0198924580824733,0.6374044393412152,1.408630920743929,0.1369853306360246,0.3778874864558083
1316,-0.9533281437711786,0.9399826699491102,0.04188138550629265,0.7919679476132649,-0.07863552287964022,0.04204637333369969,0.7659114275148556,-0.1123048373992965,-0.06234866518084396,0.6305119981375238
1317,-0.9195124903625994,1.6642850001117244,0.15000131526995314,0.2742900698015972,-0.7733305987230968,0.19698898593164518,0.6850356796586369,1.967470404251335,0.41907737458246413,0.4073617189024878
1318,0.12389207658747081,1.2094055268568513,-0.9124722755064196,0.5581534943120517,-0.3095620982605491,-0.18504498000947475,0.8883816329413373,-0.4992625920255213,1.986646011853168,1.0050704866950233
1319,0.8750495297424652,0.34394518806502145,0.19715723794447818,0.9313723210103558,-0.7905835758064698,-0.625942221544242,0.9917197747010892,-0.5727377198756385,1.1906292285190576,0.48255469915594457
1320,0.6025774899185056,-0.37003423705524463,-0.30176828115958115,-0.8799830512320794,-0.5238166699563465,-0.16616850751856221,-0.7837444761212577,-0.599594026884044,-0.3329875043718944,-0.9937597481766903
1321,0.8500265873096525,1.5786575410106045,-1.0591701600380912,-0.31624489966683206,-0.7907919680629855,0.11046582081042024,-0.100246312717866,0.47735078808798176,2.1223095725926,-0.11460620088871692
1322,1.7449877627582175,-2.431834222602695,0.026492451642630293,-1.850494179248317,1.707483243578378,0.5280795727707388,-2.0284876054773995,-0.3608559558427423,-1.6410223810517985,0.5348062779098525
1323,1.6009880564437033,-1.7855404221045024,0.3483664650698362,-1.8607947446092952,1.5241925329790857,-0.2648482795456278,-2.2992945532353106,-0.4422404360505256,-1.4708528314789144,-0.13369505740479945
1324,1.8293036595568761,-1.1396089092503432,1.1286672015565486,-2.110676659981127,2.0680910826003296,-0.9278937994035807,-2.9564071556180775,-0.446301397358767,-1.6375007528515502,-0.6888700088830547
1325,1.8603278880344631,-0.5323022882189401,-1.1927275890582736,-2.285987233029995,2.4828745391420957,-1.032049597842769,-4.583603493202243,-0.2670314796874129,-1.6093675502125977,0.48255469915594457
1326,-1.2471774966624163,2.122993094459732,1.1442632624875195,0.3320895192833646,1.9890185631980146,-1.2410595275110774,0.6541826627251178,-0.11790648447364441,-1.959738828542382,-2.3838176210584305
1327,0.7723512035077965,0.3970510957185957,5.090131564036798,-1.3477506473606204,-0.7907919680629855,0.235005416208635,-1.9092614378664967,9.580189037595106,-0.8841766440986176,-2.3440068943887864
1328,1.7195738368498923,0.35058342652171814,-0.7134423849162269,-0.6361467511225212,2.404306542969174,-1.0298836918358436,0.1871818129879421,-0.6336304262545941,1.255053933162441,-2.3838176210584305
1329,1.7195738368498923,0.35058342652171814,-0.7134423849162269,-0.6361467511225212,2.404306542969174,-1.0298836918358436,0.1871818129879421,-0.6336304262545941,1.255053933162441,-2.3838176210584305
1330,-1.2471774966624163,2.122993094459732,1.1442632624875195,0.3320895192833646,1.9890185631980146,-1.2410595275110774,0.6541826627251178,-0.11790648447364441,-1.959738828542382,-2.3838176210584305
1331,-0.37910472400503015,-0.2136668422974995,0.572681844540782,0.09152332698868638,0.5442760537853251,-0.069845854266126,0.20162773077698004,-0.41988459978152576,-0.8565896551872199,0.5303275711595173
1332,-0.48670570561054294,0.6586154719083102,-0.810647575761901,0.2294010249660881,-0.6777028741634571,0.584955877743672,0.6181857893600161,0.4570025493437461,0.30262140057396325,0.9432216791903973
1333,-0.93101048480888,1.7132360868405736,0.09023423064468492,0.3144147618098647,-0.7319546611020885,-0.12115484713952868,0.6343133671885763,1.7484858328395156,0.45298880435477273,0.14515632923205496
1334,1.6941599109415673,-1.1455095656562955,-0.8851915328599416,-1.9475843911651185,2.7410265265674103,-0.6421865165961831,-2.3920106043852964,-0.5408933198560317,-1.8738805202387965,1.0871801104511642
1335,-1.1830874853563749,1.7711664562548084,1.1515539765716907,-0.6617388992389761,2.340703879400618,-0.9399985925484363,-0.11999186121094192,-0.4521950154111756,-1.8274203966978948,1.1991477792095384
1336,0.6471626512273746,-0.6324010421624827,-0.5952167886024395,-1.1390486591729634,1.1020096329787468,-0.3213308457221473,-1.3312930735953028,-0.40784291372286186,-1.4447113041094317,0.4695154263385132
1337,0.9035913234548923,0.21698887758069776,0.18782855794873501,-1.1069356425148102,-0.7723099132432537,0.7372248715644802,-0.08706709049253482,-0.6715330292047602,-1.4343058047104815,0.7064900366726926
1338,1.0404393262506257,-0.1498349388217896,-0.1291478190426247,-1.0532763161680057,-0.7701101241502661,-0.7837056751381649,-0.15400734308617778,-0.4918504911121007,-1.1466234156014017,0.887366930344115
1339,-0.025776397838789843,1.525551633357031,1.250189941753922,0.6903795929137362,2.2022745528102314,-1.0396302688670083,-0.07211822005320172,-0.5590679286477097,1.9686814307506861,0.12425815912914767
1340,0.16299782177339178,-0.29308099459368236,0.7391691890634021,-0.7030058881294302,0.04425492894099745,0.748407199052592,-0.235080636098727,-0.5494788582022325,-1.363524547795905,0.3731080964570648
1341,0.2619838732717614,-1.2755229596404147,0.9871585231370164,-0.40664991119663385,0.46741801817612755,-0.597051600300549,0.2778505480743193,-0.22952403617266418,-1.314476723503001,0.9397232741682059
1342,0.011099576178657557,-0.8461250112592757,0.2821698698852973,0.12564619114395945,1.2985805970961866,-0.26588742171796814,0.631675531624402,-0.5490019914707803,-0.8336693275737086,0.34670059439578416
1343,-0.1268127836468791,-0.35771661680781747,-0.33334191181672224,0.1284491406995719,-0.30280706206301805,-0.12993169674158409,0.6282473371707351,-0.5392408137086738,-0.10023654303602789,0.5498063909943074
1344,-1.2416464332867367,-0.9214690177427832,-0.31900286592872423,1.6431539404992634,-0.36837109922593914,0.951108089748371,1.3731953890431383,0.4121086026819581,0.09726765452317912,1.1916832679589802
1345,0.6947502927488957,-0.21888260108490398,-0.35532416951280504,-0.323861610415777,-0.3588786208235597,0.03365351135052675,0.41771508333230056,-0.5304856378984041,-0.2008735953992911,-2.3795521860581115
1346,1.2818678360134275,0.9915883274964914,-0.7831254980261537,-1.2560898807560252,0.7981015542013854,-0.5315899411175511,-0.5351839309987144,-0.5753008057308752,1.355717534167727,-0.3497383052813024
1347,1.6937048216281758,-1.4392075649224014,0.7257918181706827,-1.7918056035740315,1.824340134955471,-0.3039844350588363,-2.081351591317587,-0.31937109309906025,-1.6183202302919675,-1.9791227136850262
1348,1.6293898725032838,-0.30673825631074675,0.9390264083590429,-1.0206166737172817,0.6647541513160236,0.26452558176340224,-0.588708511308026,0.2369242061230626,0.343660789560454,-1.8416816286910578
1349,-1.0440756565386886,0.9524503799288846,-0.11487475860575948,0.17711484457816412,-0.7427283081819633,-0.8400059318953771,0.3508587495531854,-0.5201297354530039,0.5678570836330202,0.5223654258255881
1350,0.26824317574675866,0.6194320840179343,0.33041881190037525,0.506969198079141,-0.7881402981921494,0.06173293565459697,0.4535604388850945,0.19028517230147732,0.962664889011702,1.2290058242117714
1351,0.9080224695107031,-1.690674898912511,-0.11628447276623805,-1.9854074534022295,1.839845374908744,-0.9090441858661268,-2.125639740103119,-0.46814310517709334,-1.7819101245716076,0.0944001141269146
1352,-0.35425117299085324,0.7460749221306912,0.23147501656792324,0.40697024895743744,-0.683474021539374,-0.698716663376938,0.5376383918081254,-0.5597307064042162,0.18505319758105424,0.9284348378559586
1353,0.6728915237286252,-0.19707124615575813,-0.4700230080401876,-0.46073390257431823,0.6987693811815614,0.39250739364974696,-0.2071470357505439,-0.43471943003456215,0.5510281944393163,-2.365156342932035
1354,-0.09458948952902434,-0.31324041914794903,0.021591911879893594,-1.0412135843657473,0.27735864657364373,-0.5916487097679227,-1.4077990176461241,-0.3366231441205049,-0.5058879937567008,-0.3932812875762255
1355,-0.594070879496496,0.8268770357897056,-0.3866097104625066,0.5080355375839937,-0.7905381264031279,-0.0033344906367901864,0.6072947466690365,1.7946215791429374,0.7113672430149154,1.0299521908635512
1356,0.7000527940383228,-0.01212710342311506,-0.3227823826728109,-0.6328868057838739,-0.6841201981970247,-0.4906729155971361,0.07151213273334414,-0.43859831526305454,-0.8330932220418015,1.1121060060633894
1357,0.36693681020352004,0.17900746285116673,-0.3834835534935912,-0.5129262417103472,-0.7694148607975362,-0.4910247274922289,0.3421760492046345,-0.2871824818394783,-0.6665499469766276,1.297399730367305
1358,0.8218757770727386,2.4283520634677798,-2.0630697906715976,-1.314338676208582,1.9927598963491067,-0.907510002444554,0.18438763159741275,0.5767674515638276,0.9923993680778784,0.8408512391827414
1359,-0.029858265323142407,0.24879710351903658,-0.4257832103285332,0.0022351657823872703,1.3629980606694976,-0.8524598914351985,0.3545532782806633,-0.5493333803490336,-0.6223480367658931,0.7711824675108648
1360,-0.02702754496043051,0.8019836415770921,1.334508635075208,-0.58922781290902,2.6736825298477633,0.10505105579310654,-0.7293096831057562,-0.25708981333982844,-0.6900765724166296,-0.054890110884250776
1361,-0.6661495303381255,0.6071355375433846,-0.363729451398242,0.34683604831686415,-0.6610903574821744,0.04476828347088778,0.7362782067836888,0.0536419311175661,-0.5851533892911494,1.1065539101060224
1362,0.3833827840866491,0.017554588954611934,-0.16503429221965984,-0.4224059416631908,-0.5055201662954549,-0.38555784719093983,0.04384264728817223,-0.47764728794982086,-0.3285012448754297,0.729731381494626
1363,-0.7850260460116885,0.33577504842600997,-0.47909510082272627,0.42691170909946086,2.2245306884782625,0.4673404874899865,-0.01243737137855709,-0.4269584777596151,0.46416761817148033,0.9342533286769071
1364,-0.34297401411082906,-0.09176174012248725,-0.48030260449016166,0.3308633915768277,0.15232776157837669,0.07666323625074348,0.4547622923895481,-0.4244094979491246,0.24877352825084426,0.7259719830442675
1365,-0.038944721294057474,1.1097766313525963,-0.4919568307904789,-0.2296581318728256,-0.7907422632049622,1.198977983024267,0.22428854185417496,1.7949529680211895,0.16644161623963208,0.5601856161617503
1366,0.26225648074476143,0.5451652420477506,0.9039358528246526,-0.24923081684080678,0.16891431145692704,-0.3477270515263217,-0.03351203709504297,-0.07669549706230058,-0.017970785988269837,0.3653352362805964
1367,-0.2836000540489758,0.14118212483726494,-0.3037076342473002,0.1647882397477875,-0.4025067109133758,-0.18188569330195797,0.44799674026917646,-0.28578360214985976,-0.13701686975986624,0.9002297766506957
1368,-0.774138152367116,0.8563919952699626,-0.34399037854545295,0.6374207192934129,-0.7902819199419696,0.3038396788289764,0.9448142025694188,1.2875383751594802,0.08180656324897756,0.9362574934929374
1369,-0.7139403094405271,0.4667458289287863,-0.3470349801841649,0.5509873030426315,-0.6781294144810425,-0.21690889178683714,0.8089305562197625,-0.1515527113768951,-0.17646830717373305,1.0639637341980088
1370,0.5261184991515775,0.31665465218749095,-0.5550988760659287,-0.7197951611698234,0.33483404569992054,-0.7078255014171757,-0.06864101654498687,-0.3954446700103812,-0.7518582122541305,1.212418021432753
1371,-0.7879686599906203,-0.5093957838954597,-0.35101248576931293,0.6810065531510412,-0.15355642452052912,0.03208068641792289,0.5591364111477248,-0.17416324335528938,0.18314476495250512,0.1481899565323091
1372,-0.419887741155589,-0.5190258113055475,0.1640549305434708,0.2645546839760523,-0.7768864304292187,-0.8012001159379627,-0.3845697924341973,-0.546640845713229,-0.14990020271441615,0.4029332458166566
1373,-0.2118488893844759,0.8528334701329532,-0.2609967693891373,-0.030129592271789865,-0.7320389541290692,0.08754353044208472,0.41258928693162406,0.4695846256181594,0.03617672185565293,1.0713423133263684
1374,-0.4930654476842092,-0.09094802786857716,-0.09896599891366288,0.3751316688931384,-0.21795665892723037,-0.06208418751005791,0.4894010707571618,-0.3603173920179441,-0.10211802115524321,0.5331774958254968
1375,-1.2489916599887951,-0.8774906879671674,-0.2919968458419395,1.4794708265044363,-0.7907919680629855,-0.7017489317866338,1.3558947492667763,-0.40745751684704506,-0.7421119107824389,1.438012139227403
1376,-1.1212836326283513,0.3977149195642645,-0.46928165336347644,1.0623188122062177,-0.7907915003963416,-0.5395225718679156,1.1859712649707048,-0.5374448043417133,0.5894971767311826,1.4559269662287426
1377,-1.2542277106928612,-2.324626671527044,3.32568718148077,1.6372890732225758,0.11086932135007112,-0.9616576526176911,0.7782443164646298,-0.5441554291263329,-0.15733382248096037,0.4228386091514784
1378,-0.07050490743744256,0.1282024382223795,0.8981567555744789,-0.08378288760903135,-0.48913863958330467,-0.8452402047454466,0.3369965052101694,-0.5329710544853002,0.25151526467897145,0.24369033913807997
1379,-0.04936817341302389,0.8046663950385964,-0.012534556850869788,-0.16132046517875606,-0.4692039789202375,0.01949873478127678,0.3713711976493004,0.42520859783910936,-0.17304390861484534,1.0241078895852738
1380,-0.6268371825946037,-0.1502165086070317,-0.4725136297986952,0.8879403025540714,-0.0037473932482525404,-0.11179424528324718,0.7650601322684363,-0.3948260490930407,0.29826781601863983,0.700766515045187
1381,1.703934497829384,1.9437606561289213,-0.46830533165133525,-1.7152823300330455,-0.7907163931333334,1.8323610963161743,-0.7360157184430272,-0.562796053528054,-1.5052968734809788,2.214321309285463
1382,0.011087687638279891,0.10311993213548641,-0.26149911745427656,-0.21209972138935115,-0.7356202352845144,-0.38664899565829636,0.3071378615665259,-0.5320322190515361,-0.5176591399777529,0.8580245401497651
1383,-0.7242163155662963,0.4483435949359117,-0.006682965592069153,0.6440948451453,-0.2780606780174187,0.12030241957409926,0.6858148807356447,-0.2887025309935065,0.09456053937805468,0.724359766320502
1384,-0.2768998236556524,1.0578575602715832,-0.5879220316196626,-0.01379224010872643,-0.7898188371067508,-0.02096529370074032,0.6146407624409562,0.2625882002839102,-0.49072040595021643,1.622589144695753
1385,-1.1270986516629566,-1.1098290339515515,0.46730461039376625,-0.2010802331427839,-0.7864894349392302,0.9768282235806106,0.9371400982060782,-0.6634554252973477,-1.5994560571905387,0.9602834191916737
1386,-0.0012052585332362974,-0.3589705062940825,-0.19332448579068956,-0.6806960459919061,-0.7364345128440919,-0.006613431675051304,0.02586440737470176,-0.41367105831428663,-0.7327510562616054,0.9005673291872076
1387,-0.0943809650087511,0.9893294824660883,-0.43656548378248317,-0.4475231409308705,-0.7907861315832697,-0.3725312187339611,0.3578752494894041,1.2349886109934887,-0.5218565102922398,1.7564979525845554
1388,1.6257378027268448,-2.7361974558422384,-0.6391933300329341,-2.108548339422573,-0.7894114161302327,-1.0764506709847412,-2.7692483769517096,-0.2657887713939649,-2.0088007190015738,-2.264385441049498
1389,-0.8721795891008377,0.06431308416640558,0.23805750160312952,0.566861815755891,0.6785276954022038,0.5277485789184629,-0.04384882510657067,-0.23751793632243365,-0.29490387033236465,-0.35544157561535794
1390,0.4277644337559391,1.2998515258293435,0.06351527890592866,1.5263897647179374,0.690775959769257,-1.8291030083913444,0.7784305952239987,1.8443299108808602,-0.1176878503927248,-2.3838176210584305
1391,-0.8062838634048785,1.1679758064887176,-0.019924151277876997,0.848045505416897,-0.547608765289964,0.42293643920240076,1.1047227903062975,1.422463732084528,0.13439150561919452,0.6723665566701407
1392,-1.1501191157999042,-0.01983394089658483,-0.037803496747589795,1.2525332878553754,-0.04392812125079241,0.4389907664567998,0.7992596269347553,-0.06125963138881682,-0.2859578570164643,0.24608655873652094
1393,-1.0423014153050347,-0.01605176788071788,0.2046544127104015,0.9798752676436157,0.332473492796765,0.6623922725648395,0.41010973374218246,-0.16295086523770128,-0.30140998736908975,0.0045637783492746085
1394,0.03790177753971144,-0.44766474789605676,0.04688928091832922,-0.3631638378803332,-0.7869910105325763,-0.3407645972990546,0.5728254145708648,-0.6813711365278912,-1.143114399299908,0.7064900366726926
1395,0.8885384596476534,0.8451321915456209,-0.15326591554137695,-0.8643434051609127,1.818600838165796,-1.0134363430957531,-0.5059963778901405,-0.32668147777292045,0.1022234010342086,-0.11460620088871692
1396,0.4387796838751716,-0.3208039835446884,-0.33802457341797704,-0.6354927035918527,0.18127839501378284,0.26991021740278665,-0.6758731175934863,-0.253156417604783,0.6329319128937818,-0.5107604643877683
1397,-0.3127547327231057,0.6025742571819794,0.08229822484126398,-0.04610330329542177,0.6557269384265726,-0.7150363389105867,-0.08365775319118607,-0.2775122083335521,0.5643057580291911,0.0126324005224076
1398,-0.5388040619545242,1.473330824164351,-0.6981044130834977,0.7587674998249297,-0.7704258714016932,-0.7462943986624018,0.9745759195471956,0.5583339452110138,0.9074909111889067,1.633084699908659
1399,-1.2457699561505704,-0.6982582496363565,-0.8377332106729044,0.4387234697685944,2.0451385604643875,-0.8208737621675349,0.6014657738237926,-0.5876502193970153,-1.0691911805103844,0.6019868791648768
1400,-0.644352263018553,-1.0452642622953467,1.879656434495547,-0.05038107207132439,1.854497682639469,-0.26975382178628315,-0.06737476450213543,-0.40512004172365507,-1.5761404497957905,0.38942603498231404
1401,-1.1019975125350414,-0.8210656610852459,-1.1749762852011607,0.9676278641753332,1.0331079430941312,-1.0195956383029474,-0.09875608264291673,-0.580815323783051,1.1955849750300878,-1.1894958209691076
1402,-0.8811370372012354,-0.5328409545725231,0.4878467044847701,0.8012154629132123,1.281982336607265,0.3719562308706207,0.2671614171555297,-0.23219731327286472,-0.027264736263359395,0.17566759189906037
1403,-0.040427140465494935,0.35283705339437943,0.036283647720772194,-0.25878019198787844,1.2455628433215788,-0.6172588387972975,-0.28254227317667857,-0.47811889481940945,0.4875098622788327,-0.41407794335698345
1404,-1.0016085953624012,-0.9986385398018821,1.4113279308294786,0.6786498583603608,2.0741338923853467,-0.6262129597951076,0.19710115692432212,-0.4000012670863566,-0.199457667824711,0.5124127441581776
1405,-0.3120278791508958,-0.5815543296573763,-0.9543110905010617,0.9882200648357036,0.35930996461065196,0.9571688663142772,0.18503158691973015,-0.2541962015982096,0.9892641701115263,-0.605190468078186
1406,-0.07799667427247707,-0.11609593898831992,0.744740230038741,-0.21554094759920375,1.6493884006003976,-0.37031465921701995,-0.6794034741850009,-0.34133434145763925,-0.68110757205399,0.36358490098542257
1407,0.6936331971045737,1.1405338028686238,-0.7831056863030988,0.1828019886040429,-0.7907919680629855,3.8358241527222408,0.2723112060194097,3.994215258546024,0.45222299837566526,1.079715599200606
1408,-0.2916451611874243,-0.0012432116832055205,-0.7386640291465414,1.0870578887187905,-0.7907919680629855,-0.2144200802284016,1.0481622387897864,-0.617475218439769,2.082663600504364,-0.054890110884250776
1409,1.8553232995479005,-0.6159440927733183,-0.5085690926500938,-1.6487427449302623,-0.790752309931584,-0.9248372504999579,-0.47056848634271803,-0.28840606233472105,-1.018642566097884,-2.2882718770512844
1410,1.3640395297836798,-0.3597080883448273,-0.8358207190073464,0.17142770055228537,0.14040091102268676,5.4205453811227144,-0.12266185676189269,1.04319729770467,1.3921629199675896,-0.671956374263734
1411,1.2951221758333078,-0.6940786180154744,-0.5113694625826493,-1.3291157721024904,0.7544622213485558,0.6490544478658873,-1.555531872252074,0.4681455414698472,-0.7070178836376678,-1.368644090982506
1412,0.39283078426235274,-0.2142200288355575,-0.3447488604292228,-0.5706103150354137,-0.6866901262503707,-0.010273411733050906,0.23948819869732463,-0.3606028115607446,0.035068447155581675,0.050718900142166665
1413,-0.2322156729094942,-1.6010586797471058,0.3798160413837101,-0.043261986424643795,1.4278185905342864,-1.3645161699058297,-0.43107738935656714,-0.5516116788870213,-1.2723767874625933,0.48255469915594457
1414,1.558488644938661,0.7842816723592355,-0.4564253419866447,-0.19823666112984425,1.2445400327951908,0.4118877401075487,0.15448989071874622,-0.5536828593761018,1.7027230346587714,-1.7667513576789469
1415,0.7656245632083957,0.05700588222691901,-0.47489115333046905,-0.506097834309802,-0.22407655492714407,0.36337920768843734,-0.3959166431492105,-0.015560523033950892,0.8490460031293364,-0.25403181174778483
1416,0.33174931839603444,1.0734875944559874,-0.3127045870914452,-0.14762107929952178,-0.7906376754838345,-0.4928111989852231,0.6199259988772251,0.5911828677678251,-0.06981533909617946,1.605217191239908
1417,1.8353049456016506,-0.1074550269903525,0.6501641726266203,-2.0142839271936297,-0.10986933456432862,-1.0428791278773963,-1.666664400248742,-0.4087002251404931,-2.204552706187238,1.7365925892497336
1418,-1.133406518401228,-1.0379147840040042,0.8912279356314422,1.1865829091716715,1.2719297092388064,-0.8858509423752993,0.23033639224167632,-0.5917925803751765,-0.5025841627493476,0.014778660787625833
1419,-0.24414223284653355,0.16959185499988325,-0.613608048229856,0.11097335955719231,-0.7378742919512931,-0.9663251800626155,0.3524865154454684,-0.3156772958344377,-0.5149603137028917,1.2400533008625978
1420,0.965683223018456,0.6122880750121554,-0.7857386768759558,-0.26966480352551536,-0.672486899873355,2.4643318583993983,-0.2879305896780258,0.1346369908037996,1.3080479724902059,-0.5563275404634195
1421,-0.4820304507492469,-0.41057012745218213,-0.012076034918942598,0.144850543831384,-0.6873514591169225,0.14505008694102425,0.12440002406509225,-0.4581266684690677,-0.47416618176696024,0.3930226328559993
1422,1.2764999883341615,-0.3606424706972921,-0.04323719300108162,-1.3861401620680367,-0.7569017128265811,-0.5630759792742888,-0.431674130539799,-0.5677043747089031,-0.9452446564385304,0.6374455695781348
1423,0.8500265873096525,1.5786575410106045,-1.0591701600380912,-0.31624489966683206,-0.7907919680629855,0.11046582081042024,-0.100246312717866,0.47735078808798176,2.1223095725926,-0.11460620088871692
1424,1.758672184401162,-0.608642030470952,-1.3903376394962046,-1.4369677192665962,-0.7901269460953789,0.448888634392526,0.36000193199219616,0.7650377580212103,0.20443567282419162,-0.7117671009333784
1425,1.1721969711321154,-0.49911109593545666,0.25583163694361366,-0.7001271214136588,-0.7876193175508599,0.013000050498773692,0.20860387031533548,-0.6883095911663091,-0.7867136293817042,0.12425815912914767
1426,1.7459869427511947,-1.8555244872538124,-0.7354049273272729,-1.1915911509833619,-0.7850145182703334,-0.3419678784140142,-0.20636311263820034,-0.6170609823419535,-1.1583946177089153,-2.3838176210584305
1427,1.7583287322501229,-1.569300132129244,0.8993725686462563,-2.2288702977207557,2.463466537256966,-1.155254966828222,-3.4292818694682765,-0.4907807018089176,-1.9842555219519464,-0.2624523113050025
1428,1.5215407065027104,-0.4161607745536515,-0.9630161634941157,-2.2586782783107275,-0.5793798757876184,-0.8632668599489208,-2.480392114090741,0.2953458026100655,-0.818358135749007,-2.3838176210584305
1429,-0.6106876772057855,1.1936397105221974,0.1341823742609112,0.229720926817544,-0.7907201344664846,1.041805403788375,0.544837030975727,-0.5938637608642557,1.4904518924363412,0.5422707891604107
1430,0.6216922376102373,-0.7911935880301109,1.0504138095953313,1.0102814443694252,-0.7907919680629855,-0.030318069639735885,0.8141961170227774,-0.4894762642146177,-0.36051942943316917,0.24369033913807997
1431,0.08776371398923871,0.659229904098795,-0.29568671322182166,-0.023821093909036518,-0.7877003649819599,-0.19652428184617982,0.15706918625471833,-0.07783505966848443,-0.07992565194850307,0.8678656608514291
1432,0.32522865303241594,0.3514740224885801,-0.37539583878132204,-0.38025087976802496,-0.78461766241631,-0.7059567535290739,-0.3807415132434708,-0.19621048601496424,0.24860799599594868,0.10484733898276853
1433,0.6501747011317772,0.24420302103154473,-0.14751699796433904,-0.44758001237112915,-0.6538575829442458,-0.5196203022265001,-0.3820789793089256,-0.41298460992362,0.29543419153671713,-0.031951549326979946
1434,-1.2430487111610022,1.7246987870579316,1.1636629017027929,1.3813675920580248,2.606338533128116,-0.8858509423752993,0.5776220926246073,-0.18749814890673633,1.5077970052249448,-2.3838176210584305
1435,0.27661805209483475,0.018213057256691298,-0.09947740441601938,-0.15706338627907263,-0.7779370456221649,-0.08579062016751791,0.030437680608297355,-0.11850831305308265,0.3192635674965498,0.3317741559048652
1436,1.7024908110112698,-1.2059184307083206,-0.4246259823615755,-1.384649863295588,-0.315930918709217,0.32762916567052014,-0.9431467100655644,0.09635097506245902,-1.1711396289521183,-2.078981855162112
1437,1.6018110198087498,-1.397071268149779,-0.21371824105395115,-1.7172817320092275,1.2105821832307277,-0.28297615067807547,-1.698150585158304,-0.5050618475270369,-1.2591805612203644,-1.4415199266106156
1438,1.4650435942911262,-0.9065329812152155,-1.1346633911292263,-0.5886946431565935,1.9899940690504974,-0.4291155131648893,-1.077487969210661,-0.49413642031504795,-0.14804179777278031,0.5945223679143186
1439,1.769893705719832,-1.170701644315106,-0.19269783034735374,-1.510340909995617,-0.4436266257820062,0.20918751736915103,-1.124645104219169,0.12489826773570763,-1.2924387960353618,-1.724381841593005
1440,-1.2295363222472833,-0.40617575754170343,-0.32770021234978736,1.2150186293010663,-0.7907919680629855,0.08880676074116545,1.2975894975843925,-0.4807773061604812,-1.4904296339478904,-2.3838176210584305
1441,1.7946426641483304,-1.8599499795582763,-1.625943933190194,-2.37005743959255,2.6587171972433974,-1.1749993942998505,-4.1199556611337025,-0.5702523032887424,-0.82635960146994,0.661702969169343
1442,1.838182583981424,-1.1658557665260714,0.7247281018283308,-2.0753689724611926,2.4773373660784803,-0.877663817669121,-3.026856998857786,-0.4472738905691224,-1.775999570899453,-0.29614311450229397
1443,-0.5575139245360586,-1.2558702799988786,-1.0424015176444972,-0.7171885534912956,-0.7907919680629855,-0.45266974099020396,0.13465120284598622,-0.6659408418842439,-0.6727314596280264,1.3185799592184706
1444,-0.8217896044035897,1.1407990192362722,0.6204332552191902,0.4492985141165823,-0.3234820829346554,-0.19608356084594586,0.09478274238755333,-0.479530475659072,1.4205391898690887,0.3936804652483682
1445,-1.2527644941341027,-0.6225823312300157,-0.08842742910912052,1.0563473109790449,-0.26564348164317525,-0.02382035161895957,1.055725156420153,-0.560310636941159,-1.3143024029459027,0.6258733151666632
1446,-1.2527644941341027,-0.6225823312300157,-0.08842742910912052,1.0563473109790449,-0.26564348164317525,-0.02382035161895957,1.055725156420153,-0.560310636941159,-1.3143024029459027,0.6258733151666632
1447,-0.11716226884862455,0.732282137781778,0.15219079025722346,0.19417627665580137,-0.6641546937737594,-0.2059369483679438,0.4965908322992495,-0.5975918857446,0.6075030557212561,0.7015136958389865
1448,1.4516198282985238,-0.853150480292613,1.1394556176928847,-1.9726255972040672,1.3943835432740321,-1.2208444047797737,-1.8932414645607942,-0.590964108179544,-1.3939577685331836,0.22378497580325735
1449,-0.29314653773339333,0.017343855995544614,-0.47880677759982065,-0.5605077355783317,1.9962518072901254,-0.8952365350719766,-0.5336300556809808,-0.5834250111992919,0.23648283359551536,-0.7038049555994494
1450,1.5913312568817277,-0.014519688596598893,-0.10454096386036879,-1.4892183550043587,2.6886478624521293,-0.9833167126869459,-0.9912176187780608,-0.4509523071177275,-0.30105047130081486,-2.3838176210584305
1451,-1.2527644941341027,-0.6225823312300157,-0.08842742910912052,1.0563473109790449,-0.26564348164317525,-0.02382035161895957,1.055725156420153,-0.560310636941159,-1.3143024029459027,0.6258733151666632
1452,1.797943160466001,-1.0635020321886377,-0.44053759647439755,-1.5476825002588237,-0.16783995822602485,0.27013878382373535,-1.1348729683400947,-0.06866280728430062,-1.2102936258480854,-1.4883890695581286
1453,-1.254956503891217,-1.5678674874636225,3.1804329111690253,0.8098096174571932,-0.6426351752797612,-1.1630869112617603,0.7126741931668696,-0.5093595969097869,-1.6391020292787746,-0.41318665091104767
1454,1.7262996731385343,-1.5123942339191347,-0.04608472937146354,-1.5970572300619281,0.1560910690031428,0.3576173754455732,-1.237569252317569,0.06354987360219605,-1.5340788099095832,-2.0179386227150737
1455,1.657011868485425,-1.2789414088314075,0.6168180125834248,-1.551229500926157,-0.13909489565987612,0.5190242712867662,-1.1755327507527047,-0.2754264695992688,-1.4667018182471254,-1.3928840585533222
1456,-0.205107485273947,0.6382404263119077,0.7186405316722536,-0.9517832445588014,-0.7868760393648432,-0.7927169840775038,-0.8904408099596277,-0.6725686194493011,-0.049959314741988885,0.5223654258255881
1457,-1.2466191722593842,-0.7878744688017625,0.23576104070755063,1.511461011650005,-0.7868239101229378,0.8631181582170235,1.245710863100227,-0.5522330330337454,-0.6182182480067021,0.8109931941805084
1458,0.6123086341979326,-1.5545910105502292,-0.3788408734619457,-0.6873310473554313,1.760797240981432,-0.9616576526176911,-0.09819724636481113,-0.6460575091890747,-0.09290911783757737,-2.3838176210584305
1459,-0.5815847440093027,-1.038578607849674,1.8533905174877325,0.12479311954007817,-0.04859378021575168,-0.3903638448576481,-0.11950753643658327,-0.48342841718650464,-0.6948671273772914,-0.3893002149092613
1460,1.1190232184623887,-1.5794844047628416,0.2209207393579584,-1.8027221694309339,1.04695087575317,-0.4815484877492108,-2.086164166346915,-0.5285180164337784,-1.1497220613146137,-1.0153238917894143
1461,1.7438570074372166,-1.2158932864000924,-0.023415466883481444,-1.399708012944461,0.29679712488108406,0.6791679845208828,-1.1432299712679572,-0.21472356613219068,-0.9493806003219328,-2.166670614619491
1462,1.780543266892787,-1.1847986945881257,-0.21823640370451983,-1.5960397034196454,-0.33880434191319897,0.2466403174047374,-1.2645554553574854,-0.14180922095617335,-1.464388056162941,-1.7142167330839684
1463,0.9043983742082842,-1.5589606132599163,-0.7920265861695855,-1.2176451833318511,1.454150363737872,-0.5766768997071191,-0.643246226683078,-0.5832758775945255,-1.3344067646289055,-0.5000407665281436
1464,-1.254814811479691,1.2467456181757701,2.1906709261074337,0.40033524759391165,2.3481865457028013,-0.625942221544242,0.5019929163209401,-0.6187179267332172,-0.7024659386942033,-2.3838176210584305
1465,1.646834099375418,-1.194749166443066,-0.5078232904902095,-1.2560203041435856,-0.6479330730485277,0.5327810084788192,-0.6717006307178635,-0.16778496841434523,-1.145756916824049,-1.8030468760942073
1466,1.5316411129534557,-0.7430663592190597,-0.7168094973145207,-1.1838898101149844,0.5861525400877274,-0.7788190871997324,-1.143888585310607,-0.4428747032103151,0.05369838311371174,0.41786226831777235
1467,-0.7853356282870778,1.3995972051583019,-0.08086680598019058,1.319867448467062,-0.5668291420932909,1.0839804068676748,0.3229210751758753,0.04402300878594752,0.97738529161113,1.2157355819885567
1468,-1.1991040933551007,1.1987460477965786,0.5265902264487867,1.066059203084775,0.02947647475064612,-1.253971659475441,0.5655426315363182,-0.47523291531279044,1.6637124146873334,0.6157675153197525
1469,-1.017310491738991,-1.0899143185814615,-0.20457167434565882,1.5050629746208914,-0.7907919680629855,5.1570268169467814,1.1781848128290957,-0.3366231441205049,0.3332850821109582,1.2588638692140044
1470,1.819665606581143,-2.0391824178890867,1.8394803985485886,-1.5996911277070567,2.548347869286197,-1.2979145601928712,-1.512146169352457,-0.4830556046984702,-2.1602813706887085,0.2835010658077235
1471,-0.93598592883235,-0.9305965956207409,-0.6516826402466884,0.45578490184623066,-0.7907919680629855,-1.2822117416426617,1.1582529855766515,0.02376226097943581,-0.1821125550361078,1.497728229231869
1472,-1.2531986421853119,-0.37962280371491663,0.12516936105250806,1.4880015425432547,-0.7907919680629855,-0.8533623522714171,0.6959091048236923,-0.14276065034260585,-0.7024659386942033,1.2588638692140044
1473,-0.5514667134481294,0.6644772735455189,-0.16501313521442057,1.6385077469424076,-0.7899330773378386,1.4249644902516203,1.620446069238693,-0.33437443387521903,1.503077246643012,1.0000941458613173
1474,-1.2376290019064706,-0.6937712921609983,0.17183648618105454,1.437883585815196,-0.674527747094163,0.3065003691224245,1.0453870302358592,0.2859276846638882,-0.11375078510896254,0.5793168820335511
1475,-1.0281446066089268,-0.3518686448340609,-0.14972844748255532,1.239117902110728,-0.6551712259735699,-0.2519263525816615,1.2163595399157088,0.06754109886004865,-0.3127318737910988,1.2230342152113247
1476,-0.894645881272705,-0.045688720661318696,0.04902396661361535,1.102693624878441,-0.7428586788172462,0.2607391170354465,1.03634184767231,-0.2670357650584732,0.3097166923128267,0.978531661028873
1477,-0.4247359362519465,0.4490506302960532,-0.16818854560677526,1.3017475756957197,-0.7363586884922301,-0.2898658061363058,0.7670365444426174,-0.4006226212330806,1.6226051327304605,0.48255469915594457
1478,-1.0019329132296124,-0.31797249251208953,-0.09681429887518964,1.3589754145449693,-0.6282830436296033,0.10061070674832771,1.2184878579016558,-0.04253256756660915,0.1649817569836082,1.044396908765673
1479,-1.1714674564641374,-0.49911109593545666,-0.23965163196804848,1.2022225552428387,-0.7906555964696282,1.345032244757942,0.900908879508878,-0.5360778252189204,0.7371784227598602,0.6915610141715761
1480,-0.35628776247219013,0.1492235266685863,0.37826632438031055,0.20697235071402847,-0.7649618039878496,-0.8605820389611691,0.7166481400334006,-0.5876502193970153,0.5282111115447844,0.4228386091514784
1481,-1.0130901793058622,-0.15083705421832624,0.1427743585720713,1.298387038109106,-0.46952579031661196,0.0706148755757655,1.1726597756949102,-0.1721855765070655,0.3736659136695796,1.199111188468114
1482,-0.4107496753659064,-0.23192199805341482,0.007314703725570886,0.4739126734287201,0.10619265491120672,0.4779929963605869,0.49957129244914805,-0.511845013496683,0.3853204204767675,0.6915610141715761
1483,-0.3246196304203037,0.2085838638252011,0.526818726418879,0.2661034635662024,-0.13481201192144657,0.5460014958598008,0.22798582857923455,-0.2592116121501252,0.6372693314317952,0.10545763304575763
1484,0.05829733197256829,0.24215136915231686,0.24427918056693823,0.16231155815141238,-0.37882247025698534,0.6480942939976398,0.09961632784735842,-0.5287125485802393,0.7617088474278476,0.13594890101421275
1485,-1.1811065024137772,1.7512517408847175,-0.08378532226712208,0.6647874447972816,-0.6782277246571455,1.3876283962274758,1.1942047861347986,1.0614236860085742,0.8916325223536125,0.6019868791648768
1486,-0.8649878414273886,-0.38971724992594475,-0.2594034777714169,0.6568018751319279,-0.6229254527270243,0.2248270390819961,0.20441791334269185,-0.4938101974846818,0.7199533247519804,-0.18823381920610135
1487,-1.1367113713919117,0.04356489789949656,-0.0127572132920291,1.266202925533977,0.46885878391226343,-0.967613894136736,1.022642048756283,-0.263614031880432,0.2279754687515818,1.214076801710655
1488,0.35818495472900047,0.9402381759704617,-0.741827817567213,-0.5115537352503322,1.0814313676215748,-0.15609289907613422,-0.1496846243167513,2.320028713437934,0.13018234129653533,0.7934171818742296
1489,-0.39177188319932116,0.8467713331694537,0.2304405932059183,0.48946841363610866,-0.4083836072193762,-0.17884777737590662,0.4016292113866241,-0.5196222261556437,0.9966846749524136,-0.0036845115798652137
1490,0.9923343004263676,-1.271752196481467,0.9350807116275117,-0.9515232934167626,1.691820715795442,-0.34491070507238336,-0.8773834658423648,-0.4418899879517647,-1.0628857513072605,0.12817181612706363
1491,1.4409414837882142,-1.9824329320040066,0.761310400536837,-1.8487952952406514,1.503579391876856,-0.272363201869637,-2.214280448084218,-0.48521470812236533,-1.8020330359247991,-1.482816723768823
1492,1.8471461594314638,-1.7271852104243433,1.1825968710847397,-2.0669610987333336,2.5854939627148923,-0.9987101160933093,-3.1754159061293548,-0.5327047598509909,-1.0617221625544757,0.15411620413138075
1493,1.7258295724580954,-2.2250530946765936,2.912895403036825,-1.565994799353724,1.6298505806932289,-1.325529861781171,-2.059898861275937,-0.32046793630568005,-1.8720221152971603,0.3034064291425461
1494,-0.7098098079177646,0.557032642524985,2.7577564037022655,0.620854257197367,1.6452648732757258,-0.37567178244400323,0.17050986402444882,-0.48400834772344625,0.0032323644763946604,0.38103734614835194
1495,1.8071541353647367,-1.0567231262979786,0.07557137277555112,-0.8174244669474116,2.394953210091445,-1.1192273146215195,-0.681156623808963,-0.5795726154896029,-1.8526947039041453,0.36312251914701227
1496,-0.9949368533362528,0.8426428521243595,-0.6826292120490756,1.092123001366839,-0.5970884707750258,0.32915464294717683,1.0059817422152504,0.31362397042619844,0.8740809201270496,1.1767542454578634
1497,-1.024867681009351,-0.6597887358022366,0.16039797997456082,0.9791058241233958,-0.16434189410604144,-0.3725575405083513,0.8556366729698212,-0.17093301995344776,0.11526665053198774,0.8439614522038079
1498,-0.5800971300816721,0.1328492051420674,0.45937780792138155,-0.6652364928148918,1.3800043528633368,-0.6335228925684813,-0.931571160028223,-0.5098566802271661,-0.08369142932706185,-0.29375447090211537
1499,0.03855797813944697,0.499598050211108,-0.19264193524307524,0.3574595133363086,0.06223006126097536,-0.10472596558598903,0.519487596471645,-0.18762759768730433,0.44262123951054544,-0.2203534436049588
1500,-0.02984262598412197,0.041905338285323314,-0.7851502561223556,1.27260096256309,0.4159243447573873,3.3430805361466946,0.43586395674507383,-0.511223659349959,1.5623102168462684,0.24369033913807997
1501,-1.09425603971989,-0.1074550269903525,-0.17202761727428528,1.4794708265044363,-0.7905192248762709,2.3196899478744064,0.7486259937250167,-0.5242720964311638,0.8040810006587585,-0.054890110884250776
1502,-1.2215373216495944,-0.8612638828507976,0.9297736240068872,0.8709464157353919,0.23351882710909866,-0.48563964354007005,0.4182916604446327,0.11924368152602878,-0.4504386966832936,-0.2804842286789007
1503,1.8071541353647367,-1.0567231262979786,0.07557137277555112,-0.8174244669474116,2.394953210091445,-1.1192273146215195,-0.681156623808963,-0.5795726154896029,-1.8526947039041453,0.36312251914701227
1504,1.5225181651914927,1.5587428256405145,-0.9673177288298281,-1.7792627003241834,-0.7907066656671407,-0.9183395324791814,-1.104288825714824,-0.39627314220601234,-0.122643596903754,0.6019868791648768
1505,-1.2450818252336682,-0.07426383470686908,-0.007902020362062822,1.7908419619213067,-0.7847684216897282,-0.06280665974361807,1.6187340787359241,0.34065287580869397,1.4285050610484724,1.9157408592631322
1506,1.1436924139411662,-0.42917251219525965,-0.23422389072419153,-0.8715750488664391,0.7703741976471274,-0.491374567282614,-0.27824786411812913,-0.571221319874705,-0.6659861379880141,0.12733875107382223
1507,0.5446861784076406,0.22869158076440643,0.9189282916696133,-0.78352649869335,1.28385351412922,-0.8443884202208681,-0.8530016102770043,-0.5040936211297748,0.046333910294476574,-0.5412565159393606
1508,-0.8645107372892065,0.11643465186732786,0.47201427721256645,0.6690528028166908,1.801271663252331,-0.35914198160024047,0.20321872072631528,-0.4442868717255974,1.0370010866771442,-0.7497682491180387
1509,-0.9668475578328191,-0.9615750417519924,0.2590930868189491,1.56335620088615,-0.7624762118955904,1.1609302341692762,1.240215639698852,-0.023460654171591044,0.2688603774675749,0.880661965852385
1510,-1.2290329093012566,-1.2293173261720918,-0.3264123035977205,1.711932838562237,-0.7811081465998736,1.243956631101419,1.654613437554317,0.8590003128758116,0.03208582194061049,0.9669185403032808
1511,-0.3742380909510907,0.22981639994583614,0.34705867948440877,0.2304931811115845,-0.7657761484688844,1.035775065484882,0.2254899418106503,-0.6353924558033052,-0.040112159481651186,0.09936597845360182
1512,-1.2547624718251025,1.0807896567583537,0.800113381041842,1.3557754439415697,2.320750102594796,1.8540201563854302,0.5624093272761685,-0.4298262661291103,-0.484413092208906,-0.5923349209244461
1513,-1.0042429725122324,-0.7144389558745553,0.02141052454881407,1.302547330324359,-0.6751367206867835,0.6718641455013233,0.7565195561532625,-0.36983970121412774,0.15040426989143948,0.24493442434650692
1514,-1.253686902349532,-0.923958357164045,-0.16001907153999437,1.5573136103586538,-0.7907850091833245,0.8252148030958277,1.585064192980043,0.5550200564284863,0.31098422281132526,0.9901414641939068
1515,-1.2308256658479253,-1.194466574274434,0.40892694697994103,1.4485469808637197,-0.7592133640767473,-0.37785573766765357,1.0980538998406868,0.5536737891105833,-0.44377597081846437,0.606963219998582
1516,-1.2542058156182325,-1.1430202262350349,-1.6957551621092086,0.8695246297289223,0.10712798819897959,0.8252148030958277,0.8808839128767494,-0.33786585241395306,0.3134620960668403,-0.054890110884250776
1517,-0.7282732205819008,-0.1885660031331147,0.6737361607172373,0.5766811432088603,1.4480759804225412,-0.4063735000921719,0.5564095989015035,-0.04714978101544488,0.30014352731844823,-0.5139575527935842
1518,-1.1457303175493885,-0.368559072953756,-0.21711029373679458,1.294638645663371,-0.7906101392718424,1.6699181457967633,0.8501479175809241,-0.532142582289669,0.7594792820594927,0.44274397248630104
1519,-0.35628776247219013,0.1492235266685863,0.37826632438031055,0.20697235071402847,-0.7649618039878496,-0.8605820389611691,0.7166481400334006,-0.5876502193970153,0.5282111115447844,0.4228386091514784
1520,1.034570787751646,0.1912657035609984,-1.398272894970426,1.0657310986217445,1.6223679143910457,4.3664711244189816,0.12310191976513078,-0.49817522226875427,2.3205394330337787,0.5422707891604107
1521,-0.6296271194917931,0.19510420348341245,0.11941413866540414,0.7176127190459927,-0.6654682017439263,1.1019293501658058,0.831679758432186,-0.48492081779446966,0.09174291489421675,0.47309965157190503
1522,0.35897468911078556,-0.607668579319236,-0.2225451601729828,-0.26176155500331283,1.2002147354449664,-0.22972479048699807,-0.07941692525385079,-0.3095095674674473,-0.7822267312183875,0.618886645734796
1523,1.7543713661705225,-0.8098359743626675,0.6311233457288944,-1.8069519828001817,1.9094965270715647,-0.6018916402590075,-2.1172416727015815,0.0768880405243407,0.35506971781569163,-1.102409856379261
1524,0.415562150278719,-1.120984854001107,-0.507136435737388,-0.16944423998176822,1.9228369262459313,0.7740341256365895,-0.14789833693982715,-0.48975100021478746,-0.6774487715703997,0.3242485154578305
1525,-0.8912574192336973,0.4103275726319883,1.2417369399172016,0.07830071712851747,1.6186265812399543,-1.1944925483621809,-0.8297139344054519,-0.5025247012958225,1.242664566884867,-0.38332860590881457
1526,-0.11889693256878694,0.9712124495714594,-0.10975196693752132,-0.2577299851997157,-0.6618327018643101,-0.3732055993878546,0.1167774286267267,-0.2518994022393487,1.054043749227677,-0.13630366112540393
1527,1.1181785114133176,-0.19709797711076682,0.7869160141413979,-1.0226221737356425,0.6163127279082272,-0.07906937545696621,-0.8233160868255086,-0.3477288690357474,-0.03120175491236981,-1.0722907236543682
1528,0.6295987923372722,-0.36376478962391945,-0.6455233956792035,-1.5237203620946913,-0.12321619658604967,-0.49523581043186493,-1.1442249219594673,-0.3257149268780173,-0.442564566115768,-0.950631460951243
1529,0.8521339853691672,0.2919381630397079,-0.2900150151023937,-0.8392537032121531,-0.09884751895480062,-0.24948857099483074,-0.42922439029812715,-0.2104664093791673,0.5138501579065636,-0.7457759550339739
1530,-0.4532922865799232,1.612499791296571,-0.40653634151103796,0.11494178303755764,-0.30325437446697995,-0.5304924099005807,0.6018884833162065,1.6103590069319247,0.8537623594318283,0.7658616107732876
1531,1.4231126303327346,0.13168796802467092,0.5712273974957995,-1.2288549894634075,0.8114624338167115,-0.5963154654377917,-0.8689470528256185,-0.44313403951137853,0.2715644621443753,-1.2228326457485368
1532,0.8792200201479342,0.7643669569891447,-0.7189949504977226,-0.14136522087105569,-0.7899892151509769,-0.12904728512208913,0.1990726071276401,-0.3869528300051519,1.741543048995168,-1.856325492685646
1533,1.261187181675316,-0.24323733526174937,-0.0045284301472411845,-0.9910444346031593,1.0873148145499156,0.643000976525385,-0.7540099036960806,-0.15571996025524593,0.0948531603159939,-1.5986510991778293
1534,-0.36045825287765915,-0.11409326544704919,-0.1535683745133471,0.36621238343863816,0.23433331533609142,-0.33354491060930264,0.12626865867439752,-0.5677668867018462,1.5623102168462684,-0.23403838089764922
1535,1.0009887850962111,0.5104195642952478,-0.2602798361726929,0.1614934786127952,1.101296875366272,-0.4498437493430734,0.19574702861593998,-0.40846391330945425,0.9470747397891477,-1.2854301934985055
1536,1.2093986530549794,-0.3903297534450771,1.4166145715649023,-1.2571382716646544,1.2573038151544906,0.8502153665349325,-1.1712211240101504,-0.40173505814038685,-0.5341108268651565,-0.8605240298934418
1537,0.8593023737203429,-0.3459051809841177,0.6643331012939198,-0.918312299847054,0.623202509685069,0.06231026942971116,-1.039666191489796,-0.3350892805289755,-0.24354816440221638,-0.9562494304173765
1538,0.6836626623316119,-0.35492697612303886,0.7628718543690446,-0.832325292075931,0.7182643277933828,0.09392983752391457,-0.8388291195904498,-0.39709051879188134,-0.19461254065544592,-0.4952074114380157
1539,0.1695899613091766,0.2774105611945671,0.7295558332298151,-0.15263178182506715,0.5594686742276064,-0.35470454487304154,-0.34802040910986526,-0.23818505194998935,0.5865427419736554,-0.4664780158204795
1540,0.39885451890577794,-0.314643802049753,0.9524997589349385,-0.5236856176996785,0.9717145887168214,-0.11240995241835758,-0.6796774799185005,-0.40142261812953456,9.116425752567237e-05,-0.443565468803363
1541,0.9817295931704806,-0.022349299865861476,0.5408546789424842,-0.9673813054133601,1.5286942105513783,-0.33330390786179415,-1.1844386977745915,-0.42023134068626494,-0.08972432633895538,-0.5535755673687691
1542,0.8886575774570924,-0.3970694560690556,0.7312522035209869,-0.6397628600075072,0.9284363402306436,-0.31421520924388363,-0.8053510391584457,-0.5031351926078139,0.03625103639358629,-0.6323892446978376
1543,-1.2533117667375604,-0.3696654460298716,0.9810498853568422,1.6351563942128715,0.8313490702552182,0.3817455481778361,0.9004121361505618,-0.20986689818880175,0.3465004061403698,0.4228386091514784
1544,1.8055902014626861,-0.7082156073214023,0.39305555551047344,-1.3804517255094244,0.9176504020514472,0.7981409780092592,-0.9271377255552495,-0.48450543104082544,-1.341757238617006,0.06454206912468152
1545,1.159813394954811,-0.07809926137073833,0.11750166656697907,-1.2093160831973508,0.16250322072296347,-0.2545615382234207,-0.7655657389708725,-0.3917993923495993,-0.05359352885007677,-0.32825710068247305
1546,0.11890390940687937,0.41411941490195076,0.3492587487267981,-0.03141463139255196,1.2165626889127454,-0.46354718349104584,-0.21918872979735676,-0.45877524996955116,0.9731830855460193,-0.6957885229109712
1547,1.214846126750228,-0.06899246300028161,0.5921783919213907,-1.0591021851895943,1.1188384160031373,-0.2929050987707011,-0.9582822410378854,-0.4372745926632901,-0.12651870812616406,-1.122727778895902
1548,0.9752134268124137,0.41871943408660117,-0.02881459692966433,-1.008463269115745,-0.744116026156312,-0.48152123690041887,-0.23358710140507413,-0.3708008673319154,-0.8908076554184884,0.7208613414250169
1549,1.0281989830862206,0.03513465467260974,0.4996596354992647,-1.1146538758297544,-0.003658270785120517,0.17093979504389772,-0.8816744606257327,-0.05720675781752628,0.23628199960351456,-0.9149487732730686
1550,-0.8826548329787213,1.5256966684228257,0.18138945558016595,0.4587097992843018,-0.48741339794212185,-0.17209252424905483,0.12092104237590809,1.6026576347580905,0.8704287008338831,0.2344298711965986
1551,-0.5458583801502678,-0.8349106728492263,0.2389912885882249,0.18791010747756612,-0.3372629289143873,0.8415382387133654,-0.1953671783430802,0.0033639407991016977,-0.37495337270461754,-0.49856291854525747
1552,0.8970213434627976,-0.1410970358077936,0.673066602628067,-0.9119466632200753,0.36043053619161736,0.028349910188870394,-0.6216620796969606,-0.26199158193690875,0.10453384181559157,-1.1517497710821532
1553,1.1254082969898809,-0.1845207491987134,0.4460162223529341,-1.2974285761483275,1.1959394227272633,-0.0774126776358857,-1.4213565069009295,-0.4677940836990887,-0.4976483266857104,-0.785510643589938
1554,1.1018732867043666,0.46752533112640343,-0.2517678401699702,-0.7675860090332969,0.7539403204246862,0.3423292055048747,-0.515775374362096,0.3421685799704337,0.774462630190345,-1.459515819227287
1555,0.9710879228026585,-0.05969403044873706,0.3159384388032048,-0.7667279404662859,0.7737818228306196,0.16344256459833717,-0.43417775381023554,-0.35318960553603107,0.3225860001875841,-1.2259839334132556
1556,0.6201283037081867,0.07841564979715399,-1.2003352907113218,-0.915527701393823,0.28652491279381803,-0.05955780073322991,-0.8184440694636492,-0.5087382427630628,-0.4075990212879493,-2.3838176210584305
1557,1.0543332252411972,0.49330555334069653,-0.6869729623466055,-0.3796436302280502,-0.7381420572942501,-0.09312934384057471,-0.010993385331283554,-0.37204033048377494,1.5217631999378454,-0.4729027409155138
1558,1.1832685938856302,-0.08683406391188446,0.17240158983580056,-0.9635096324939989,0.48657351335690796,-0.15886706743357754,-0.9153889816342092,-0.4404826345832245,0.16476054054919267,-1.0246828262304795
1559,1.088618247441714,0.11033623726088612,-0.3530903273062227,-0.7876064046021208,0.6934756888797484,1.0333857244962577,-0.8239569018189951,0.05852419442700184,0.5483692362039657,-1.051810325840439
1560,-0.5739369502469389,0.6405795977710057,1.0075560117000746,0.19050154778569584,0.9648738041403717,-0.237772470086618,0.18364681559981036,-0.31272771031032887,-0.030436152396823183,0.5111343608612992
1561,1.8165377387770412,-2.145394233196234,0.28358918172494424,-1.7835280583435926,-0.7907825399034447,-1.1706675822859995,-0.1343353256823267,-0.5677668867018462,-2.177791675027679,-2.3838176210584305
1562,-1.0460973017627395,1.4790839641601534,-0.06537714972561359,0.6790053048619787,-0.7763289094341534,-0.8914461995598573,0.9806051420587605,2.469826418583057,1.0047887343554525,0.2138322941358469
1563,0.07254291347013628,-0.7642257442997804,-0.28803014265190474,-0.037574842398765025,0.29548309074079504,1.9908557806771265,-0.0567572078587654,0.3960258861842505,0.24129403749997386,-0.5435667807541323
1564,-1.246833431203965,1.2467456181757701,-0.04002342734160034,1.3344486538445242,-0.7892505388047358,-1.0504597989016355,1.2657358297323555,-0.546640845713229,1.2649654261845,1.6171604092408014
1565,0.9657576960614115,0.6426659186163723,0.14435767522186338,0.4749790129335723,-0.7907919680629855,-0.44400611696250214,0.71397814448245,-0.52986428375168,2.1669112911918655,0.273548384140313
1566,0.11927296884602466,0.08888931491772067,-0.5971208810138572,0.21311565108364974,0.4302319525526805,-0.09519096548420405,0.43554383324749235,-0.5818440100926277,0.522635896719876,0.06769375165269498
1567,1.5692059364285473,0.1589227306358703,-0.6207708857131515,-0.8985343965623298,-0.5738689645443904,0.18118942039280853,-0.19073755873340958,-0.34621529876055723,0.35439862714232334,-1.5642142857471328
1568,-0.8299095053692519,1.4311411308617892,0.8014435548030937,0.8022267587560222,-0.48370043309560956,-1.286904537991001,0.04244321695851094,-0.25280937366239675,1.3503143938744517,-0.6188754053708752
1569,1.1415158744290343,0.4841460284979933,-0.6959940078343055,-0.6604157782631047,-0.6410654620801721,-0.14122154348683413,-0.16988647788359523,-0.16986759510334626,1.1016737595036354,-0.9762342649517911
1570,-1.2549880953560384,-1.8732264564716696,0.5509787623250023,1.2448761354369307,1.4839385878006592,0.04548864060265587,0.9954453498884619,1.2726840958947474,-1.6391020292787746,0.6019868791648768
1571,0.08827660983606844,0.569313383669874,-0.3524632812304598,-0.013404480288779923,-0.7843835357831431,-0.34181145186906886,0.5095123689074544,0.14345578144337498,-0.056649572531878495,0.5890483929972424
1572,-0.6708198520433075,0.9189491429023044,-0.3938386180667745,0.7764856504354362,-0.7642525651862156,-0.012873078212304769,1.1311952047108136,0.05492110464108099,0.4892839306550905,1.4115372574279583
1573,-0.7887196209071026,0.8199783409623282,-0.29866871123307465,0.8179529256081121,-0.7061564051339884,-0.3486110540617544,1.2051727922597204,-0.13235353139223457,0.49668662945668857,1.1360574720173866
1574,-0.8928752160505001,1.171383617932343,-0.5062041640082107,1.1359386103888234,-0.7791118679649267,-0.055547252876490635,1.2700444294606212,0.08955706920426086,0.7729760670766461,1.4900124947968039
1575,-0.5480803248875837,0.8405251135648542,-0.14523731058248715,0.4041476652141157,-0.7884260056722996,0.333420919114588,0.7689902636677288,0.699272911862561,-0.05050759336392359,1.0398637979717003
1576,1.7696197217155176,0.6625806339864624,-1.3777109680026036,-1.9157541569452776,0.0023706599684170087,0.5653060822647702,-1.2533118332097344,-0.5926210525708077,-0.19202404805816675,-1.4283601809869721
1577,1.7602361183032125,1.1870014720655,0.15890740463331837,-1.4977490710431771,-0.7447735703045597,-1.181497112320627,-1.6888315726136098,-0.5478835540066771,-0.30105047130081486,0.7214190591738091
1578,-0.29182915341119503,1.6696404563288572,-0.36455405726938256,0.06688461184127575,-0.7907919680629855,-1.1262028060261773,0.8727205201867708,0.42939686805845567,1.6383955015156049,0.6757538138762765
1579,1.808913561004544,-0.4616327079820228,-0.2977715228519057,-0.7372090776948975,0.2578928019662772,0.09625206263997156,0.19443504218085866,-0.42094607978217974,0.10872781832993504,-2.3838176210584305
1580,-0.9108182999470301,1.4212862336697671,0.36018142125450825,0.6509774636140784,-0.7906788945694003,1.3101303409825908,1.1040864377208193,1.5954584877682787,0.014371706608878078,0.7905864438657589
1581,1.8411696977343412,0.8517704300023176,-0.7538569791665093,-1.7332501506898073,0.5614823186772007,-0.4792020895750411,-0.5213993028054352,2.01520230122997,1.0958505764956186,-2.3838176210584305
1582,-0.7289558635448047,0.8106577570207916,-0.23445248476408276,0.6025166029186845,-0.044469426598661155,0.9278982704462662,0.6666273299333463,-0.11000359238980063,-0.3576049785088252,0.8920026065278371
1583,-1.2540753053341063,-0.4708985824944959,-0.12010769505530419,1.727927931135022,0.05403379411855209,1.7121533129318103,1.4691056652730659,1.0309773328190976,-0.5352094939469584,1.214076801710655
1584,0.3500791202150225,0.06519185731595738,-0.23778325021286903,-0.01587567977621536,-0.781241872536217,0.810302712135448,0.29756676194238196,-0.5800263026443545,0.2331475375309492,-0.13735518755708576
1585,0.39062852610430193,-1.0832760801247647,0.34167028565766466,0.05569431962564936,-0.513158858919937,-0.3699321315256507,0.5249610873510933,-0.42069236017226697,-0.7649083447331747,0.8707092841849745
1586,0.1595184908761877,-0.6683861765812215,-0.8576822950075645,-0.4442056402491076,-0.7877614882106013,-0.12236907493406873,0.20404004071080392,-0.6535137589497632,-1.1435273781758268,0.9304253741894407
1587,-0.568296665233273,1.0080600759058318,-0.9104624969455972,-0.22569357708687432,-0.7901223947478957,-0.00708862669372479,0.46542967137424074,3.1056370959894557,-0.14227172780287245,1.7845409329730022
1588,1.0168608883537764,-0.2762158778965141,-0.3872139587143995,-0.8263456735091339,-0.7073734873285863,0.976004569183611,-0.06174432970751653,-0.5254622959234811,0.24247626223984034,1.0511191617336784
1589,-0.8953236473790295,1.2732985720025576,-0.005080830999057388,1.1808957651457928,-0.7907919680629855,-1.4446546921620722,0.8406477008531238,4.0812048390873885,1.2203637075852352,0.004825979120215374
1590,1.6573884434256467,-0.26133657089058915,-1.1866868911781459,-1.53162339163386,-0.5554761236463942,0.07092340168398278,-0.995259364400253,-0.33104775015530613,0.4162737453064685,-1.7133834646299106
1591,-1.0150334039776054,0.7577287185324487,-0.33394838954076356,1.306012933715129,-0.7554987253376889,-1.0237469581495555,0.6269238709375068,2.4959232927454655,1.4532837936036198,-0.07479547421907339
1592,-0.3768880408655136,0.061993817208519784,0.15523784359780854,0.267475331976285,-0.6764762140936696,-0.3373545372810231,0.3617472249507617,-0.4267183254945391,0.5558047774327259,0.4531653763977315
1593,1.547541107624305,-1.086595199353113,-0.908072752206714,-1.2077047257233522,-0.7906967511342902,0.235005416208635,-0.5820563238248477,-0.5919996984240836,0.3332850821109582,-1.4283601809869721
1594,1.8199262622314845,-2.106117988994112,0.009540220615394928,0.7131281690172523,0.6447887397870903,4.682332417095613,0.7965306813426517,-0.4185383324636241,-0.5368614094506352,-2.37386493939102
1595,-1.1590442606279805,-0.41502674215063134,-0.912562235404439,0.6432236903658234,0.7375841945262464,0.4914246218063125,0.7386911265586894,-0.4302405022269271,1.2209143460864604,-0.9473139003954391
1596,-0.6076905705245593,1.7724380668682669,-0.7729216373085904,0.27462212911082423,-0.5684348082084194,-0.103209948583847,0.23301576221071255,0.8572584142198973,1.3302992206911077,0.33219811539469885
1597,1.0037853243632897,0.9075919806609034,-1.0819590716213676,-1.009157156917604,-0.7837468371732504,0.27696873166710917,-0.15579606004433494,0.3028799233774534,0.8652040196395984,0.24479224317982956
1598,-0.5700549367261706,0.272491926899189,-0.3750970448186019,0.8314918540558569,-0.7020179559309067,-0.6126158831960763,0.5271120895808028,0.46135091880983786,1.3866221200490088,0.1881211998283683
1599,1.2706487823966324,-1.332233071689976,2.552062142983442,-1.695916360562172,1.3154209232318133,-0.8329930591472595,-1.5095544367524918,-0.5376510593987518,-1.6376421489524007,0.6291079367085715
1600,-0.23626483558706285,0.2642737078134022,-0.25760825466268933,0.03431241075081758,-0.4471222511420238,1.446230127301952,0.3473380380797449,-0.24774606912007166,-0.06019762249891905,0.3002990826772597
1601,-1.103952429912605,1.333042718112827,0.9619425791217563,0.012187667827675226,2.0900345582774857,-1.3038708017119163,-0.2932311074237748,-0.5652814701149501,2.1817785307249538,-0.23403838089764922
1602,1.2125464658050262,1.1206190874985338,-1.2565826215580889,-1.8474231214743422,-0.7907919680629855,2.464805650338415,-2.861996571241354,10.18911610138466,0.4294265644249294,-2.3539595760561975
1603,1.1391458346687755,0.039655713030553146,-0.8316739345924187,-0.6707198475131774,-0.7220152091064618,0.44939401246080773,-0.3809922053723221,0.061209204222003925,0.9578468021259787,-1.551773433662869
1604,-1.121937669786189,-0.23026243843924157,-0.8652424485252814,0.8290037285445352,-0.7907892930097824,0.235005416208635,0.7381012438206889,-0.5727377198756385,0.9973551145889085,0.36312251914701227
1605,1.8118459370708893,-1.342167379935935,-1.3748897786395982,-1.9249246766870072,-0.7907730743305724,-0.7071636968039474,-1.2560128752205793,-0.5864075111035673,-1.7010488606666434,-0.23403838089764922
1606,1.8290492099934474,-1.0899143185814615,-0.5277827658249592,-1.9114887989258684,-0.7488890367707605,0.30539736143371304,-0.7797912268946569,-0.4509523071177275,-1.1336158851537679,-2.3241015310539646
1607,1.827328882701192,-1.900443234144126,-0.2701685535364534,-1.464266010590815,-0.38410740461141785,-0.7484242062358779,-0.508951224710625,-0.52029542989213,-1.5667233514851897,-2.2972292905519542
1608,0.4741611395167793,1.2710858258503248,1.3744156089547739,0.06834821508322998,0.05479877203684501,0.022024658860962786,0.12850400378682125,0.17143742985084773,1.3260862998205307,-0.8610573259445438
1609,0.6925905745032063,-0.4614944113475089,0.26395708495916115,-1.6697851778260144,0.17871216248986424,-1.0836703576744933,-1.9499943932484403,-0.5077026525185232,-0.15568190697728407,-0.054890110884250776
1610,1.6010127524658515,-1.4870864475774872,0.5659043484252685,-1.8696172010353351,1.4930866818312423,-0.7644312830108706,-2.8075996253388684,-0.25933852358511555,-1.33268350274324,0.4128859274840671
1611,1.8525082185242094,-1.046765768612933,-1.2236497264022264,-2.37662609094244,2.750379859445139,-1.020137114804679,-5.0499523672816276,-0.3869528300051519,-0.7098995584607475,0.5422707891604107
1612,-1.25099349538342,0.3041157573248413,0.26682053933135014,1.1894264811846111,1.360474593814639,-1.106773355081698,1.0330736592809266,-0.616232510146321,-0.2614044992125795,0.661702969169343
1613,-0.019520662230586676,1.439254533419974,-0.38440400529573737,0.24464967988547642,-0.7907881706098372,0.07256246568922436,1.0245979757296537,-0.21670179380276608,-0.03096228644970883,1.9754569492675982
1614,-0.0423355690002135,0.5387807948613221,-0.19059254011009616,0.11380994072863775,-0.7785667252129007,-0.47871458083095825,0.5438000173286102,-0.3424857546743132,0.21690461642669348,0.565648018193167
1615,-0.1051945654196999,0.7934125599002401,-0.3509201824338056,0.05532186030002132,-0.7006476200760607,-0.45359379917976905,0.620155928428497,0.6952216271898144,0.006090743055192421,1.094083188376894
1616,-1.1582897494054578,1.306489764286041,-0.15927415075313336,0.5965417164867345,-0.7907766847170633,0.09963629077579285,0.969459462956537,1.0253851454985812,-0.7594570235710421,1.2588638692140044
1617,1.5272099668976453,-0.27562373456000167,2.219937683925028,-1.8631480747058977,1.4651570953821802,-1.112368612266256,-1.751297049921892,0.6401455745296791,-0.895822648399537,-1.4980289526588493
1618,0.45857088705345445,-0.9932483998979938,1.405296357444349,-0.688247276808774,1.9249693809656878,-0.21190189130001072,-0.9411338716547705,-0.49051533495529737,-1.0935580036114956,-0.5064320368137968
1619,0.5531398015703446,0.5935429540368165,-0.590680319762561,-0.8813692925883877,-0.36600303986751054,0.11721622786533652,-0.5913826803772381,-0.5039331040283979,1.449566983720348,-0.12356361438938676
1620,-0.5148785705482635,0.3552637207611215,-0.219053997374386,0.3361733576425676,-0.4681198848654816,-0.5002503556085109,0.6239031619000659,-0.5136282368334605,0.07236864892816598,0.844555240497203
1621,-0.6670470200165995,0.2662607769974217,-0.24442140468256815,0.3883451126730505,-0.7638861603965461,0.2324919470796581,0.7064092563790269,0.35240246270773434,-0.5543647551711834,1.1430153837395283
1622,0.8723290862305941,-0.7328300527137972,0.09657743554770715,-1.0539360335762165,0.5922622360980442,-0.31844012256015086,-1.1704341290337028,-0.35656248507946947,-0.6116131037862167,-0.6972615187336417
1623,-1.045070318500393,1.4093824603648386,0.05916198296001765,0.23505262434180538,-0.789228867132458,0.2729087713298309,0.6878991181708408,-0.3471861646148136,1.4954076389473707,0.7512771041760422
1624,1.1879228156509951,0.27273988841087543,-0.584606651227087,-0.41475598589673673,-0.09003389694521692,-0.2368793931814729,-0.030583362224699557,-0.4418354282453305,0.8958632094888505,-1.1212760236349888
1625,-0.5825368669688713,-1.3886350491328119,0.19285677326004666,-0.9560486025782101,-0.7904313035472202,-0.8208737621675349,-0.09149121102753992,-0.6920377160466533,-1.421049182793478,-0.29375447090211537
1626,-0.6296425560986411,-0.24069395601405055,0.7637015724752982,-0.22728171811915496,-0.6932109443971481,-0.43890076708903436,-0.1294521610617349,-0.48397284177220534,-0.4730856716122672,0.2778138191406319
1627,1.6551877498009167,-1.509418404580727,0.8765482169784833,-1.583545513002015,1.025331882491562,-0.020908965835726188,-1.5382220963715127,-0.37562173988728215,-1.286907429770499,-1.809651832896429
1628,-0.30681682518288195,1.00118852127058,-0.0490048593392101,0.48266179406643467,-0.7166089079011169,-0.08440882989919753,0.6658763204571171,0.006914133555116565,0.810322568715698,0.9355355274254546
1629,-0.5037614468143996,0.9298361142530712,-0.060159158652927036,0.5444711736431241,-0.7427078447524414,0.15793044767107703,0.4534859273813469,0.16417172869515434,1.1437533729097311,0.7186986595180508
1630,-0.6418719894239903,0.6054761416307868,-0.04582606078790021,0.5618281096211096,-0.6314890505884017,0.07262443933142326,0.48043450106799807,-0.23515851376547997,0.7487343125054811,0.9166960224008486
1631,1.8190056614772188,-1.3023138367170468,1.2660815297685388,-1.8888132511351825,2.4726675151667097,-0.9541874622695165,-2.502348905254672,-0.5124949560895639,-1.5659348004826077,-0.8993014775140893
1632,-0.31480155180518105,0.46235327147438277,-0.04615999148330012,0.20760628693763555,-0.7197639744510034,0.10566610825694038,0.5703495254424545,-0.4170325032955538,0.1279235257395699,0.9754989074502672
1633,0.06521937452346395,-0.21587826211143038,0.5555630197807326,-0.1317262251045116,-0.7638439224844701,1.0680731124692728,0.4292317294752841,-0.5527140554857878,-0.616715209984514,0.43383304212782164
1634,1.2319209158604862,-0.37519036991696075,-0.6748549847787679,-1.0928763868382647,0.7407795081007026,-0.6934567726279994,-1.246704987659343,-0.3750558345503084,0.08572728550418263,-1.1289321012109246
1635,-0.6769859631815227,1.4651436634010913,-0.07290349123598339,1.3186668291727095,-0.7585304523011234,-1.0465611680891698,0.9213995430394284,-0.18463991983180583,1.650026930091491,0.7751635401778286
1636,-0.5852591624716161,1.3343077940278263,0.19534740295916658,0.6409886698662101,-0.7087573654541426,0.1371371646339814,0.7107251594920375,0.8008180980377392,0.8525994618616827,0.7492789544592635
1637,-0.990713189178114,1.4981688997231575,-0.3803985151545669,1.250207832961192,-0.7901887840968115,-0.8331472295401134,0.3707517687307611,-0.3977747480605963,1.3956732404129026,0.4974837216570611
1638,0.6280236498479798,0.6636092972651249,0.18113769540344685,0.15765493223769983,-0.2441518022435521,-0.18064532095811475,0.23224843284304855,-0.28235109159078586,1.5220632655049042,-0.4267007459658708
1639,-0.8940334385149571,-0.3353863202215398,0.2799101147649062,0.7816886477806798,-0.6317333172626468,-0.10120767623898977,0.5238414462693444,0.07870617678844957,-0.375665280077475,0.4749603703184201
1640,-0.2060127734827405,0.5986255171420929,-0.19074383316774354,0.29768257154474725,-0.7277747593862727,-0.07528577606093813,0.5041838775679394,-0.34001020976021457,0.505881020970864,0.8763796493712095
1641,-0.6469428914206381,0.45874843473845034,0.04794565903765292,0.5447232862429879,-0.591568074250819,0.009716799536409325,0.4591585571160043,-0.36761508274838095,0.6074384188664622,0.8868370686431788
1642,-1.1120223288471869,1.080789656758353,-0.07129425101131787,1.2086205922719528,-0.7907919680629855,-0.9427059750570931,1.014725201483116,-0.4857481393342736,1.401248455237811,0.7214190591738091
1643,0.8702262154127312,-0.9130580678800364,-0.7083224353236195,-0.8726692547615261,0.635577325595984,-0.7678008608084416,-0.8216531444545906,-0.5462501457573355,-0.5132446492781874,-0.12523747448799696
1644,-0.5104806004834518,0.7035070617597411,-0.28059984434540103,0.8261481074976426,-0.7875973340479759,0.9805451385501236,1.0933332593031275,-0.12415162021953231,0.8344874453535495,0.9208100715616039
1645,-1.2457094840396914,1.8641017946485612,1.998319347228763,0.3008102271410307,0.4518294825195449,2.9290315044894397,0.40363773137429976,1.056452852834783,0.5744647456477254,-2.264385441049498
1646,-0.5513390047715221,1.101182731501932,-0.2867340482446031,0.5048038935451329,-0.7095496934020572,-0.11136995201765947,0.7186686346443784,0.11101849350164109,0.6273156674168001,0.9343920226800743
1647,0.12698583630896568,-0.3687714695150337,0.6827269469285742,-0.10499081825647841,-0.7897849276324054,1.5969653826690695,0.4543573666013772,-0.5432545258898452,-0.893177406200802,0.5876629027581379
1648,-1.2273468147844122,0.20454218047439102,0.6573492241878326,0.7372985311272379,-0.7907871417432206,-0.33354491060930264,1.1925282773004808,-0.6920377160466533,0.7396562960153753,1.3782960492229368
1649,0.07394002775596828,-0.005226154757223827,-0.18433730119900935,0.7663029656592195,-0.7907919680629855,3.272688590921616,-0.18220896684006657,5.614706873202309,-0.21779392991552024,0.3034064291425461
1650,-1.1749706684047314,1.0260241894906061,-0.12440815973973571,0.6349299386614168,0.5472137298688964,0.5523106462232172,0.35036200619486907,-0.26361403188043075,1.7741683801927783,0.7960641716793918
1651,-0.720171738871019,1.187370263090873,-0.02282274263190734,0.18019538092551504,-0.10602615401079078,0.37771455644272395,0.30172772676970716,0.07457522231153356,0.9557819077463834,0.8109931941805084
1652,1.0147609583256694,-1.7293979565765742,-0.4263678762889062,-0.6930181913813105,-0.7906037415921541,-1.0793385456606421,0.15706674689001257,-0.6473002174825228,-1.2281054519640633,-2.3440068943887864
1653,1.5064711110851552,-1.7255248189507129,-0.21136646309964166,-1.5394190461371742,-0.06754146829762134,-0.573647153832368,-0.819330339293018,-0.571619718449533,-1.2551645234576545,-0.5892727875873744
1654,0.4767919369956794,-0.5147386156355971,0.14485521362684683,-0.7084090249013453,-0.720627062890968,-0.19307236914764317,0.2111923689090621,-0.5271044357499812,-0.994132269812084,0.7788957958031085
1655,0.6644025277448148,-0.03619142978042608,0.7598810022316989,-0.6024258800345532,-0.3110925844459559,-0.24602554794255538,-0.18511251308158325,-0.43564061221399125,0.18059007587201384,-0.4300114223011949
1656,-1.1419297496428849,-0.3650186791101837,-0.23142474793046028,1.1203276812701828,-0.6575433178655797,0.899721969734064,0.8561460936325945,-0.27051106290906757,-0.5240590642971419,1.0677723811997126
1657,-0.5724651326396643,-0.08754031162026245,-0.31741924886587614,0.5517554572829377,-0.7904627307456894,-0.926461680005152,0.9163700165364751,0.919754940555495,-0.29113897827875646,0.48255469915594457
1658,-0.6279136923056396,1.0370168019919326,-0.17314873463233357,0.2819598652286794,-0.7402715824357239,-0.1503182379990761,0.5595286641942415,1.3149395069455467,-0.037051767670591075,1.0756391589342549
1659,0.8676514140148937,-0.512279737458653,-0.9777127929301305,-0.8456906265204013,1.5261581699370013,-0.6054646397778047,-0.8150655609320432,-0.36621626510494076,0.21351564442433185,-1.017851456023608
1660,-0.7858482742354742,-0.2933257037778597,0.48997978782076873,-0.46126707232674435,-0.7745171688557374,2.5362805485669555,-0.2757209040431229,-0.7094356321549264,-0.15733382248096037,0.8408512391827414
1661,1.4704616541916629,-1.7857502014649607,0.2711987436631888,-1.434942580247479,1.0105168091319747,0.31439091452595,-1.2597293495339237,-0.5196358502819683,-1.1081389146373788,-1.4998097020748318
1662,0.0613049436312953,0.05585568052010591,-0.15218381581151266,-0.27758242263134936,-0.6916764927456514,-0.2097938428163044,0.10026708682966276,-0.43590912552788297,-0.2128349726056112,0.317028820005382
1663,-0.8293494867044924,-0.3876993271705645,0.05453123483923835,0.7557817492113437,0.013272031792962179,0.3129329094161407,0.6748006167412359,-0.36745266570046337,-1.1277928830033082,0.4870334059062797
1664,-0.3373563425878656,1.9166545157640766,0.725896905436462,0.444766060296091,1.0115017441465777,-0.15756504754660777,0.16979579544686949,0.7014525170064501,-1.3301938300912708,-0.24896740339876575
1665,0.303831865715567,-1.0863581194082308,-0.5355036773240351,0.05697392703147198,-0.778452798790698,1.3313793015357154,0.005493494475174072,-0.36405149145446647,-0.09397106351851202,-0.8631900434447034
1666,-0.753802269732962,0.7206963947027933,0.885289361194382,0.28285041379556936,0.7065513744578291,0.24838787546594482,0.5127100291809898,-0.12300923941400657,-0.08582859559176845,0.6334209757582873
1667,1.6914230266129777,0.310753995781538,-1.1086202207829055,-2.027933072855739,-0.7907919680629855,-0.5284764512325957,-2.4617021452340886,-0.4907189725080658,-0.08795337132654789,0.8408512391827414
1668,-0.4675877251681383,0.09169212671054736,-0.5594947305280306,0.9622961666510723,-0.7903071848199328,-0.40664423834303753,0.4529550329171462,-0.15052757717665632,0.9639038256394593,0.273548384140313
1669,-0.2612269911518012,-0.18644569987034768,-0.09511044089435408,0.19871812776889167,0.4967918145355973,-0.2037204842249353,0.07466312301999725,-0.33686937499108754,0.05146017910576425,-0.0424642090295767
1670,0.7488123007513481,0.968905296571525,-1.0063285961745347,-0.9957806993669699,1.1386983253061331,-0.3174554412266677,-0.4279945063599137,0.8983169802369506,-0.08965284470295927,1.1290318423416992
1671,-1.253755402654442,1.100704372128443,-0.18653508167655666,-0.1882841590845563,-0.4282567857222171,-1.045045033884322,-0.5838259720388499,-0.3813606426846355,1.3640803564050896,0.661702969169343
1672,0.6836430969893466,1.2079252329553853,-1.075051303443418,-1.1711263943744243,0.06960689219064353,-0.33074673918343844,-0.7741835125983694,0.8560586655791779,-0.6864858918712505,1.4664184396856685
1673,1.6882951588088766,-0.08090207316356576,-0.11720990036315349,-1.6043830215284067,-0.7301823710153029,1.7673839161084097,-0.8248706866618675,-0.5081168886163387,-2.247172126182092,1.6171604092408014
1674,-0.13537859180422068,-0.4754306889317494,-0.2724489589050601,-0.06931944632503419,0.4172344473869052,-0.5527674152678418,-0.08285436812535844,-0.30578703242080985,-0.6041356683378598,0.5389230689631911
1675,-0.049391799759756785,1.5089560372152888,-0.9440931062834389,-1.2205007997815798,2.791534524107146,-0.26748477739807563,-0.24759281137845862,0.09646069614614791,-0.5438820503412598,1.7365925892497336
1676,0.5180823049981571,-0.6002085289641215,-0.6246657841247828,-0.3276584601080834,1.2565169528440867,-0.5239737090937211,-0.24622585231558422,-0.5284188221697892,-0.6394568293301436,0.805089050986621
1677,0.00863014800632758,0.888280741514149,-0.9240594919304115,-0.15416129492928277,2.66619986354558,-1.0948608720436077,-0.04808826009464752,-0.40994293343394117,-1.0394567014442078,1.1991477792095384
1678,-0.9058020045227698,1.3629147911679624,-0.8916290220712189,-0.15416129492928277,-0.7774167020478333,-0.9695090618927958,0.6181842924771281,0.9418130127641983,-0.4626078075603765,1.8709537917597825
1679,0.5498790278212963,0.5937013062978544,-0.44955167144891595,-0.3206324889884084,-0.3389045273563951,-0.13135809398496276,-0.2882734336340532,-0.4130926101467894,1.1169968618868507,-0.46080711353520803
1680,-1.226286575770917,-1.2995720165054647,0.6928342214815643,1.202933448246074,0.1465429017679523,0.15247537273641248,0.7022115361823312,-0.010878232700429329,-0.8410203515650687,-0.13202339380668607
1681,-0.40669856524829395,-0.27628755840567126,0.10141765862075983,0.3388430028140956,-0.006924495178812318,-0.31598302273648254,0.6753687669573105,-0.030026296321975784,-0.9217577218072575,0.8458275800164475
1682,-0.9093499058746146,-1.279519004500861,0.7049554739070123,0.2682157829427122,1.1402760928739282,0.44746725857548086,-0.43474475243163685,-0.43588446905966965,-1.5392127636658366,-0.0362288327578551
1683,0.998390098621455,-0.5035973616211554,-0.635834036098295,-0.9004088285149981,0.2088228061933896,0.007919351430263084,-0.45537134726207185,-0.4109692217383862,-0.09272225912034446,-0.9242384426051999
1684,0.07275143799040987,-1.202764372345305,-0.5183893675339036,-0.5870951338993154,-0.7907919680629855,-0.08988048483018655,0.6688055453355559,-0.6796106331121727,-1.3417572386170056,0.273548384140313
1685,-0.5871907901801021,1.352914298509546,-0.19893384371779432,-0.09335472274349337,-0.6830392122991057,-0.45470824771484336,0.17901291730982963,0.8431779087649656,1.325920092706697,0.2022707508950471
1686,1.3998055737266575,-0.5210223446801595,-0.9016262360243391,-1.8289429755631361,1.7047729292070142,-0.2373314570841951,-2.0151569556658195,-0.12171592236578278,-0.8678944435646023,1.1482980324159755
1687,0.9204036129019384,-0.7115347265497506,-0.22901141590607668,-0.6126872820157706,0.2058991833877959,-0.1656871950725783,0.012266057940791124,-0.6224460516135626,-0.8347843705386904,0.03468402412244845
1688,1.5631804466448134,-1.3819968106761151,-1.6598933018169222,-1.5574640833149056,2.6325278651857564,-1.0699529529639649,-2.4250052296384665,-0.5068741803228908,2.1173538260815707,-0.6520510109289123
1689,-0.3868105391272148,-0.6634074977386994,-0.20527565090487318,-0.35623263109879355,-0.7902959608204796,0.802202051772244,0.5216686102792527,-0.6606593316370896,1.1924876334606933,-2.182275817293357
1690,-1.0320162365927814,-0.05850963581776711,-0.13602727084617489,0.9125401590788066,-0.3056869044967166,0.09509622091326335,0.35403041632117865,-0.44245683198324864,0.5446592930541272,0.29170335959045296
1691,1.5193902973873914,-0.8027441229447628,-0.4768428635064229,-1.6544583246762707,0.31458491142700445,-0.06280665974361807,-1.3835206860084126,0.37892829124689453,-1.1456087917104594,-0.9745178969530294
1692,0.7723512035077965,0.3970510957185957,5.090131564036798,-1.3477506473606204,-0.7907919680629855,0.235005416208635,-1.9092614378664967,9.580189037595106,-0.8841766440986176,-2.3440068943887864
1693,-0.8014876132559821,0.6559423955297657,-0.027058635774530427,0.907912851903605,-0.7907919680629855,4.767163735700195,0.9380714920029215,3.2361631995427,1.3938148354712665,0.48255469915594457
1694,0.5450594764097487,-0.09528492315307513,0.4063434982935921,-0.8611443866463552,-0.783261986367552,-0.7746677673531255,0.27769776681115266,-0.4611010915142205,-0.5756814237870321,0.3979569049829514
1695,0.49501359154412333,0.1182450805373341,0.18634796184577196,-0.4367412637151416,-0.7907901348097415,-0.5615065178382093,0.47121035133527284,-0.5892036047638255,-0.31591771083390385,0.9602834191916737
1696,-0.7380700935278224,0.6966016060770333,0.3774042942971708,0.5714827381227052,0.33456045032065523,-1.1706675822859995,0.5318208026648434,0.5217776095787502,1.7896550880397457,-1.2193538659713405
1697,0.6541438660777913,-0.0850509721990011,0.13862284178826337,-0.5726995505838094,-0.7907899477430839,-0.583165577907464,0.41949471076555467,-0.652115712119634,-1.2172441075273903,0.6243804129165517
1698,-0.9460185648140061,0.13733001610033754,-0.143916103041042,0.07990022638579644,-0.7445660292013359,-0.581405779276837,0.7194500830389039,-0.5168158466704753,-0.9467842416879564,0.7587416154266005
1699,0.6361151835958169,0.02438776458015099,1.094411684155461,-0.8066425897316828,-0.06287340959425933,-0.2140290138660411,-0.45816025120477333,-0.5483668294541293,0.28427825550188807,0.5207066455476871
1700,1.5915050273152886,-1.4679251195878007,2.240135662202659,-1.3621580788928471,-0.07015716168390958,-0.908292135169278,-1.2620565860800956,-0.5065289835747117,-1.2077868912688425,-0.7947061148284703
1701,-1.2310064201152113,0.48998643411234855,-0.04383784442042042,0.7714213952825109,2.3182558804940685,0.42452219181461437,0.5789260439401877,-0.4857481393342736,-0.7421119107824389,0.5422707891604107
1702,0.7988457802674442,0.4198781705753018,-0.5523449671876139,0.04304184603949623,0.3558257975355035,-0.14686302108183602,0.1797163193964665,-0.3148667007997263,1.1619272344360916,-1.118492052943218
1703,-0.40112053433097955,1.1338955644119257,0.024110202010416647,0.05768482003470676,-0.7907919680629855,0.7082558787218516,0.59637415440105,-0.5934495247664401,0.9775321285447904,1.3384853225532933
1704,-1.2544841958527975,-0.8974054033372575,-0.08186578643336631,1.5306551227373466,-0.7907919680629855,-1.213985702424509,1.4093567532055753,-0.5317283461918522,-0.970076250289795,0.18397424913361382
1705,0.7561263917957519,-0.016187758772897416,1.2698251813024402,-0.7979186566201905,-0.17215682072070837,-0.34665003035248815,-0.49010936701941,-0.5435388546268923,0.48188123518782616,0.2846494521539639
1706,0.6533836317147553,0.07534352476592886,-0.061728064305931724,-0.5241170765808556,-0.18517525994147507,-0.1930620670297857,-0.3397484900290233,-0.3005082658153426,0.530705772123437,0.08497996555651263
1707,0.34698508221895524,0.13563856177307795,0.19816236370874651,-0.43162709470266986,-0.79025243331682,-0.2353602151167955,0.26234335146171883,-0.6344937936786217,-0.753195905527776,0.7162336862470632
1708,0.1952283149730143,0.8643830830700414,-0.47481150150253604,0.19528526974084698,-0.7791278194711507,-0.34043249171132683,0.2926131070738,0.04398526727481368,1.1189360956594987,0.45010895692018443
1709,0.45278737618875176,0.3555006401933444,-0.0814709216716415,-0.9088137119188269,-0.7366536039277412,0.06237468558257428,-0.6937373392796555,-0.3972396931009167,0.898790822869544,0.2835010658077235
1710,0.32429873728666453,-0.47742618364358064,-0.4405238366981334,-0.5195716728800545,-0.7838879912188367,-0.38090605529407373,0.005435836763941324,-0.44954390438515346,-0.7939820575978805,0.24369033913807997
1711,1.3564534077361312,-0.2902853905646918,1.293891094817078,-1.0496476189561255,-0.6249660654619242,0.057258173844288905,-0.2884456060955946,-0.4895259725463569,-0.6552079399650265,-2.374979639737769
1712,-0.38548119531047165,1.3728721488530078,0.6119883030815317,0.5922763584673248,-0.7902120614245663,-1.3515207338642767,0.5303072877449735,-0.5714950115821904,1.8497435144859784,1.1394316892050722
1713,1.6015126945035274,-0.6147138856068671,-0.2578846682647457,-0.9217475143201924,1.0824737753895375,0.9458834119845523,-0.6362989279278244,0.3167318350999455,0.6642216121079175,-2.3675984361189455
1714,1.3928538271305546,-0.4870415714687357,-0.4681910240128621,-0.47173658746529407,1.5706747237308596,0.1971020610874391,-0.6570843277687342,-0.4902670785831761,0.042247605190499096,-1.6672245410048367
1715,0.6292548579916308,-0.019238265552286887,-0.5451754179195863,-0.7607240206599906,-0.5548612527783147,0.339661421062964,0.18257994878279632,-0.5084668553561716,0.848150645235957,-0.28415701267565835
1716,0.04290441371059635,0.39249879898331447,0.025171001148719365,-0.263863722251419,-0.7800821528320349,-0.29641295892953223,0.3834704385808563,-0.6162282211433389,0.2574373619736002,0.2954617678913975
1717,-1.090502598354968,0.9944925568212968,-0.9139158897263471,0.43445811174918475,-0.7907130259334975,0.2079315911220665,0.6456138397941601,-0.5366991793656445,2.2164687563021594,-0.53261883091998
1718,-0.0874996558397282,-1.0478721416890493,-0.04405621363453621,-0.058901632495810985,0.49373241381177013,0.366764698296602,-0.044238499067695926,-0.6083620242878169,-0.41503264105449295,-0.03498474754942858
1719,-0.982607245290742,0.5362644393533201,-0.12780181355748665,1.2139218229532187,-0.13015017372577461,0.04462227819988572,1.0636819205703278,0.20239270167478537,-0.0475994354510217,0.6173424451660245
1720,-0.6080174229778155,-0.45976570341607753,0.18909254587963212,0.007531318656487139,0.3147782136398107,-0.5299767923728099,-0.35724696732305294,0.19315893523007602,-0.13784638177352715,-0.10651964703394604
1721,-1.2518900986894659,-1.0312765455473076,-0.7073527015096898,1.3813675920580244,-0.7535580646544416,-0.24176464356583574,1.2055056975364957,0.7602740428963252,-1.2973207115681087,0.7811351491782753
1722,0.7264758090476402,-0.9654473475183987,0.9727888371034982,-0.8024957138794795,0.021993391145919357,-1.0055172492579318,-0.07607664368978531,-0.6196499579533032,0.18956843329110318,-0.11460620088871692
1723,1.857200020230362,-0.027796165509993004,-1.221974975413326,-2.3745360655129297,2.187309220205865,-0.8858509423752993,-3.5322461753256507,-0.2881575206760302,-1.569721578124362,-2.3838176210584305
1724,0.3319489880715002,-0.5191838646021341,0.10276533881716204,-0.5807161894251456,0.3149979321945177,-0.6602594551482575,-0.14120089547137102,-0.520097780096887,-1.0617561448162658,0.024745560571705343
1725,-0.8232691462834045,-0.359233928455063,0.32066842522818,0.853072534511201,0.9639468984477546,-0.7969714423053937,0.48203447781715764,-0.3391085607074011,-0.7254747617811255,0.9389562441900784
1726,1.1106867887818537,-1.8367001879628744,1.3299352774597495,-1.6252389689503377,1.6589553646586757,-0.8262892772821674,-2.3093050286378514,-0.4641482403436902,-1.8000491090966997,0.4179971250001059
1727,0.23232188700425693,-0.31760452124159594,-0.031457488243358145,-0.5215156761851095,-0.018689055885648873,-0.23844892030706896,-0.3001546460139729,-0.5180230291492655,-0.5276555852729152,0.24951814565996386
1728,-1.1361905524407903,1.152949767389482,-0.45119172068741453,1.0422716295149939,-0.5547463029870358,0.9491126485660643,1.0027550663903533,-0.07165012021752208,0.2940979754404105,1.0410107260495638
1729,-1.1855590222329158,1.4872237089344367,-0.05109484712821885,1.0045536778862187,0.17354930856090428,-0.20133697656275928,0.9018424909099997,0.01473191404704597,0.13483339301642813,-0.5560787234217349
1730,-1.2503679218225998,-0.6252376266126937,0.6393231977710264,0.7500946051854649,-0.7788197019794926,-0.7775556420290255,1.117830494793657,-0.6746397999383804,1.255053933162441,1.0199995091961398
1731,-0.2315343401984849,0.1117060584139424,-0.11396888308196268,0.0026506762833559488,-0.6395759171205471,0.04668775056514709,-0.03670942591005939,-0.3652734807224867,0.4722032876594748,-0.09281884009629253
1732,-1.050298553105141,-0.8334255246683056,-0.15204343910712634,1.4375287855799448,0.2529084188874789,0.5907286774940391,0.9869679446698676,0.03263726937514328,-0.6911966211861678,0.4219941391918198
1733,-1.161397356073493,-0.8314339573414198,-0.1458704571918866,1.6825628019143062,0.04857983614320064,-0.1520007318764352,1.2471487577142104,1.0845972368521117,-1.3322823232637755,0.1731684804661388
1734,-1.0552516381811363,-0.14056032978503233,0.20652764691292094,0.9154442644005951,-0.4029231396718137,0.5064629441934316,0.9275740711534217,-0.31929653839310645,-1.0078663532715975,0.6021091050800906
1735,-1.2503447400568974,-0.7360258032801388,0.01630294227423477,1.6198721946433225,-0.7425019082087488,-0.2678047407854629,1.0245387052153092,0.6716557613340016,-0.8079407436039475,0.6761795970492136
1736,-0.8572014378612464,-0.39953751908500673,0.21277728957924008,0.9798710214532672,-0.6499617580127571,0.548219490432358,0.48437577513398355,-0.4312760924714668,-0.6796144408933451,0.06454206912468152
1737,-1.0699002321317865,-0.755454856080488,-0.6982495040902641,1.288675839737106,-0.6578408293546489,0.5439666676222642,0.8325053952803876,0.0010188118841720363,0.008697809772464085,0.23342744845482352
1738,-0.9651807170800133,-0.7349266144447768,0.5515584218944066,1.1491290035155268,-0.48999962411882636,0.24912506060616213,0.8545534102399928,-0.232673554202844,-0.7212151796609313,0.33852517731183956
1739,-1.0412039052010882,-0.7940915341570287,-0.1955143739234476,1.379344533418299,-0.45366712274464144,0.3194259377860322,1.0010316139288369,0.40283745511771335,-0.9293874530394531,0.38345420853316364
1740,-1.2547125302024968,-1.3355291414792385,0.46955522213279305,1.5306551227373466,-0.7365426373721584,-0.8858509423752993,0.8639325457742035,0.18282892254078884,-1.0295452084221488,1.1991477792095384
1741,-0.6440693888201677,1.2680531136204254,-0.5485759478801582,0.17691417397029627,-0.7221719277922611,-0.3381770874311835,0.5877660726426406,0.9225887119610282,-0.12175422174348757,1.2360000310330135
1742,-1.2468810279525426,-1.2624588274570263,0.18610547836268543,1.5657900861845633,-0.4197348728444705,-0.17615046665094827,0.9647848875383547,0.35632503232979873,-0.9308255132881125,0.1112033429160502
1743,-0.5998660859508694,1.5477924910001395,-0.8958182123276991,0.2852852777547011,-0.609597830017687,-0.08330651351462191,0.45977495971521737,1.891504578455501,0.37225250917739006,1.3848171692189206
1744,0.053671444385390246,0.0775858699900681,-0.3227036957953634,-0.7011934609185112,-0.7893047881354266,-0.6714262476896783,0.148226267434976,-0.6448148008956267,-0.8004658259498112,0.06454206912468152
1745,0.9250099522533812,0.42991406309681585,-0.5326028045577441,-0.5436150137652083,-0.36422205763339566,-0.41337334910743856,-0.21931635039405245,-0.1304511149526729,0.8702722297621065,-1.1804769540903164
1746,-0.9533351792981657,1.7373832360871744,0.006314075790520029,0.6783896170468997,-0.7881884773949147,-0.12854661785612587,0.8034226101453336,1.5812874293517984,0.5630501612027002,0.3180116666236455
1747,-0.5387467177114491,-0.8310230187702909,-0.5634016023144398,1.6074315670867114,-0.7898229627768527,-0.9399985925484363,1.9106328946665798,1.2229757641568246,-0.856094080536117,0.4228386091514784
1748,0.051993338758367015,0.37096907769984894,-0.22374737687645732,-0.5195549370363942,-0.3168198229106133,-0.0456242284043151,-0.22510579658225438,-0.45085390895756744,0.7755503811215411,-0.6261915761662578
1749,1.6421458830417,0.9314510446953795,-0.9054625170655503,-0.2834784734677523,-0.3213234664680693,-0.11085634579535401,0.23705139363903607,0.6372706621615898,1.9089416353090085,-1.8926180621147173
1750,0.17317103187815946,0.9200855597220647,0.07065582481303978,0.5172609321178492,-0.7489273964633395,-0.4062502459350688,0.2830017455345873,-0.05088531574111958,1.7888740835589434,-0.1303421777241069
1751,-0.03952426478563628,0.6024839074453421,0.07083296176866226,0.8439806556804517,-0.731855344108171,-1.0258553446746115,0.4387212261342357,0.20725329949141144,1.9213522362785922,-0.22270945845022053
1752,0.125921828316367,-0.07140728011871568,-0.8850741292925737,-0.023141871662649287,-0.6355744756341333,-0.004011785696028563,0.09526776664985724,-0.36155626539831154,0.8997668829589275,-0.3530275173040473
1753,0.97838087684225,-1.3284167431327778,-0.1345725170822386,-1.4393441330202668,-0.790375573717554,1.1452660925120475,-1.0026471512278938,-0.6479659540682995,-1.0359168825077583,0.3524589316462146
1754,-1.1256920073471606,-1.032627999874577,0.21818920388407664,1.2739000694235783,-0.03220667089975892,0.41083518754717907,0.5766852392698458,0.03084146035127582,-0.6500206171780087,0.08047056267370481
1755,-0.9947179992625464,-1.014321378155828,0.20164703018781743,0.9603757101114508,1.0889096431414982,0.08767337610273625,0.16539998197823894,0.03547295913298669,-0.8952499438701372,-0.05582683386471256
1756,-1.23427648214963,-1.0699996032113706,0.11036374457458306,1.5931518902391233,-0.3831556652524438,-0.3967328641156944,0.791089451784572,0.44374363336951717,-1.338245122611364,0.25407574609537825
1757,-0.9978420694864107,-0.7651484908058819,-0.26245687190625205,1.3029908805586856,-0.564309750106044,0.2199498811123055,0.9854634069727002,0.3086258560093596,-0.7562416427851631,0.27458042792442894
1758,-0.6258695999875612,0.3726386145884317,-0.08365870740876555,0.4742704571856556,-0.35410436666485456,-0.2913492034025762,0.6760342057391199,-0.2986692387653639,-0.27256276762315484,0.7773822439442705
1759,0.08355075130545507,-0.010619839195454036,-0.4392963590417381,0.017680299816890333,-0.37633392237463736,-0.25796824367369803,-0.06247072118721085,-0.377097679425584,0.985612954508208,-0.3606524710769763
1760,1.8306131438954987,-0.5137152205401896,-0.7795696899722758,-2.132438609689284,2.1239684499578857,-0.8026260040591889,-3.115829322695029,-0.40615267313892456,-0.237369128634087,-2.2852860725510613
1761,-0.8695851487590915,1.4784128490144552,-0.05141306047563908,0.6094151180354794,-0.7609840801879425,-0.23820870335411481,0.8761003669932833,1.0822792657405587,1.0654780908124692,0.8637795616684725
1762,-0.4986118377987695,0.46324732862513746,0.2497547113083671,0.28438295675834235,-0.6491835130103837,0.21065329840590202,0.4499034615900605,-0.4689426465976395,-0.05853878700870145,0.9413891219310013
1763,-0.2589476984574293,0.7282147976761032,-0.1998961132625662,0.3125853767304555,-0.7573253709583988,-0.04585687686926359,0.5847366504313967,-0.31947130831132925,0.34844192867312024,1.0276385182150296
1764,-1.2366309520005465,-0.3085936522282619,0.17196623584582205,1.0320347702684125,-0.7901688303200054,-0.2330468718879607,0.979574399590254,-0.2701382504210344,0.655408605327874,1.3902392672238302
1765,-0.7781048763975964,0.28979639197575713,-0.03247750205177993,0.7203262947765561,-0.578672888475967,0.040132279977154385,0.54373995855127,-0.2334536707284152,0.4625313847707274,0.9242417490528562
1766,0.7049494639658831,-0.04319993439874969,-0.8405599436566874,-0.38786433657393965,-0.6462909032232744,-0.045461669019116004,0.0013335566722994558,-0.4899779622318064,0.787052294447629,-0.12385398957483944
1767,1.2503936662346549,0.7024100647266426,-0.8003815088068962,1.4453479623491627,-0.7877278162122415,4.875459036046469,0.48783573060892377,-0.5366991793656445,1.5870889494014158,-0.41318665091104767
1768,0.7499829386215426,1.3197662411994329,-0.978736596407144,-0.32641613802080777,-0.7900639334112688,-0.6475179775363075,0.48439673812827244,-0.33203468272931297,2.156237375629647,-0.8587605532520645
1769,-1.1447929221476716,2.144826249843582,0.07218519254265372,0.39297680462323514,-0.6552508635824877,0.06255581989491313,-0.04450946736975788,1.2750386608078872,0.8599745382274285,-0.08982255269720861
1770,-0.7837663992039761,1.2588552474847976,-0.32919504911257047,0.5364457133683158,-0.7556957437631655,0.6885717205956324,0.5951046715828922,1.1314940991602798,0.24125156126232158,0.7695678035265356
1771,-0.7946063040869585,0.7190056608683839,-0.15995567402621896,-0.09657896166725892,-0.7442310769976515,-1.0244689268185299,0.24083009568610986,-0.4664861607858284,1.146027509919793,0.9901414641939068
1772,-1.243605096285996,0.01734385599554535,-0.4135446725026013,1.2977665748776044,-0.6204326078279238,0.342217763551446,1.1527763900512131,-0.3147514781558201,-0.17616565922287253,0.828908021181848
1773,-0.5585565471374261,0.33509420345609275,-0.05599783977095299,1.1517491520131637,-0.7650753534489853,-0.605185622311207,0.5415461062268813,0.03328969122920348,0.24573356041610436,0.2138322941358469
1774,-0.19597394119144987,0.41503497730680977,0.7753631113244749,-0.462467615670989,1.445383251279047,-0.7008499419536314,-0.593206918616555,-0.32868122908872444,-0.9008913287493266,0.20891975254359893
1775,1.162813367719811,-2.6017731270941304,10.111329122781923,-1.073345948111963,2.032043894435567,-0.7234079918558886,-1.2782731869651318,-0.4664861607858284,-2.0333316642311696,-0.6221929659266792
1776,1.4606374005006744,-2.0742424221273774,-0.8006739816500842,-1.9858129503542163,0.23466321049897632,-0.8610928268251934,-2.6718664631385676,-0.5928178910052643,-1.356454627949709,0.6961844676762744
1777,1.1847084423485221,-1.2359555646287885,2.557827060885384,0.19133270464286128,-0.7907919680629855,3.705869792306712,1.7882477497613847,-0.6522710506563151,0.10036499609257248,-2.3838176210584305
1778,1.8199262622314845,-2.106117988994112,0.009540220615394928,0.7131281690172523,0.6447887397870903,4.682332417095613,0.7965306813426517,-0.4185383324636241,-0.5368614094506352,-2.37386493939102
1779,-0.28356483602682836,-0.4924728574787607,-0.14206965045233338,-0.1392325418613513,-0.7891829453858064,0.6021264843825035,0.8513121598269784,-0.5973847676956928,-0.5186903389101936,1.024975850029846
1780,-1.0574614030936964,-0.19249389872319841,-0.43050793076078653,0.5360182376623069,-0.19247200348085108,-0.15008347026124771,0.5130083220424293,-0.13447389781717933,-0.16816520570506627,0.061224508568877754
1781,1.4989388540528805,0.21883992484266165,-0.0071107706228271,-1.1134895291638638,-0.7743361976932708,1.8422326294631235,0.023786682750974373,-0.4600814334272886,0.08950047489531543,-0.3649544243689789
1782,-0.5163372825993972,1.37192558522122,-0.3264725703700746,0.3875786675914187,-0.7907899652026387,0.26611023303031445,0.5523430300962864,0.19149566223176173,-0.04088295678012162,0.8385289467936787
1783,0.46036619987808974,0.8866211818999751,-0.4639124122593146,-0.03793028890038289,-0.4595642615305509,-0.7653724207400697,0.16380382868717827,-0.6036500886751592,-0.27193546054851714,0.937889885439999
1784,0.4606070456990059,-2.1221603985977953,-1.375536961592722,0.7960132103094641,2.842977854934655,7.271492556207776,-2.1236061969800106,-0.580193969636327,-2.425318823887324,1.2812574029656794
1785,-0.2080559092746575,0.30418752206491423,-0.414642610826754,-0.06744110981056119,0.38066156019156816,-0.7853899777207431,-0.18681324075181274,0.18295879115523875,-0.6050725723066348,0.968675950759869
1786,-1.1690120802379176,-0.04107264242338564,0.5416170627908344,1.4368172463103444,2.4791332059910043,-1.0309666448393062,0.14731815848305385,-0.6386012594283863,-2.196623511769591,-2.3838176210584305
1787,-0.36031228571346746,0.49750977102993804,0.2988042328226318,0.2692465777974024,-0.2410018143990362,-0.1922195436574152,0.5631451283756747,0.5043175580558049,-0.09176929614004001,0.8408512391827414
1788,0.14392641393819988,0.5746239744352315,0.5270187286188186,-0.22603257755632772,1.3052562578376794,-0.7141487436762822,-0.270551668470643,-0.40366725655202845,-0.8807241406959336,-0.7356535369351648
1789,-1.1434870733176428,0.6581551416819977,0.2604033021036395,0.8238852989212437,0.9720384863177369,0.48646710361268275,0.10628715708612144,-0.33741019270635625,-0.40508810972236137,-0.41716772357801224
1790,1.365132886969667,-1.4874748931997335,1.4140044694210365,-1.6548877498872088,1.10651108041976,-0.7726637019811992,-2.5614540486521107,-0.43430719426792713,-1.2473498659662778,0.048138322787457555
1791,-0.418420015391993,0.3924382809885446,0.24121321757455155,0.36854441339633953,-0.2517284410232047,0.27992600119706545,0.42164434957930036,0.005351767743167854,0.254557760905584,-0.9085037078616723
1792,-0.5823554767017987,0.060713680579296644,0.10107830581785493,1.429708316277996,0.8008833944058803,-0.3205494745677497,0.5533437609868952,0.7486754321574771,-0.7536753193081744,0.4228386091514784
1793,-1.2527675151330901,-1.5164211394242229,-0.8837122575385155,1.5761522749443775,-0.22761867287760099,0.6715257226877402,0.9402447441955556,0.7593420116762393,-0.15692084360504158,0.09937645496062025
1794,-0.6106518824502396,1.1673193654069374,0.7565467582469416,0.1289731421942653,-0.5546875265982295,-0.29357682937820845,-0.09150577900897604,-0.41445405891596543,0.9365192343926058,-0.11116089196538718
1795,-0.5414549651924133,1.2545226368259303,-0.6426838058413161,0.52769756462334,-0.7709396906787649,-0.3714998004865847,0.8222472916473963,1.1809970735785489,0.2849231673148893,0.8239019073687963
1796,-0.4641813367764289,1.2097672257471201,0.15469536457947886,0.5223490947837411,-0.7719577927572435,0.46198820053056455,0.7458664410782161,0.8289854556215585,0.03219012557978514,0.7880254672557131
1797,-0.1736202827126581,0.4700717187422585,-0.11490293527854906,-0.024778768340537452,-0.7793741675524845,-0.579014258060857,0.2643633122863481,0.09211121711907963,-0.7982770379074395,0.48255469915594457
1798,0.7968528346399256,-1.4635523117155316,0.26793301475164677,-1.293255620855502,1.1897094592755333,-0.5393059812672232,-1.592312564009318,-0.5271125725304745,-1.3844474549905885,-0.13166794088999248
1799,-1.0382358939845076,-0.8855303323202778,-0.51755510321374,0.7968713647983191,-0.16202730159406423,0.43104397545768974,0.1704105153527862,-0.31062292504758615,0.7660318802240761,-0.1670236576704151
1800,-0.21839410629360095,0.36410670973670684,-0.3837180116851424,-0.1374826513918493,-0.735344826540248,-0.6555290529593589,0.4839549231220774,0.15349782038389156,-0.4024081944937041,1.6232851364207466
1801,-0.869617600595309,0.11668774856246666,-0.20952345965085703,0.7954630017192162,-0.5773202383559942,0.05013809514068563,0.833551910878055,-0.08009719521548464,-0.06493793847613835,0.9573375350088177
1802,-0.1964015865525312,-0.45928166519527724,2.6302164553645984,0.3384875563124782,-0.30329812914233617,0.7223342677668674,0.2132608392995515,0.0939752795592517,0.6306298727727266,-0.11460620088871692
1803,-0.23133720470703054,0.07065936239593684,0.6002523697865155,0.029008641294663275,-0.29732820292565165,0.2251070011273898,0.1553726591529533,-0.42948863436525303,0.3735910798435708,0.043814016556509745
1804,-0.5979754375385219,-0.0963529925592563,0.11377920254324934,0.5064493715909991,-0.4059722883349178,0.23152258653815955,0.6789224948839255,-0.22129109761787727,0.009885661891314122,0.531712705167132
1805,0.13937926915946255,0.6678756447267518,0.3978277450480698,0.08039090851448653,-0.6634433755332465,-0.2344500547506704,0.3567567740279739,0.01565989841118094,0.6824407549289426,0.24366664591899684
1806,-0.5984408548978689,0.2072173870139218,-0.358311147478247,0.5831889236989327,-0.7211213593522473,-0.03565435466834369,0.8321278270635419,-0.35807980731783284,0.26620883336129875,0.690757074440064
1807,-0.4803974157151352,-0.13308600325370976,-0.08578319357659665,0.4984571897509344,0.6737948481696688,-0.5002104278834436,0.6326598405717498,-0.5916381502509905,-0.06453384644021458,0.8377955913023963
1808,-0.04355606326378924,0.4391415432585511,0.2092758204345076,0.075611040286093,-0.5006536015792518,-0.15811507737159775,0.32202652720264896,-0.3348847217901123,0.28495794225408144,0.7145835942664154
1809,-0.4418826662152526,0.7979909213108995,0.5174147804521645,0.21421308400449857,0.4814807499234792,-0.32929089921861127,0.21871278168104863,-0.29935799145130604,0.8540505977180134,0.06039527481427692
1810,-0.9920439603451985,0.10927018214388005,-0.2371311017920393,0.6975169586662141,-0.7603444387270033,-0.029755656046604496,0.5798882358252467,-0.3420869182506987,0.0771555832659181,0.3882430876755578
1811,0.313819467848148,0.49821508386596186,-0.5564123566160856,-0.6234528679335085,-0.5471481207720847,0.8173464726800422,-0.0557101659988145,0.8777617561393954,-0.11412074535197268,1.874997068687168
1812,0.9557932029140588,-0.45053604945073994,1.1102151077877394,-1.5854664972328048,1.5907353262336805,-0.3657584650297661,-1.9839621771790266,-0.3603924059237589,-1.459263494778527,0.5470101613829875
1813,0.9537675361456888,-0.35063582912067476,0.4703628360166093,-1.205799532474683,2.1864362424706103,-0.47977966451022175,-1.185475318339655,-0.39188223956916296,-0.7171349483668503,0.4546871904871936
1814,0.11027783146577219,-0.040987536802146174,-0.26087543981686856,0.22556493695247834,-0.7906974418419488,0.051930822571972776,0.5633932612359104,-0.3248970761207904,1.2916502150900435,0.23220647567568342
1815,1.3523621566483663,-1.4357665421753583,1.5927478411870162,-1.5471845704881297,1.482598292612613,-0.627133469848051,-2.0163096315836757,-0.5322254295092327,-1.382939492123661,-0.48484595891640697
1816,-0.8565644388178034,-0.46808722205888925,-0.6778962675283507,1.0606937703845645,-0.236502495163368,0.28115596068285104,0.7839771420749749,-0.4534086274199478,0.18854092880748516,0.25859162780327216
1817,-1.1230324235176246,1.244532872023538,0.8128879800675858,0.630664580642008,0.07969154509097491,-1.435269099465396,-0.2934794791029329,-0.5685953588974787,1.3178267223021474,0.9602834191916737
1818,-0.6408470397532845,1.1478330934186158,-0.07519595840326397,0.10021792427290493,-0.7673720027358861,-0.3464533818673784,0.5137390955053885,1.6014614531601319,0.9420094569379872,0.5610387693354457
1819,-0.7543245706334551,0.03507441231445134,-0.18611455202074442,0.6485785312323319,-0.5351119210402026,-0.022939706271534462,0.74771907438166,-0.2535716550050061,-0.03906153899777203,0.8052013388227724
1820,-0.01978798623576874,0.7896385831717467,0.4155514418748539,0.5241838552151195,-0.7906811937684962,-0.3997997099758446,0.57170631733822,-0.35930554908016854,1.5731770568247325,0.5257495038862704
1821,-0.9251856992045974,-0.014671225234189527,-0.5407934727769025,1.1571295652381735,-0.5454596132595531,0.62760200042008,0.9635720124550937,0.11830612412327496,0.8814854165627543,0.13601413547054056
1822,-0.7845830872526673,0.129729568331987,0.15739690817095436,0.5589925634779908,-0.5957451053223946,-0.0712132191694876,0.6601925987994749,-0.33127981227390446,0.4163801862993034,0.283229629034977
1823,1.345367106831921,-1.0470675067246007,0.5158680665141152,-1.469132396331141,2.0951363762107924,-0.658726162467251,-1.2663852152308797,-0.5429127208328848,-1.3699148892478554,-0.027746433609493512
1824,-1.007614101546276,-0.42609047291179347,0.0686293450171445,1.7609844557854424,-0.5277762475412515,0.5111584320916333,1.3206880637461036,0.3033716270052518,-0.4348556270986112,-2.3838176210584305
1825,-1.108985453561023,-0.1454740290605249,-0.517766919216836,1.2758969210326336,-0.7907919680629855,-0.4660589781239258,1.3605178493856525,-0.30747598596508713,0.527910763271389,0.9222822710070137
1826,0.08057110750066418,-0.8974054033372575,0.5526799289446422,-1.088274701179895,2.340703879400618,8.30842005702335,-1.7339110323808204,-0.6125043852659768,-2.2278447147890765,-0.3534705609065815
1827,-0.9508780549885446,1.3562765527112666,-0.2454595486466956,1.3986659884700734,-0.761838206510372,-0.6025384038582975,1.184714918226963,-0.5329710544853002,-0.012901343609513028,0.1574337646871841
1828,1.4537050735012578,-0.35360090896466617,-0.22064209878753993,-0.6566204696156852,-0.6576648588143261,0.013866412901543848,0.05215206589680409,0.7152051554539425,0.7093271273678748,-1.7914340082141262
1829,-1.2038878062536504,1.6815502370894027,-1.12342882337561,-0.30984686263771877,1.9010972341473642,1.9969699528425102,0.19994190800469383,1.2540434714930264,-0.2869265937443813,-2.3838176210584305
1830,-1.2038878062536504,1.6815502370894027,-1.12342882337561,-0.30984686263771877,1.9010972341473642,1.9969699528425102,0.19994190800469383,1.2540434714930264,-0.2869265937443813,-2.3838176210584305
1831,-0.6106876772057855,-0.2070286038408028,-0.2445015417718668,0.2254555687981348,-0.7140946384656094,-1.1251835561405645,1.095663322428789,-0.651028342362867,-0.6033510084736136,-2.1449532610405657
1832,-0.4010823048355962,1.3938010395428704,-0.28285424928940767,-0.07365266231293446,-0.6975311434427944,0.7301555950140979,0.43364672206758886,0.5700361149743165,0.01892556176132099,1.1444080300387782
1833,0.9002408672591735,-1.118806720567263,0.9301416424201002,-1.0672057699427477,1.4887854204866688,-0.591814746694343,-1.5062880567321053,-0.45610042120259847,-0.4808985179298972,-0.7654672505787621
1834,-1.0363314732477413,0.8230360287353214,-0.09112869092927807,1.035758773912003,-0.17060189091164188,0.5849501016550497,1.141253802840807,0.04436744095361131,0.07401221628758921,0.9769443392592577
1835,1.1807986075933952,0.5347945436950514,0.20335698647909778,-0.45273635628792597,-0.7899284683717136,-0.5005904113934312,-0.22952377171970084,-0.5929317296441697,0.5662051681293434,0.9154963516883241
1836,-0.02892870211011039,0.9565301306470604,2.166478831085201,-0.9711439711937755,-0.7907442090684369,0.8502919335822604,-0.9375693360798925,10.719985550492,0.15098330069038457,-1.3793743259051836
1837,0.027402471786525433,0.40080449997343937,-0.2254671562241547,-0.1112419380302185,-0.6578196799771704,-0.0967408507191992,0.003704998247410964,-0.3577341340033335,0.8726656875969001,-0.2605601725411006
1838,1.6191704725262368,-0.8601095899429032,-0.6238830574511994,-1.7406082997089969,-0.7894494842533822,0.9560177768922739,-1.7905715962366375,-0.34118576958044156,-0.6852868760399093,-1.645974220687932
1839,1.0299814598870123,-0.35246421178339304,-0.7697951106186294,-0.8783184910068865,-0.5483028558282949,0.20960958484181075,-0.5768014749693635,0.13609675654693326,-0.04032160241827654,0.18517784854076244
1840,0.38516208272398694,0.1488150539280968,-0.38963705303108015,-0.195495758477673,-0.5036937739798515,-0.0442192590419724,-0.14164048657035977,-0.239646909272924,0.6934908783322217,0.12428334608906656
1841,0.7403226392111821,-0.1045827122735121,-1.3668026332886232,-1.2876063650830925,-0.6257764669271094,-0.6377297484665488,-1.0255072396372262,-0.3446290533186804,-1.0979440405561076,-0.8340702468079099
1842,1.6552088169070487,0.9169458621226124,-0.20899749320505542,-1.006501694579222,-0.7076132027181194,0.7360469843691557,-0.8601184986618817,1.947030874846533,1.2194626627650476,-1.7641662455575415
1843,0.5904135595692215,1.0210455106480827,0.525207672975301,1.04013895050529,-0.7907919680629855,-1.032049597842769,0.6892030694864214,0.13809142397665838,1.8497435144859784,1.497728229231869
1844,0.19798645276232346,0.7131333730028453,-0.14225842061354244,-0.298527258663132,-0.7904256052090363,-0.3200496501046138,-0.49340912806838055,-0.5078301097793896,0.9981175371290664,0.794915785333151
1845,1.0512229601563399,0.2101056565142904,0.3124552773185761,-0.16736359356078764,0.24013884246815917,-0.629356101964682,-0.16318369621655013,-0.20623345584510178,0.5134854647691537,0.10264662179419809
1846,-0.4179294239217166,1.540848443713767,-0.2538765639719726,0.13328674550916225,-0.7727867762466923,-1.0909057393353097,0.4951734939127493,0.28943168180048623,2.142778960355546,0.18916695261226318
1847,1.857200020230362,-0.10745502699035324,-0.9956405681089895,-1.859366123928688,2.4978398717464616,-0.7179932268385748,-2.672383422080018,-0.13841117131553757,0.043373911215733696,-2.3838176210584305
1848,-0.8254813511869928,-0.23415879579425916,0.19684851961652866,1.1489983051745583,-0.6857104207815493,0.023594155967430794,0.9683053445561005,-0.48790937114896626,0.10381247192633183,0.5838124169896047
1849,0.8750495297424652,0.34394518806502145,0.19715723794447818,0.9313723210103558,-0.7905835758064698,-0.625942221544242,0.9917197747010892,-0.5727377198756385,1.1906292285190576,0.48255469915594457
1850,0.2812759582638487,1.6461462986536872,-0.6814354456698953,0.2745071860213408,-0.7826857462356208,-1.2684943369321342,0.9781835181869682,0.278310343087382,0.9064997618867014,2.1048418109439417
1851,-0.19780912706437678,0.5298158648525286,-0.29853735601310194,-0.8067610718988881,-0.7907919680629855,-0.3660335007131848,-0.5797278393327399,-0.617475218439769,-1.0245894619111193,0.7811351491782753
1852,-0.5137008375814066,1.2215830065146362,-0.4316956742035085,0.2660878432196961,-0.7807114375609011,-0.9302550237200592,0.5960443375087684,-0.2991182078242434,1.8114135684156718,0.23134901387049048
1853,0.1529291160355469,0.6434035006671154,-0.020947819863401818,-0.08117627993050301,-0.7895493881827713,-0.7501208326079698,0.6085236690398718,-0.5248244112282524,-0.12429551240743086,0.1640688857987912
1854,1.8415606812098537,-2.5304120636846408,-0.5169523572216612,-1.924284872984096,2.916869184668712,-0.9616576526176911,-2.5309978437192218,-0.5267575130180598,-2.252623447344224,0.8408512391827414
1855,1.7483502206476271,0.7103759508746791,-0.9421552556123708,-0.5841093832857289,2.6280382654044465,-0.303222226512346,-0.4845766490472397,-0.5245206380898534,1.5405049321977389,-2.2524422230486048
1856,-0.7232909181534427,1.6151678525224358,0.37444838521739265,0.4735572269271027,-0.7593756818155075,0.18410662504588615,-0.10546211798018795,-0.25108338992149637,1.6102157664528869,0.08444743245950329
1857,0.6990548346316833,0.6823847120489409,-0.2590098866951633,-0.059967972000663165,-0.6626723607432978,-0.5155712612746652,-0.3011883150948055,0.41919203995461196,0.937720964906187,-0.24797213523202472
1858,0.6329873157917153,0.9673659280661526,-0.6016954942887222,-0.1798324311572085,-0.7900508760164506,-0.2061542074581449,0.13301378955375837,-0.13109683577354644,1.855800537999459,-0.647074670095207
1859,-0.00841673152602607,0.8119409992621375,-0.4568937791717627,-0.01127180127907509,-0.7037890801809304,-0.4310106809209492,-0.20307218788935402,-0.09802315177847522,1.2823105389731035,-0.8610573259445438
1860,0.7628463911831664,0.37009738136578396,-0.303782240833083,-0.15671654810809324,-0.7634536882704059,-0.7675101073833867,0.04500873107941255,-0.43560954068979585,1.327372543626024,-0.038374205702416876
1861,1.0657377562282297,-0.15116664182797568,-0.4268171306945582,-0.6448869267069351,-0.7569638298407674,-0.11641766802664709,-0.052849179279404204,-0.4592962056594506,0.526537072172755,-1.001816680955071
1862,0.22445302648933652,0.9081954568842391,0.13021298548175042,0.1670201639322292,-0.7880233815311781,-1.6060146896780203,-0.7670000854180107,0.6157056447585333,0.5942877316918439,0.024731342455037567
1863,0.4396056475857522,-0.48883763165723615,-1.3413683432308539,-1.3070783564333874,-0.778089642725213,-1.1696361984731778,-0.32027479159640027,-0.004376205379353751,0.30254765434612085,0.3951132816494048
1864,1.1909641779567253,0.03194798060027791,-0.36898256006987057,-1.7622012682465467,-0.7907919680629855,5.536060368158741,-0.4619996634117608,-0.5491262623001252,-1.2129078293302396,1.1394316892050722
1865,1.772747589519619,-0.5654934805024228,-0.5393845108458579,-0.6809330103263175,-0.7382262372901496,0.18302367204242354,-0.1877973296211259,0.7171934887234597,1.2674432994400144,-2.294243486051731
1866,0.10356672005610068,0.9884660287423637,-0.0944184566721404,-0.01896301154694919,-0.78386357864462,-0.04064541398454979,0.45930017045472527,-0.2851753098527763,1.5279231621328178,0.08487117436019186
1867,-0.195179086489385,0.010198175272206825,-0.8104286380795419,-0.42746821132871426,-0.5730558336298961,-0.02634967166262384,-0.39030535722846793,-0.31191416003774936,0.4521276955581457,0.08908882727555546
1868,0.5284817770480104,0.68647829243057,-0.6966483835171227,-0.194255660311729,-0.790780467204879,-0.25535570375929406,0.07500474409614839,0.4492655806560554,1.0865585517874392,0.12425815912914767
1869,-0.4504991407317297,1.2923281889117542,-0.7065813650920894,0.4576332236546416,-0.4421704408018108,-0.18958435801565635,0.8743827841747842,-0.42108588446519263,1.803159497282301,0.273548384140313
1870,1.431549343222205,0.5071352167921479,-1.3382495377615136,-0.9020207343323604,0.7193472739330918,1.455312958943898,-1.913390617032503,1.7923432806049495,1.48673508255307,-2.095189852703511
1871,1.5162624295832892,-0.041072642423386374,-0.8164290044812951,-1.2002403491893863,-0.790142781287941,-1.0290714770832465,-0.6671857168563157,1.7902721001158688,1.3120450180392798,0.3780515416481288
1872,0.9457435513789304,0.5793463491270974,-0.39236299432200217,-0.3915852604680259,-0.1987820533504532,-0.35873927919692206,-0.05870749429690467,-0.279245772527357,1.3262616423222595,-0.9442772335736771
1873,-0.7207886239101615,0.7787498069786548,3.1775483242922444,0.2062614577107932,-0.7907524969982415,3.299762416008185,0.1866229767098365,-0.5342137627787483,2.233813869090763,-0.29375447090211537
1874,-0.7006138765737063,0.16139363050586295,0.791857615914646,-0.0006084062305518749,-0.7906551288029843,-1.147113354460685,-0.03649240732395003,-0.5320390232652142,-0.8399879043752713,1.7813796567530833
1875,1.4669985116686894,0.6667295330218977,-0.7783469104253327,0.18226881885161655,-0.790643063003572,0.6465275575244757,0.5904753270210429,-0.5497476164468491,0.5247007910994713,-0.7789477021884028
1876,-0.8796843083585215,0.07841564979715399,3.288631334679047,-0.14563057889046438,-0.7906789798018224,2.189735587458878,0.06721829195453961,0.8750174419913646,1.1361160168977333,-0.4729027409155138
1877,-1.2049825599850859,-0.39289928062831003,0.16071423377591734,0.6093377905449621,-0.7907919680629855,-1.1132710731024744,0.41704980204884123,-0.45343772370462365,-1.3120227595508291,0.9005673291872076
1878,1.162813367719811,1.6251252102074811,-2.1842224394963927,-0.926191096442346,-0.7907919680629855,-1.1695846292825367,0.5599256104845867,-0.3154971031318877,2.280893460945543,0.4228386091514784
1879,1.6007148602940322,-0.42609047291179347,14.47871516612951,-2.183618640564174,-0.7897593601132842,1.399179894931079,-2.1271454934080145,-0.1377898171688136,-1.8373318897199538,-0.7714831909378446
1880,0.49970539325027585,-0.014519688596598893,2.1215570698399486,-0.8408839360541621,-0.6845381065719862,-0.7667261119943981,-0.6710044314233724,-0.6013200106249441,-0.1127321038816953,0.18397424913361382
1881,1.6709674820532012,-0.3864604048525358,-0.9121762231825541,-1.0615608192985952,-0.7082132014695424,0.13746229211102634,-0.48862527877784906,-0.41100004243681015,0.344713065745564,-2.357707988632235
1882,1.2417920297733755,1.2218522239631573,-1.3914101141042385,-1.4572281698587897,-0.7904861140778838,-1.1246420796388332,-0.3479970626781544,2.0239012592841066,0.543904308829711,-0.29375447090211537
1883,-0.49666386296376575,-0.23911342304817024,1.3576364003088839,0.16591827977721554,-0.7907912197963552,2.8913086415354896,0.6332418255260926,0.6703848096702486,-0.5846430653944769,0.6592147987524908
1884,-1.1376291399367653,0.19569119586546235,-0.572463924700224,1.0515132385570474,-0.7907329797103033,3.9170456279819454,1.1807927154602567,0.7490896682552924,-0.8428787565067054,0.8408512391827414
1885,-0.18515168868377893,0.05164142135514404,-0.4289611868107302,0.021144919668434483,-0.788830698869631,0.26045481179000923,0.38735075851350154,-0.5713293171430645,0.574464745647726,0.1003717231273613
1886,0.8543430448793129,-0.02613660589581828,-0.4746947444146664,-0.9338687408772819,-0.7905241709186966,-1.0395219735666619,0.1187616246718417,-0.5955414170604119,-0.5205900417394219,1.0946446217017225
1887,-0.7920520642749173,1.5709907078742436,-0.11944401922839379,0.4085789178483315,-0.7907005709272343,-0.3577586676553028,0.8890899895228478,1.3105689359955575,0.6131367490899958,0.7399084625695195
1888,-0.1707478574458916,0.20094646797701443,-0.4157507739038317,0.3512836303707057,-0.7906904875190397,0.4368859052708132,0.7041791055781623,-0.44186500272188856,-0.35411825685642295,1.0921564512848696
1889,0.3181573956575787,-0.27815582021374974,-0.15801773415951445,-0.22577831790296318,-0.7664601597877129,0.13898563428229363,0.25777172548987104,-0.22194275463969576,-0.5802512764003687,0.6620325709648218
1890,0.73289564403332,0.04941295392174626,-0.8864103833739773,-0.6900666090526537,-0.5304794516860509,-0.2210458302979355,-0.26474986362140474,-0.4723235699820822,0.4860515635784767,-0.541093473460095
1891,1.159539862728913,-0.9952190286179537,-0.18840028513698695,-1.4553266816030168,0.9905032226932737,-0.5854566767874788,-2.010000934835558,-0.25661610828217735,-0.11527960756767207,-0.0877171009598284
1892,-0.05929323906407348,0.3942114048232315,-0.5541746224970446,0.07877464579734145,-0.7721656096079125,-0.3625800839132536,0.0555924276059434,-0.35399344448892384,0.9927435171411444,-0.3338969536273395
1893,1.8031050867963583,-1.7008899912346056,0.39282244757511553,-1.8979499628542043,1.274418546087271,-0.5213603424342734,-2.4761431590936667,-0.07942371562511796,0.03461969763460236,-0.02616305243513283
1894,-0.8327662912969978,0.7555159723802153,-0.6571136939267813,1.3429793698833417,-0.7907919680629855,0.3378859515375952,0.647662906147215,3.3977152776909496,1.2054964680521463,0.48255469915594457
1895,1.85407215242626,-1.6076969182038026,-1.3570011135026385,-2.3576879013362633,1.7084185768661504,-0.7992147020982803,-3.2787207838249337,-0.17258564938535956,-0.42494413407655246,-0.41318665091104767
1896,1.592879393471636,-0.43748946824147505,-1.4737004605390858,-1.5516112796770614,0.08722976452176474,-0.47780190791399846,-1.3571528335396,0.11615573970594625,-0.0783522381869973,-1.5354269080151817
1897,-1.0166849181781707,-1.302337949195755,-0.1469010693146339,1.8462916161736262,-0.7907919680629855,1.7240657959699002,1.9689381463489635,3.608975687577122,-1.351668731639065,-2.3838176210584305
1898,-0.5244265291340517,-0.07978094844643553,-0.35178303764793,0.18494177654378013,-0.7214654910773872,-0.2660865647424938,0.23818866287826262,-0.5662991101285849,0.3365228364981639,0.20457630018515416
1899,-1.0141503178616247,-0.8339639904449787,0.5531804406368674,1.0856405783189018,0.2301667379903644,0.49196659389769026,0.47531055298149844,-0.18582987119171693,-0.47673777610551615,0.20592737675485315
1900,1.3098231545125851,0.1912657035609984,-0.9835157935994436,-1.0925400591993046,2.2209812185656888,-0.7829704070463392,-0.7090052983345747,-0.5919996984240836,-0.07556400504897418,-0.7117671009333784
1901,-0.052496334085241354,0.02326248934724425,-0.2097125159227678,-0.06228998375498015,-0.6827567960804396,-0.3484435920741837,0.40292907492040037,-0.4379372707150286,-0.22212571737310385,0.7783810501490874
1902,-0.18232847520379694,0.7528164220744934,0.18730276362407,-0.09508608636046492,-0.7432222156635939,-0.10235249358673268,0.1721621566200486,1.3168706604487819,-0.015886905563157208,0.38800422331553924
1903,-0.3498620119227447,0.7919459617456777,0.13503596200685825,-0.058551761017988264,-0.7501777469792796,-0.27452640399888295,0.4298673034518042,0.20662123016676218,0.17283628458635547,0.45687449368276395
1904,1.2442056035239075,-0.7948883162691759,-0.18813736306082612,-1.3866537904090883,1.952796985133291,-0.6474315065995754,-1.6628755326192657,-0.28304410595004453,-1.1692230831589154,0.6841636017871108
1905,0.7780856278153165,-1.3089761876524517,2.016591919532473,-0.30771418362801367,1.1659252699578802,-0.8966804724099267,0.11900378705902069,-0.43106897442255837,0.6702758448609625,-2.3838176210584305
1906,0.4898088195180983,-0.49380050517009955,-0.17321103753142614,-0.9347218124811641,-0.35964820343216813,-1.0216532490095267,-0.9305652547276324,-0.5419185541981263,-0.9589753781050889,-0.07877654688603715
1907,-0.38544364460584446,-1.2061180657322825,1.0665161727360801,-0.29789941710210255,-0.19821335631661213,-0.36140838892756305,-0.3673555006244169,-0.4657612476146508,-0.6632277832459376,-0.19080641990483285
1908,-0.6047843208452836,-0.3578191777388212,0.09805150985069831,0.49318265567633884,0.1631364833682724,-0.0389075375388722,0.6017021766692585,-0.352896477898848,0.0770264698571876,0.7503364230570566
1909,0.3432207735675768,0.13107900822028107,-0.9604557844586139,0.8568174172960992,-0.6495359217945122,2.402806590890172,0.5648456982164111,-0.2909743261411795,1.7748497953380455,-0.9439134008257405
1910,0.7181623418886829,0.5186906689204723,-0.43150899396271275,-0.7369553283867981,-0.7896412656252095,-0.9845901852002771,0.3294479034474208,-0.5041586325705415,-0.5597587937932611,1.2240294833780654
1911,-0.8483777600910293,0.2968283207631931,0.08070085588499207,0.7182527293459597,-0.3425571754618882,-0.15953170119726784,0.760025372626795,-0.4102080303950806,0.0685046770289051,0.7043850758635275
1912,-1.2338928299299838,-1.3470670321301634,0.17476659459715824,1.5229368558450822,-0.5752765517290804,0.8034526046452897,0.8398271872701907,0.23573278989043467,-0.931327032332126,-0.16436960922577262
1913,0.8289786435445523,0.2104336171047096,-0.3380877188776817,-0.36362591833243507,-0.7634709004984724,0.30409330552537533,0.14726460333973523,-0.6215191983446985,0.4020460649514921,0.1332155726298175
1914,0.627739448698167,-0.059217160871690114,0.19763342371461326,0.0653624644696434,-0.7408931293984665,2.9831791546625768,0.2871389952651532,-0.33248078314234514,1.0845762531830265,-1.1576472396333923
1915,0.5434744233830385,-0.7462484843296735,-0.10554841650309782,-0.647954467290656,1.3209716216825809,-0.7242462888099397,-0.5443607901032482,-0.6360070245868019,-0.9345802011109335,0.20088369905793166
1916,1.6268084454655818,-1.322496429235992,0.46694981996942636,-1.4947767845946303,1.6681225197609788,-0.36594580998818727,-1.7190520488862986,-0.22786553791921157,-1.3363813478043558,-2.1737811649621923
1917,-0.0874996558397282,-1.0478721416890493,-0.04405621363453621,-0.058901632495810985,0.49373241381177013,0.366764698296602,-0.044238499067695926,-0.6083620242878169,-0.41503264105449295,-0.03498474754942858
1918,-1.0274412398395218,0.1100315364271111,-0.3725382641035456,1.0145104802366673,-0.739458652296538,0.12661733531389172,1.037117351073277,-0.10934487628392105,0.34883347319679997,0.6075398476046754
1919,-1.1818050595566933,1.8220596177561506,0.5507498268585903,0.45151954382682247,1.0402164760812056,-1.2302299974764501,0.5398075044727736,-0.5101880691054194,-0.036743990712576745,0.5422707891604107
1920,1.8353049456016506,0.4567952418288651,-0.5659903341269354,-0.9389871705005733,-0.730556504330412,-0.030318069639735885,0.54167029206646,-0.052042944920896644,0.8585942122800824,-2.3838176210584305
1921,1.8353049456016506,0.4567952418288651,-0.5659903341269354,-0.9389871705005733,-0.730556504330412,-0.030318069639735885,0.54167029206646,-0.052042944920896644,0.8585942122800824,-2.3838176210584305
1922,0.11419568639475577,-0.047710880880082324,1.01827655323735,0.7181044200398962,0.1763426514941728,-0.0032442445531673998,0.7496505269015443,0.6202622418345101,-0.5240590642971413,0.6915610141715761
1923,-1.2412158148747594,0.2940838887999771,0.26947894371765824,1.3879745445819653,0.5382959534524009,0.6841800653683391,0.9335637361065674,-0.2783971882937141,-0.24503536507359794,0.3076109293571454
1924,-1.2165063200571307,0.04817478571664702,1.183748173289266,0.528295988176187,-0.2793891396402854,0.8805657343839227,-0.2506974573679354,-0.6490952405730597,0.5133438720116954,0.17070400691039875
1925,-0.9226558646362105,0.8338010872910653,0.2240914662170521,0.12358460143457856,-0.03210236800379585,-0.7000297438936368,-0.1784983974416431,-0.16972914629417,0.9021153028206927,-0.08358700969195292
1926,-1.2528139144454074,-0.39289928062831003,1.072962191994783,1.816434110037762,-0.3792453214429181,-1.276796976625348,1.4151313947460031,0.22880912939836742,-0.8362710944919991,0.3034064291425461
1927,1.148172752919146,-1.2797243292092935,0.3988465318950557,-1.3896622061863935,1.7708344939010305,-0.661728662562022,-1.4083143131904248,-0.5177454964089923,-1.372209539747017,0.07206792027696762
1928,1.4318057210607196,-0.8440851880081066,0.11278619518473765,-1.4707564026740814,2.17147055148878,-0.44757678277074003,-1.4581745896928064,-0.48132403620883285,-1.159703437950642,0.13494576264069996
1929,0.2530586858941301,0.002034294314518263,-0.12155425663798732,-0.28893736334864867,-0.5806460483540522,-0.3657621730875068,0.1704803513638845,-0.5154811940720736,-0.07925101949139002,0.6188831847670792
1930,-1.1965907096174278,1.4547437564856,0.3136792267005949,1.1393085244565535,0.2294499246517409,0.0357420635714911,0.497087575657566,-0.33072027972662665,0.3522821104032374,0.45269665415371146
1931,1.4109314812801685,0.11011323842788046,0.0669154988947493,0.5825726689731697,-0.7897522983469616,6.030969890741211,0.22857761028863763,9.636173046214937,-0.16169487941066657,-0.11908490763905205
1932,0.7384659689633634,-0.06651922317405713,-0.24933031907109332,-0.9733469989902583,-0.5720848144792602,1.4215609236693094,-0.04299664067190481,-0.5917235410255399,-0.20523937208757836,0.5057776230465705
1933,-0.9700753505870356,-0.2861184734534468,-0.5112667071767243,0.23703296913653146,-0.7819351279102789,-0.2987357069265719,0.5660728095437518,-0.22312245331891495,-0.3879884243800185,0.5758255444962537
1934,-0.41491225921664826,1.0143242942106776,0.11067363693056498,0.42269875665400813,0.01636165705607667,-0.12332718752185538,0.628643586095178,-0.3552102630262588,-0.29146591988885956,1.0653671497967552
1935,1.2672651956022336,-1.9209010781152185,0.1826497735422068,-2.0761186931477313,0.47630625220565587,-0.1914483498519194,-2.453415562847628,-0.5161380057831406,-1.674783404158187,-0.41318665091104767
1936,-0.5578177122207856,0.9362750987428359,0.34644820689342776,0.013959241947619858,-0.7484314540190821,-0.338209253935436,0.21848015289828135,-0.11765976438218823,0.3896037357382886,0.08778814559258025
1937,-1.1149838084545154,-0.8707189961353482,-0.6082116060848557,1.3556622100742457,-0.7042843145248497,0.5135231438997963,1.023620092980988,0.033805601175058236,-0.5602408252320367,0.25257709343031015
1938,-0.4873912409785803,-0.03723305646223819,-0.42011624255637414,0.5091032133538896,-0.1533062490452721,0.2525175895722324,0.4786487329780165,-0.2567217505514119,-0.4385894115522224,0.44843620796625794
1939,-1.0436621975055216,-0.8448575254811334,-0.5439025014714957,1.4103501932516709,-0.7253834616140068,0.8059542971160937,1.099887939316776,0.14996184124657624,-0.7697892567225142,0.15980388217337158
1940,-0.8422900784125293,1.2649939433606066,0.18621579622387535,0.41483204465077833,-0.6441998720914742,-0.15135839296147136,0.38754064117052206,1.8373773227333372,0.39757971925483754,0.5346004573968569
1941,0.6287526531719466,0.3614991699779308,-0.44454919167880996,-0.39459454071245653,-0.7082928956484694,-0.004507240039246656,-0.01664244565105341,-0.5413541107504225,1.3399737595103454,-0.4727121180807132
1942,0.7760037204647459,0.3835358736571962,-0.5299480307872274,-0.5520567870290485,-0.3382457048370172,0.09031715973741342,-0.6736134836626957,-0.38547526770684665,0.7769310628509313,-0.6120150237771173
1943,-0.568837402354705,0.6918429139431589,0.09091562053652584,0.4827871480054777,0.4684270997501142,0.3377553265013695,0.2291255166295603,-0.2652080907620938,1.3319838182555257,-0.44388723492028853
1944,-0.9141951164637755,1.0033435414302254,-0.4416818979497651,1.1581471890422768,-0.7838443124014085,-1.095221856378096,1.238725409623903,-0.5847505667123036,1.1906292285190576,1.0199995091961398
1945,1.0624452205261663,0.22299634192913667,-0.30000826495654886,-0.5264424819417923,0.8788352667823418,0.327218692243612,-0.31534079642493534,-0.13799032429503472,0.9688987076279401,-1.2318342170217782
1946,-0.9705851534560439,1.4674528916667446,0.22787555703805337,0.6713577163243664,-0.7820099005180206,0.6539125805474609,0.8684156963831204,1.9732803936085475,0.5072713697471725,0.24304139362683944
1947,-0.7453609378144633,0.3986421827197817,0.13131501577114987,0.7623709232854107,-0.015640208561857934,0.050085862202283386,0.7299017102741359,-0.2426432637883754,0.1533669694160499,0.6714876137333733
1948,-0.7708515967147676,0.5062696379115674,0.06484160600292149,0.533009923042745,-0.3621338405609683,-0.10849728855433634,0.058534441379153805,-0.4307867531934249,0.800687599373556,0.12284062338284876
1949,0.284508088328087,-0.754683276518279,2.423746602376555,-0.369561874909447,2.119965223486218,0.49491413703969217,-0.2007437033972462,-0.38011793439118746,-1.0939699130655318,0.6915610141715761
1950,-0.8268642783502846,0.330888956373463,0.040137449325892714,0.6017106214229955,-0.25744839491331406,-0.06903569133659225,0.10744098228457509,-0.4055974257000482,0.7589808497397208,-0.0037059768192427853
1951,-1.249604722078399,-1.506463781739178,-0.5594551070819209,1.6810089929215204,-0.7492048988220414,0.26180850304433784,0.5756195959613944,0.866007806863866,-1.1945715672394306,-0.20418033589541615
1952,-0.5853880074656768,0.4506118780513006,0.0071590886315045415,0.3771720634343886,-0.5685200330123427,-0.05306605454721147,0.09103565608025153,-0.4318041869559834,0.6734424658260153,0.22643310991571722
1953,0.47020589361923343,0.04183467749632751,-0.1775136847666039,-0.5261143370585026,-0.11691549009316834,0.030093958577230993,-0.14304727697322053,-0.3970867888136706,-0.2622051433736474,-0.03923696444190267
1954,-1.254813112004851,-1.3709330799149546,0.25010472819923557,1.448191534362102,2.6874007514017655,0.03177123589212726,0.30565510394639595,0.2826598221144501,0.3630195611771351,-0.23403838089764922
1955,-0.9407636047273061,2.0243021015859104,-0.016280950368768327,0.5288243109308638,-0.7907285077826524,-0.6659499512517122,0.6674539659280908,1.8187555390691044,0.09262727369921467,0.9230287221320692
1956,1.6132263315104385,-2.596794448251608,4.102655411555221,-1.9852794926616473,2.3107732141918857,-1.437074021137833,-1.9209349067869324,-0.5503689705935733,-2.2590659178085626,-0.11460620088871692
1957,-1.252779507899562,-1.056723126297978,-0.5428291090943215,1.6714119373778493,-0.7906838435349189,-1.0742847649778158,1.2811969667599525,0.6761841150396734,0.095409249581543,1.0199995091961398
1958,-1.1569385105140857,-0.3497507306597816,-0.8226287530159146,1.2128859502913616,-0.776672176750766,-0.33625229311795946,1.1616060032452868,-0.5851648028101193,0.377886800710223,1.5275862742341022
1959,-0.7586345821023529,0.24923965274948226,-0.48065764346663475,0.6822366366948643,-0.7481615387721503,-0.044578044743918153,0.7441229399177338,1.1183824047191804,0.35893482465895227,0.13716648565536588
1960,-0.6452498400427098,0.9099933131329285,-0.37387430129297317,0.7023516773545778,-0.7471556587222482,-0.2735545102040997,0.8273201847417047,0.6313956215013787,0.7017936418004255,0.6585739063723914
1961,-0.5354624565171425,0.49994379179739323,-0.821107212685305,1.0891905677284954,-0.5615791925613635,-0.2799387369378973,0.832265156681535,-0.12909085911467702,0.11027648911463145,1.079715599200606
1962,-0.8611384544826727,-0.07559148239820826,0.5047662012836521,0.870377701332804,-0.7676566772773813,0.06116980009279638,0.764251056060858,-0.5404273042459887,-0.9244833823883237,0.9220651215888154
1963,-0.3732654081491394,0.4599432805577252,0.4107334579636178,-0.05508502132396744,1.392707294269122,-0.2804137939733709,-0.07799059296658015,-0.17123829373361804,-0.40906990379294833,0.5768774438650522
1964,-1.0807960123645959,-0.6222811002412237,-0.21181486249250786,1.360224499102571,-0.4691498549555099,0.3388119218577831,0.9378715162759523,0.36515720362865944,-0.47150836993911416,0.39486237370820965
1965,1.2524137475248038,-0.514554220122911,-0.2055695981736046,-0.2706588858343963,0.2339731392721544,1.5944874609027961,0.2606312690864972,-0.4266073064523326,1.2884019773929103,-2.3838176210584305
1966,0.19004283511064798,0.5013441661105195,-0.6877982506888083,0.13398899280849597,-0.7899932211681868,1.017373327695102,-0.07468248395402129,0.6159402819887645,1.5354579260190238,-0.4147874318785328
1967,-0.6823291449537298,0.09757622515209553,0.22735396972264704,0.42342621298061883,0.4592709750686313,-0.7504814485910957,0.0387400712544086,0.33874950320821784,0.1566110333646919,-0.3859894248852037
1968,-0.7522257209937969,-0.5089692504431554,-0.13900967922335786,0.7115673808904496,0.18858165625492815,0.12132229339430663,0.4211038167099141,-0.30498832489700695,-0.0604922347951796,0.24477376221488964
1969,-1.1699067234134732,-0.7867680957256469,-0.5459892990518208,1.374258662025676,0.945193685163136,3.005560183400808,0.42234322346090003,0.07233144344836408,-0.3520120645892356,-0.7316724642682005
1970,-0.9250766589216174,-0.4200511634766374,-0.27845684861265324,0.8205110462770375,0.2761098823221306,0.7832857142746452,0.2771136933267122,0.059924376123651764,0.12919082908744137,-0.33761039115702923
1971,1.8441300011917943,-1.1745518589043433,-0.6841383936381601,-2.2361404312045994,2.6051359617581213,-1.192674734392082,-3.74807007649272,-0.3731498914600677,-1.80336732702472,0.3951132816494052
1972,1.7643798747958264,-2.3884558874568205,-0.6973282179960377,-1.6438087829272978,0.24949303034329678,4.862759792279367,-2.0505928839382466,-0.5030292196200856,-1.530249268948051,-2.238355350534731
1973,-0.5106654156479594,-0.3523322678373858,1.0045680149114513,-0.41150456210030384,1.1376491054092974,0.0695542629018265,-0.3914414088909074,-0.6007676958278567,-1.142701420423989,0.7479595436202393
1974,-0.7360109138901223,0.555926269448869,-0.5608938784362132,0.818055976294718,-0.7084802567568661,-0.47274046998771413,0.7712774908642429,-0.18840946832193256,-0.20028362557654886,1.55346324656937
1975,1.2406972760419404,-1.9017856334764802,1.3659266818602478,-1.6203875926745681,2.3454429013920004,-0.8616649919646319,-1.6380374944617673,-0.5486706025925284,-1.4011656265142256,-0.03233069910478607
1976,-0.5504188777337551,-0.002902771297379508,1.2463306181028442,0.3919822548059022,0.46921421056161716,-0.21807504661508822,0.6802616890367268,-0.2680152904197264,-0.05206550700917591,-0.9680486538692126
1977,1.53659357030995,-1.9060857368323183,0.5694089478921267,-1.4135082501598455,2.644687197926804,-0.06767994825920046,-1.3096145882289052,-0.546019491566505,-2.0682696771339275,0.6691674804199013
1978,1.8134098709729398,-0.2070286038408028,-0.7072082960616456,-1.881631292790004,-0.7905401763419171,1.1067825839961394,-0.2189058824356884,-0.3130116865449916,-0.1821125550361078,-2.3838176210584305
1979,-1.1203737358841381,-0.576557211263585,-0.02601609888133532,0.36265791842246375,-0.6695073006374764,-0.8768263340131102,0.39038089299923107,-0.5538899774250102,-1.1517043599190253,-0.9108207342815986
1980,-0.1132879779729988,1.0882217987884384,-0.5516096398739535,0.34147530730079917,-0.7235953882444265,-0.4226839530429783,0.6957423295961122,-0.11751564772958821,1.6573864666708116,0.5640851244806833
1981,-0.2890518067234394,1.0328355681494727,-0.6398060377291077,0.6659618031091188,-0.6041841003373114,-0.3445194203912547,0.9012073690447238,-0.4379849688569722,1.5296634322005582,0.406629956150267
1982,-1.1985014927802753,-0.7852191734190838,-0.17614528579399782,0.888292205014323,-0.7441520226281689,-0.3378767226231537,0.5722945201066644,-0.2928798121911329,-0.5681652082453044,0.8707092841849745
1983,-0.5404770817958658,1.2324622310097306,-0.1643041257285153,0.2976876896008691,-0.7887325210846176,0.07231470279097224,0.747375379795958,2.373807059697057,0.20778938769366825,0.9467539979884232
1984,-0.02743011994604104,-0.39250879601320976,-0.641294336070336,-0.377992229583103,-0.7866298068980401,-0.6492830439247571,0.47455076779371597,-0.5537535231810233,-0.8527883060987597,0.4874724948033718
1985,-1.2142204047577199,-0.9231285773569572,0.24061755441905391,1.4778713172471578,-0.5403497832754562,-0.6434048387250788,0.7227565310176977,-0.20241064842811327,0.25151526467897145,0.17650973788305555
1986,0.9232230746928622,0.040445669605068166,-0.19371985699587846,-0.6391962232377982,-0.7336427443343783,-0.08846890463146147,0.0764175232546197,-0.5153277295963892,-0.30557218511087886,0.530143572002641
1987,-1.1864033380155028,-1.658590079705144,-0.6753087803803219,1.5590908428667414,0.27050247897872176,-1.3558525458781279,0.8707627669510536,0.48977787102246245,-0.7867136293817047,0.5422707891604107
1988,-1.1915832747711634,0.10275585747170801,-0.447660987915605,1.018812160408244,-0.6905102520161921,-0.2851008129210698,0.9896334525961602,0.02467358039463065,0.4152200910933126,0.7532676405095243
1989,-1.2375318626412144,-1.0237163295271798,-0.6578241276401766,1.0111700606234693,-0.558103551223256,-0.30207910945313593,0.3951154781331846,-0.2950787154770403,0.6653889281625867,-0.4621206691091518
1990,0.11697312031939655,0.3907228663574267,-0.7414374079473515,-0.07341133575422874,-0.7072912444056026,0.09968874577316443,0.045078809214382405,-0.32865620206757246,1.0179272046490333,-0.33810177146196546
1991,-1.2499250042726906,-2.2811683370972036,0.7855995768881934,1.374116483425029,1.6901531390003115,0.29160775985628673,0.6087927383589595,0.10834927215346704,-1.6332377292407234,0.27752945680727764
1992,1.7946426641483304,-1.3488056183926318,-1.6455231986944976,-1.7749973423047742,0.2605226473937321,-1.1674187232756112,-0.7771833242634961,-0.6199606350266652,-1.4755623944148017,0.8408512391827414
1993,1.7189408159847763,-2.1423912205610622,0.9327208536651367,-2.054113231042013,2.4150985075228575,-0.7033088998035275,-2.1059984190111196,-0.4970656612924615,-2.064824253369117,-0.3641341484073792
1994,1.0362409146964289,-0.36658194328995547,0.7175836944653788,-1.410702855734117,1.3799550804295229,-0.6053460597932012,-1.3368032380145307,-0.4150825294623995,-0.4163679394199656,-0.754065998019875
1995,-1.2342241098564204,-2.3334776561359734,1.7370370604557355,1.497954044588542,-0.2230833228274083,0.3703745416414762,0.9935825622947756,0.3116563489615715,-1.893992591496058,0.20387961246843644
1996,1.104426502043248,-1.362082095306025,2.2193266023339158,-1.780968843531947,2.432990097127542,-1.0251908954875055,-2.05946421083741,-0.6315592457655148,-1.6391020292787746,0.2835010658077235
1997,-1.1661969992142265,1.1803632336088032,-0.34883271694158835,1.0017507283306069,-0.7907919680629855,-1.3753456999404572,1.0470445662335748,-0.37514710121739514,-0.3060062178118449,1.3185799592184706
1998,-0.2925467594280438,0.11904885584904278,-0.4669429122568907,0.019875844010807532,-0.31572376990601764,-0.5365461480432987,0.20395680789382148,-0.4892036472955425,0.21459848290578448,1.4629080210051437
1999,1.147218712525076,-1.1876070612025145,1.2516757329309296,-1.43460857005729,1.7609789628773422,-0.9535097204964005,-1.8387212198604383,-0.5460490798592067,-0.8572527812679818,-0.022046261381794562
2000,-1.2434602382115967,-2.1910321225860234,1.2002661606978422,1.3808344223055984,0.8245248785876277,0.6179195490163345,0.8594618555493562,0.17589046790236965,-1.6707155622303835,0.2760365545571661
2001,-0.6391875290544756,0.19025488088690998,-0.35110599809463233,0.4367924258652619,-0.7131509269157397,-0.18879429457449423,0.7004808371634699,-0.292430742603274,-0.32275438840707427,1.332468474090722
2002,-0.8452777625134041,-0.7115347265497506,-0.42308177182488116,0.19133270464286128,-0.7907919680629855,-0.2144200802284016,1.0049455666162626,-0.5031460554425465,-1.8323761432089243,2.1546052192809966
2003,-1.196853231562226,-1.524718937495094,0.07754726195488451,1.6799426534166677,-0.5906209731333936,0.6156633969257878,1.5139522765910653,0.035567989767192394,-0.9973328561004573,0.6318449241671099
2004,-1.2209831677369676,-1.2210195281012208,0.5932543377609002,0.948433753087992,-0.07338650066808848,-0.04845753244773686,1.008065735835687,-0.27914788554853165,-1.5791374964953184,0.885638306686091
2005,-0.3023946002075202,0.06381152519242142,-2.690145647546089e-06,0.09322947019645034,-0.36141712071133686,-0.47505076972843413,0.5262215736228214,-0.5314798045331626,-0.937203131766633,0.9801887825264963
2006,-0.2541107475382053,1.074151418301657,3.9434536882128883,0.9548317901171061,2.3818585440626245,4.3014939442112174,-0.4860296233703153,-0.5317283461918522,2.1916900237470127,-0.41318665091104767
2007,-0.45275120555068316,-0.3882525137086214,0.08898065135586843,-0.639132501736107,-0.16524904671120566,-0.6513916171256166,-0.20436992991295594,-0.5408829639535867,-1.2108924924157545,0.7094758411729157
2008,0.2367834106223472,1.0448034167036293,-0.3338442100005823,0.049116688574665696,-0.288278253807995,-0.39932005618803945,0.039296086339703454,-0.4390484697804882,1.011831110976388,0.5532711215296544
2009,0.8173776052782687,-0.4377864168593054,-0.550989274795984,-0.2140794194876501,-0.7907906104935278,0.8136633043922246,0.5548694727302953,-0.004287440501249785,0.20372770903690185,0.3688097658141047
2010,0.32414584074434033,0.3752489605650827,-0.43211477066877074,-0.4117960551593951,-0.7256780756944291,-0.5166946492116983,-0.17267919045523886,-0.25676015044531747,0.3177449194224752,0.4888262888754786
2011,-0.37766152580021767,1.0874278952150496,-0.20506300507741818,0.32995684027366023,-0.7709629023622004,-0.3931073257997533,0.1110869397858535,0.4524966222190203,0.7619571553150082,0.7214190591738091
2012,0.28766122968232155,0.47365902681830996,-0.7413712267768231,-0.1542339156317672,-0.7619558090145512,0.6387479767649062,-0.17556995947210566,1.0618837135117611,1.1265476428329002,-0.4238479815679302
2013,1.7101902334375871,-2.636623878991788,1.5468903062228079,-2.2612481565174214,2.651234530941214,-0.8966804724099267,-3.2593477928505954,-0.4708356398128967,-2.2679862615284154,0.18397424913361382
2014,-0.7456121647704623,1.3546169930970926,0.3596424241877621,0.6236525905646461,-0.06520619775170589,0.14696625954076595,0.6456992175588703,-0.2830266417371725,0.5143049864865618,0.8462799746376922
2015,-0.6113813710730874,-0.4816595740181899,0.1494287392396039,0.5789835694602804,0.7419153577239128,0.021503213666767256,0.4494440226109116,-0.3965166160579634,-0.35996792444183684,0.45705243110293525
2016,-0.32469471452335213,0.9154602259530769,0.5736010552332744,0.0829007679828854,0.7597003648472163,-0.2175973106997097,0.1155921866535447,-0.08266808836474321,0.3226704882127015,0.5777442004734368
2017,-1.120892749055518,-0.3991806624383299,-0.10874283802462008,1.264657801470029,-0.4710978815405393,0.16454924364962015,0.9454444792315926,0.044186325952234394,-0.38413058592545274,0.5075792364551088
2018,-1.0854458787383374,0.5549607074915313,0.5119178891027669,1.1280311763597823,0.8961989582478705,1.8826363690829897,0.6242538753865563,0.13240509208845594,-0.6505056873967424,0.6273209779546507
2019,-0.5336418484384161,1.08903556221727,-0.22830905584103786,0.3701603756302933,0.07093029544999285,-0.38659465974771506,0.4283083357899271,-0.09258009338832288,1.1214362486241352,0.33675661963143133
2020,-1.1691038484038814,-0.33536788067027257,-0.3473237974123317,1.5026538372210396,-0.741412763991229,0.269770213088314,1.1556882030286777,0.11062526937980123,-0.7935002489093084,0.8231575828851218
2021,1.3379739647494997,0.6127938455612368,-0.016635027884624582,-1.5382699722275643,-0.6570316568851696,-1.1127295966007442,-1.3115239455124337,0.08341225906494322,0.05576327749330713,-0.6221929659266792
2022,0.7227862031743507,0.10450495964250522,-0.21343213666267635,-0.7101088914731293,-0.7461333649248576,-0.02390298514212443,-0.2748749069331483,-0.19600483116244605,0.1255585502606067,0.17235052399501302
2023,0.9177299261362919,-0.014247947841061606,-0.4590748760930527,-0.40569270000368185,0.3752384551365624,0.07815772287378092,0.005223413617292792,-0.5197118657052078,0.5611914596708167,-0.29742124835852923
2024,0.5262922695851392,-0.4559625459669282,-0.06946628936412708,0.5176325931276642,-0.7907898729164209,-0.4418402109555766,0.5908478845397807,-0.1862554406132884,0.8065588739142731,-0.8311992809423107
2025,0.9488895518321492,0.2903058505354634,0.16279012498590872,-0.010015044005499121,-0.0839283762526847,0.34372616237769754,-0.3203878894145888,-0.4049721002601489,1.0513373533697652,0.5401380716602516
2026,1.506878826170985,0.8750042646007564,-0.8714923867583065,-1.8176509224988662,-0.7907919680629855,-0.7450670519251433,-0.9634620836321339,0.35307995874317466,1.1608947494528807,-0.950631460951243
2027,-0.005152073984578252,1.0563842263100935,-0.5239884462030386,0.27159755838392924,-0.7466154488830715,-0.3867626776372522,0.8051926650014286,-0.30843099531446877,1.5026469171503252,1.0301931691881527
2028,1.68352104479209,-0.4949185242785959,-0.780014223328735,-0.7135966730538987,2.112876381726255,0.0754693395406244,-0.17351269002112055,-0.5752885421621906,0.5390789767005505,-2.3775317168474337
2029,1.4494314665747747,0.5554812886292438,-1.2394756887924545,-1.418736829138583,-0.7883348083210877,0.011431157045039176,-0.4782485617129511,-0.4507156007761186,-0.21181980472585119,0.5826283664711213
2030,-1.1350974136089953,-1.5021136789001883,0.16741957797063944,1.2125811801067155,-0.10480962132265431,0.4977845785482168,0.4788365773406773,-0.040146913271200485,-0.48115898216270037,-0.16354208379583396
2031,-1.2521872878357598,-2.168074881256614,-0.06467009134281332,1.5054184211225097,-0.7669274723654345,0.9136559650452846,0.7405539141523758,0.4263997480566109,-0.9969198772245382,-0.10962986005501127
2032,-0.9106501996191271,0.9281101722543299,0.03454261511056948,0.12202063682746203,-0.4245335980369083,-0.7902803398197127,0.2690978974203006,-0.2598859070000866,1.7481507110098744,0.15411620413138075
2033,-0.3904056907925817,0.8087191067586587,-0.3761984672223834,0.2387708101708455,-0.6876500522531297,-0.17468172140689414,0.5580799454839329,0.10443725155091016,0.012270344603327403,1.1390396138666592
2034,-0.7389183977847623,1.117031711265572,-0.3146936326956295,0.4680178457888953,-0.7896445200795476,0.398901946376027,0.759407934083777,2.4105781064552803,0.2812669733945117,1.2199019569285572
2035,-1.1356993340403034,-0.9800290317480116,-0.7840693619544956,1.320673035865082,-0.4913468223384542,1.0252494224645954,0.550000145064397,0.3321153024645849,-0.5148098392179203,-0.255825705856855
2036,1.8071541353647367,-1.0500848878412812,-0.3801088237374538,-2.1908697491971703,-0.7907595307045656,-0.7992147020982803,-2.2487855232757354,-0.5839220945166711,-1.7431727060103936,-1.2492119109735738
2037,-0.24159927632179895,-0.32651689606134315,-0.5518808652278098,-0.5707445948249138,-0.789158252587009,-0.46349927102483135,0.5524123671900516,-0.6916234799488378,-1.4061819432603893,0.48255469915594457
2038,-1.2542339664284694,0.0717774113404573,-1.2502080015479722,1.5946354930284843,-0.7907919680629855,2.482132898393817,1.564340681000282,-0.07565440249640998,0.4968247169749306,0.5422707891604107
2039,0.20021205100754932,-0.37298456525822,-0.17339066382045645,0.13375037138083742,0.1429606064535587,0.24881306700278488,-0.35223490445379096,-0.4708356398128967,0.23664802514588298,0.12425815912914767
2040,-0.40634125221931006,0.5726211117453389,-0.5208413047956612,-0.009380747784203463,-0.6576764641119608,-0.2526587036283586,0.5046138141210308,-0.292006767222403,-0.3540443187812251,1.3862892360591417
2041,-1.2542339664284694,0.0717774113404573,-1.2502080015479722,1.5946354930284843,-0.7907919680629855,2.482132898393817,1.564340681000282,-0.07565440249640998,0.4968247169749306,0.5422707891604107
2042,-0.47695829579792576,0.5497305802226194,1.0495029105953229,-0.28016707975266236,-0.3330273859164343,-0.2739373723770419,0.22472474461569678,0.17469953912114908,-0.5876578111886868,1.2389585058791819
2043,-0.10397309294132943,0.16072980666019335,-0.0647167589571198,-0.6062892449866568,-0.7888315094918138,0.396365413724583,0.03476853207252275,-0.6500341757281085,-0.6737226089302322,0.6855894051711293
2044,-0.8669531059907171,1.2788732728417227,-0.15860960094655405,0.2855404424021826,-0.7807167435281391,-0.3026532393741384,0.5269857689134141,1.708810384678939,0.23471864395671513,0.468468524410669
2045,-0.2593064835016855,0.4070453325061785,-0.6859954879523956,0.28588147407309783,-0.5185319495826562,-0.5834062341304556,0.47236734940735153,-0.4073608617575556,0.13208177376316096,1.2718023553816389
2046,-1.042484733605871,-0.3656825029558537,-0.9560593870085462,0.8154155165684176,0.7471266332068699,0.4236713001690368,0.49620230802970955,-0.36696297945625894,0.39367439316678865,0.8075808461802532
2047,-0.0697725891817203,0.8261131115228627,-0.33713050866473276,-0.10067505944780258,-0.7905113223492485,-0.7716509697006225,0.26268680345202994,0.6489037091692178,-0.29994919429836464,1.3252150803300786
2048,0.5060871124228103,-1.7890314653792339,-0.8255873036587668,-1.7569939769978515,0.9882275341691625,-0.8641618002781704,-1.9525453773697938,-0.5710117361347395,-1.961679829259202,-0.018396944770409738
2049,-0.7755610369680472,1.3665266793731294,-0.26280293756297585,0.5733964470488349,-0.7606898284540119,0.6302046145017374,0.756568797781155,1.4703807667308249,0.1862108110093025,0.750428835941973
2050,-0.045737881461329115,-0.5739421476291279,-1.3083022172392238,0.6205828253234036,0.07286104984389279,0.5610727205239623,0.34314793787750203,-0.48314974926615495,-0.05195663076007041,-0.0006027563347362478
2051,-1.0647266484655222,-1.1229689429383616,-0.7178983619959393,1.3498528166083692,-0.5966216196199785,0.42255595526770107,0.6272547825409008,-0.031332919950828285,0.38721999425009684,-0.4649250445164795
2052,-0.7576974639985599,0.4036893341752916,-0.8237540588854281,0.6775835188555086,-0.7905326936756149,2.2438832376320152,0.5222973010921217,-0.6261741764939056,0.9378861564565546,0.18397424913361382
2053,-0.8427604651982282,-0.749037936976046,0.86070686432549,-0.4608660557608175,-0.3868269380126461,0.24708450740110383,-0.3424548715554003,-0.4600867441464919,0.22637649925763784,-0.19882119961296355
2054,-1.0350762595549876,0.025309742143581226,-0.2544796060232959,1.3962963451259578,-0.720355135938436,0.3339151238582314,1.1886164233537395,-0.40331515586888517,0.9659687200190552,0.7811351491782753
2055,0.3269081735446241,0.2878263221037749,-0.6614051357905865,-0.3536668731203398,-0.5696402050450147,-0.05258212041194063,0.09024471815337509,-0.43238165966362707,0.43922972434958996,-0.11890443668245226
2056,-0.7226067113997684,1.4676082729315516,-0.23034694342968967,0.003965372861571644,-0.7103941634116134,-0.6119946579990654,0.27506938349220517,1.408969481055193,1.1445757587857557,0.19329502688548705
2057,-1.0031160996087038,1.8190141845820815,0.47383691765515445,0.5120598011356136,-0.6632425479106501,0.158400769310267,0.12048282888062563,1.3291538360072364,0.7113696023461118,-0.1128232786706542
2058,-1.1902565583633757,1.60852961406574,-0.24071882344993442,1.4154904562132984,0.19596594387164826,0.29402635489735435,0.7128604719262384,0.2580127742943972,0.8660278320466268,0.3929805641492453
2059,-1.2395085658626337,-1.375562920968146,0.21612114293895238,1.4901835027436197,0.23793370573934963,-0.014615736541571615,0.5672348979865082,0.20452376990987473,-0.9328271643764215,-0.19781984531870966
2060,-1.1982075983214022,1.002458442969332,-0.10319376669264148,1.1463463651885788,-0.7349254835309306,0.16851210179602277,0.3664006073765088,0.09907038356238888,0.19402860515102976,0.29743482014210026
2061,0.6357676427286946,-1.5379954144084873,-0.7418198164989172,0.123797869335549,0.6997852770637429,0.650137400869351,0.3108088162889283,-0.5578252203542616,0.010335601142203348,-0.11460620088871692
2062,0.8531273207282789,0.0051369287849667,-0.5836496274938631,-0.6639843491401995,-0.34336503441941635,0.33852530412121784,-0.4811024646107997,-0.2924772267926261,0.8751498912338894,-0.8658213813988849
2063,1.7813492259808983,-1.2874019126681884,-0.5014146832205395,-1.655993853563258,-0.13377645339980349,-0.469726250794742,-0.8398661267910426,-0.5360778252189204,-0.2601655625848223,-1.0700636409601754
2064,-0.17933933826654644,-0.15733664739352957,-0.5497508680973315,0.3063856594092579,-0.16181256629320093,-0.4444135135685672,0.3636880338234166,-0.2859275496827878,0.0673841097484567,0.26108383519493655
2065,-1.0442357917855627,-0.5849779396762463,-0.3206394120887207,0.9933621908924353,-0.016864999809668293,1.4395198943100658,0.48158159374345455,-0.051605695706536385,-0.29419961061473476,0.09882352820131919
2066,0.1650773245048544,0.22857260368763346,-0.529576915464803,0.6994434787049809,-0.3290464203770154,1.1266818454347671,0.7073574869098894,-0.04014401301113136,0.525601085048975,-0.4798696180827018
2067,-0.4260795292442419,0.5285250962637262,-0.2760667529708283,0.23896253585959765,-0.6130892646152505,-0.4729450277772572,0.11640105883784198,-0.5604141959656127,0.21978472104585225,0.3913217838713435
2068,1.7035070239048022,-1.5665893521422347,0.3564776941341773,-1.5604742585282425,-0.37216728333241533,0.3835696905174492,-1.3182987013593646,-0.24911485520024032,-1.5552485709528947,-1.2096560279315656
2069,1.6799384190598339,-1.4570511594311926,-0.2484916191114148,-1.2776246329595013,-0.3374607335100723,0.6547759277779305,-1.1754251058236782,-0.042820294051059776,-1.3160469483295967,-1.4197855629350489
2070,-1.2513651765971463,-1.4082144999343817,1.079210742740133,1.183093070792155,-0.7021014133582216,-0.5372549339121804,0.9965131599484791,-0.29422043083497396,-1.0388109526564064,0.14295713680731437
2071,1.1737020839229917,-1.4472522549422007,-0.19995622185945483,-1.1953234660647165,-0.12906973822721166,-0.20023648930969645,-0.5650566406919111,-0.4936671957495236,-1.354282762158069,0.11695525714833933
2072,1.5454222061434346,-1.1347285019372397,-0.19058511957154342,-1.2449934545817436,0.12989562308363617,0.5866301278952935,-0.8650832324206618,-0.18455273606231373,-0.5940342338805381,-1.9598379164578583
2073,0.47603756738391023,-0.1925020294095827,0.05470844519006606,-0.5567897310124079,-0.752294333660647,-0.0578226861715087,0.025973879836984338,-0.5840644755802638,-0.7601936808879305,0.7390940514614505
2074,1.8353049456016506,-0.0012432116832055205,12.865068814256473,0.1230869763323142,-0.7906647627358484,1.6915772058660181,-0.2496418777315135,10.394162969803592,-0.7024659386942033,-1.8463728110182351
2075,1.537632661576119,-1.6730970073579348,1.0745388489819427,-1.6582953109152534,1.2482177870214686,-0.04518254122641903,-1.7677974199322908,-0.3908766485971613,-1.436018752971766,-1.030272631910779
2076,1.544559309612409,-1.723671357686254,1.0196385083593098,-1.6613573301527536,1.152582579223826,-0.15858860220356613,-1.8394042899154315,-0.4035786689383887,-1.4626659113149805,-0.9046211426086566
2077,-1.2478656275793185,-2.2516060485033806,2.0945074639624432,0.8311364075542391,1.8842612349674521,-0.3552039706785574,0.6463589548316346,-0.3950304339125643,-1.2228193223522985,0.7214190591738091
2078,1.447449337893055,0.35058342652171814,1.4829856123372018,-0.7214539115107048,2.5427358695595594,-0.08446571981287286,-0.9705406764881422,-0.614989801852873,-1.1583946177089153,-0.41318665091104767
2079,-1.2548195032813974,1.7047840716878415,1.7129283948005884,1.3429793698833417,2.4342372081779056,5.167856346981409,0.1948192421220563,-0.2633033548070688,-0.9552090107567066,-2.3838176210584305
2080,-0.9587937152862978,1.638401687120876,1.4397300170008591,0.523497460404351,1.6620774891234433,1.9445821013000004,0.17636600252210086,-0.09118825616451089,-0.5113599638626293,-1.8314437885171186
2081,-1.105388486152598,-1.0812142030283658,-0.7310737377955713,1.4542502815487628,-0.5290026515880788,0.9584426350900046,0.910037949920664,0.006411417155004553,0.22977755839195552,0.2004866528090919
2082,1.7508525148909082,-2.244967810046684,-0.7414746522572508,-0.7555767756659784,-0.7817005285058332,-0.45266974099020396,-0.04641175126032971,-0.6038054272118403,-0.8214038549589106,-2.3838176210584305
2083,1.7219197377029687,-0.7231516438489697,0.16102065509249847,-1.9074367088074295,-0.7891745803884357,0.18112850428636365,-1.788490708875831,0.12566434104217764,-0.9366249613403459,-2.3838176210584305
2084,1.2830128590488572,1.5416730696090073,-0.8708297317928921,0.056669258601514005,0.519492383350643,-0.976045456806554,0.3219411897654825,0.19454588645044163,-0.12618341584020312,1.3868269192235745
2085,1.6084505783740464,0.19903905205682634,-0.912753977052884,-0.8259773406902269,0.6870126964456809,1.5588024795332451,-0.11869807055496354,0.4192275459058529,1.085211275246778,-2.168684590315068
2086,1.738341043674502,-2.0823309678576147,1.9131852914386427,-1.8182907262017773,1.9235452330539133,-1.0185126852994848,-2.7200707844783887,-0.5391845959525406,-2.124765187359664,0.2138322941358469
2087,-1.254808555744083,-0.047710880880082324,-0.006634070086554761,1.296060431669841,-0.7907827269701023,1.5183047253119804,1.2368626220302166,-0.11293565129985216,0.9081516773903772,0.6019868791648768
2088,-0.6091189043631253,0.0469510106980414,-0.38379743677026457,0.7571876512950698,-0.27178123313475894,0.15328857278851163,0.7596038218244746,0.1677243505524551,0.1684240541424754,1.0728082500036047
2089,-1.0085524618875066,0.868366026144059,-0.33207464080029014,1.5050629746208914,2.000242562651289,0.22959065119132127,0.9812881641764453,-0.4646220983456563,1.4136378215153844,-0.23403838089764922
2090,-1.0044862337421745,1.5189133949003335,-0.9771760422219034,0.1273523343517234,-0.7286858377548662,1.5399637853812351,0.24977147613580447,-0.20365335672156137,1.5523987238242094,0.18397424913361382
2091,-0.8560612932482065,0.6725488384663701,-0.36420477771415904,0.26046021905898975,-0.6376242584306163,-0.511134197553876,0.6417782627381012,0.49170350031795695,0.03352195193280689,0.8991817597786075
2092,1.6485150964797897,-0.3218786397037798,1.0878349371575138,-1.2425111408432752,0.259495406098641,1.8235794581791203,-1.0346480338870143,-0.18402493854812604,0.5288464636615829,-1.3169667054017182
2093,-0.7921040098436773,0.6758571108998558,-0.29066549805265607,0.4173966796715484,-0.7907074139337708,-0.13861336998600984,0.5738965174372347,0.31579870993973247,0.8982401843683188,-2.3241015310539646
2094,0.06492949080763247,0.41024848150909743,-0.40385509501579503,-0.2763513731985918,-0.7143825047255851,0.044151792019880176,-0.05217062681891776,-0.47307583291342464,0.4984922922660394,0.1019837146036464
2095,0.2217197199575879,-0.12128987799223381,-0.5552316121796534,-0.3687904843651043,-0.11570200081946563,-0.362193896750501,-0.4703663978718328,0.24380842805207703,0.27024042407845666,-0.5503119370046792
2096,0.3656232650428835,-0.5742685734044783,1.5097014206989954,-0.8483218744185862,1.9152304781804705,-0.7875707198048508,-0.6209477879450984,-0.5166720622398295,-1.2838200566789708,-0.34261308999667867
2097,1.7602361183032125,-3.0037184656471143,-0.48845517477961753,-2.02835960865768,1.4240772573831952,1.041805403788375,-2.6463043957684085,-0.5354564710721964,-2.063313930622898,0.8408512391827414
2098,-0.9114751107470161,-0.35550018274533135,0.04913208928436361,0.5441836569173714,-0.1748660000197477,0.43620404597233614,0.5245269543535641,0.15967680677151966,-0.3187021061884339,0.534961097402457
2099,-0.3707683796590879,1.0058498579437605,1.205344173655039,0.5376380291248067,-0.47829457001655856,0.23790258405464604,0.2469248755613227,0.4630140134440798,1.3371721820550926,-0.16977356185971845
2100,-1.2519637779154946,-1.8155974353598563,0.6738984614602236,1.0901732727623787,2.132643574502637,1.0269201085839166,0.32961931846046666,-0.14797515180923165,-1.3249538569421084,-0.044059251422656515
2101,0.14352234323210086,0.5839912664796815,-0.44705336970718856,0.1739879685387502,-0.7754341580637456,-0.1340150980541465,0.1285220337309377,-0.05293616068440976,1.3061042404316137,0.5439148247247307
2102,-0.4532516643993394,1.9216331946065994,-0.26833196278322147,0.44725418580741233,-0.7906987839253024,-0.8847679893718365,1.1530992732341192,0.20726885231193345,1.1658504959639109,2.194415945950641
2103,-1.0565763539882138,-0.37195195038717777,-0.23043339865949852,0.9995706564540202,0.24246059920628224,0.19178355855932122,0.3434883199741665,-0.49513749088477066,0.9950424328837616,-0.42512986891194104
2104,0.573592333357021,0.3766622204587413,0.26142548638229474,-0.7626121790505641,0.39389263757684595,-0.8955897840278676,-0.8108159542675037,0.16037140838061964,0.7963004786364425,-0.9173610679487549
2105,-0.6092175793378578,1.2069161874355907,-0.4133044663670751,0.3491509513610018,-0.7907505639761134,-0.2396889836425327,0.9023680631239323,-0.0988516239741077,0.027515522380439184,1.5972550459059796
2106,0.9415421177968369,-0.06510079615339324,0.6378528811865896,-0.7049721306510908,-0.08956499906324152,1.1611968072162815,0.15145306930319305,-0.23974819085510582,0.6287195807415515,-0.5163883038931245
2107,1.1847084423485221,-1.2359555646287885,2.557827060885384,0.19133270464286128,-0.7907919680629855,3.705869792306712,1.7882477497613847,-0.6522710506563151,0.10036499609257248,-2.3838176210584305
2108,-0.4453034826307711,-0.22728324107454997,-0.22548587904943423,0.6741990248180263,1.0483894377956677,-0.1503491993780597,0.33646541407156233,-0.3557793143987167,-0.18294239964795447,0.3302201244582772
2109,-0.5513972540015407,1.4630631453914147,-0.36590285687428686,0.6794046602531478,-0.5564114587227791,0.22061186691100035,0.6498597990602576,0.27505174595527176,0.7310194194936428,0.33101295805707853
2110,-1.1235016036882397,1.1139808490418364,-0.5915078334215351,1.5498492338246876,-0.7907036726006197,1.3179584196713736,1.0806678822996139,-0.5453981374197809,1.9364690784289942,-0.3236125159043484
2111,1.4228173789357548,-1.0791271810893295,0.01885305123269423,-1.262621210223245,1.866022235855881,-0.9502866460813322,-0.40369441172937703,-0.47720451981681805,-1.9989511728109026,0.35565800789645396
2112,0.7803810657344864,-0.9620913491875129,0.43004530453394524,-0.43343798089344376,-0.7044404691462384,1.0186302095142725,0.05809063274547612,-0.5129634509607863,-0.855400276024573,-0.2114789691181841
2113,-0.27998735144731707,0.484563624944888,-0.5142738582439594,0.342320572670949,-0.7853140069588349,0.030900320387593962,0.18065696142397297,0.43770848573229515,0.47188650721956504,-0.4106498612174101
2114,-0.4172811846521712,0.4036893341752916,-0.49792018878067806,0.630664580642008,-0.7907919680629855,-0.20389137047251402,0.5768459311272381,0.861416690113071,2.208759817285003,0.5422707891604107
2115,-1.0053620367273233,1.3153407488949689,-0.2832620772773289,0.8823207037871503,-0.7364179262671222,-1.2457523238594168,0.6356168797080433,-0.6183036906354016,0.037592206952865505,-1.2691172743083956
2116,1.6476328773555562,-0.3530698498881299,-0.8670545607940283,-1.6129137375672251,-0.7905861947396755,-1.03638140985662,0.10577799514384746,-0.6547564672432112,-0.5141475712750829,0.7811351491782753
2117,-0.6190211145448761,-0.11093914109698635,-0.08492975063679904,0.44399054551272277,-0.4259082627238213,0.02138376571296742,0.31765891842950633,-0.37266373713562423,0.21355149020945116,0.15587153517751262
2118,-0.7046837802118866,1.2190555722015342,0.007305596520681292,0.6771143631179024,-0.51786885994071,0.13272545663571592,0.7456256419800148,0.9299779775964547,0.8305679309306713,1.0414449428777792
2119,0.5076553905857007,0.7663031098723473,0.4614644446325915,-0.4535361109165652,-0.7907021246240284,-0.29394944142019624,-0.14405674843687757,-0.06263185517131949,0.947746027119123,-0.21413301756282746
2120,1.213484826146256,-0.4831793236393849,0.6093641743238452,-0.9462382791335691,-0.790361063758642,0.17663424932199331,0.08269805685807341,-0.4682259523966557,-0.10356397283629068,-0.43707308691283403
2121,-1.1189661953722925,-0.18047565001401605,-0.6983854753945686,1.1510382590099284,-0.790780220276891,1.6590886157621358,1.1168991009968139,-0.285672104089134,-0.5785722759184662,1.2588638692140044
2122,-0.18686158975002123,0.9015572184275424,1.439626996040974,0.956964469126811,-0.7907919680629855,-0.284270548951748,1.1286346628370378,2.70801217482727,0.9031959308793482,1.2290058242117714
2123,0.2734183752044539,0.18619650328497517,-0.09551584749024436,0.7207799627975255,-0.7821823305866068,-0.6216497896396084,0.5184701193087301,-0.3162427281079566,1.311098920978083,0.13402988294806076
2124,0.9688855638655127,0.8086218800337895,0.42700140205310394,-0.8238225039765249,1.456502144692655,2.1926234621347778,-0.5920843303708594,0.7478469599618445,0.13670713717345462,0.10435279579432505
2125,-0.9280082826940427,-0.3641001307508436,-0.20726951797826207,0.8840539762511018,-0.44783010682694424,0.12106113802316745,0.7050327896435029,-0.4174817996103761,0.32639277097333697,0.5597847998165588
2126,-0.859919153630087,1.2430612146363174,0.13638933763772768,0.8107185029403672,-0.7630733255470811,0.7122685644677923,0.7026186151623394,1.9065672142484376,0.6644539236672238,0.3674790960888403
2127,-0.06411517197813085,0.42778399820997115,0.2527424291630279,0.11178613633982264,-0.626919423139834,0.018540438916864063,0.16258157136525445,-0.3132639797072959,0.8580878765873114,-0.380613448729463
2128,-0.9680555403787631,0.8577448446133454,0.41188673035222745,0.7614688932372229,-0.7627710289478968,-0.7775556420290255,0.5964735030727133,-0.43637119647460393,1.1929419102242051,0.18795532180057842
2129,-0.6822339824483219,1.315586390060083,-0.7735141781191699,0.17979169525582175,-0.09343280413167834,0.06290720909981937,0.4390039365627165,0.9005888773892222,0.16278232841407628,0.8427647607176073
2130,-0.019520662230586676,0.9878543183645994,-0.7165382968389257,0.43445811174918475,-0.7905903102061417,-1.5399545564667934,-0.24107305480055627,-0.4509523071177275,2.3155836865227495,1.1394316892050722
2131,1.1917648499942266,0.3662177736239038,0.09555691643389402,-0.7670629391866005,0.3496434905787673,-0.2597932409514715,-0.5556931780890523,0.06311665637537242,0.8399174360955862,-1.0559059065163054
2132,1.606561567035545,-0.3869248660172822,-0.36630214569899217,-1.8590216142425053,2.437900836717397,-0.8081282383575502,-1.7402273152369503,-0.40436986470255526,-1.0625962255380152,0.8693312205694865
2133,-0.0059993365517131405,-0.36315365021044516,-0.32834153354866114,-0.05705331068740007,-0.46502558886325795,-0.6112553160496624,-0.6105951168018356,-0.2459054386987958,0.6935914522557106,-0.3730915619080486
2134,-0.07700808377239086,-0.18025922647012693,-0.17318381094235588,0.07579391748903387,-0.7057581764959202,-0.0692114636656809,0.46799359145215547,-0.37647634614334435,-0.2489271523194352,0.3474957877388611
2135,1.4568329413053596,-1.1197863916365964,0.3303606975127478,-1.459574116769465,1.8823905683919064,0.28373830136445705,-1.9052874909999675,-0.5951064691577038,0.16478970073595575,-0.23403838089764922
2136,1.1805853032246316,0.4882783720688686,-0.3784741760472304,-0.7436577023326455,-0.33218369354950483,-0.1889253987279263,-0.32018293391095337,-0.37981264063342396,0.782810297289118,-0.8792267358013695
2137,-0.07550949592400506,1.354616993097091,-0.5050890974564389,0.2762844185294277,-0.7806130383165831,0.21731718381874282,0.46996849293948173,-0.009065949772484597,1.8629588385153912,0.44274397248630104
2138,-0.14046488398918136,0.05296906904648396,-0.08490006188433959,0.05341946201529757,-0.772321056180489,-0.3463598544836115,0.5163053343324304,-0.38073928853791156,-0.034266117457062005,1.328532640885881
2139,-1.1999779714985235,0.44351876491547176,0.35149848523069677,0.8311364075542391,-0.7907919680629855,-0.9399985925484363,1.0543094378489517,-0.6013200106249441,-0.9155630386684708,1.0199995091961398
2140,-0.154275462966891,-1.1961261338886084,-0.09392980499221071,-0.1266497357040937,-0.7905115551433112,1.156237437820937,0.12063372620349645,-0.5869253062258377,-1.0079877110991706,0.5920341974974656
2141,1.5256460329955939,0.3196049803904674,-0.6014154559909917,-0.9247693104358762,-0.790682184877222,-0.8497525089265417,0.36656825825994055,-0.3879884202496927,1.1922811440227346,-2.3838176210584305
2142,0.23583945827017214,0.4797972649256409,0.3277690474019989,-0.5785170249936147,-0.7785246921594501,-0.9060162148889841,-0.06878323889936185,-0.41738143021900975,0.0300799245432893,0.9622739555251558
2143,-0.21496675742773658,-0.30067336536464334,0.22873748450983578,-0.022470408876010692,-0.6624322725481685,-0.13800491281137697,0.21105781513224042,-0.5563621302944889,-0.4792138983802162,0.9733248641351779
2144,0.7468069497743006,0.17467010741925632,-1.3629499135452305,0.5853451516857845,2.065248226151504,0.38336997768303005,-0.29551302222604053,-0.21110960648225105,1.42974399767623,-1.5851149172486958
2145,0.3314261053896106,0.8252174761755309,-0.3066997859116851,-0.29136364455361147,-0.7704341085701806,-0.9537159972589646,0.5731824488596546,-0.4830556046984702,1.400422497485973,-0.671956374263734
2146,-0.02928746854724109,0.2153293179665238,-0.09436434211787961,0.4995048215451753,-0.4337464461931469,1.1843490928691582,0.5645592946238815,0.09591701126776445,0.3464797571965737,0.411641842275641
2147,-0.35332001171044164,1.247101238093094,-0.4265363702764113,0.07662504076374982,-0.17138074255475075,1.9011286120360582,0.27823220944219923,0.7816367902265526,0.5834617854445349,0.9912078229439863
2148,0.0509698059952952,0.9668469978422766,-0.494517514568804,0.023513121655829826,-0.7841338823508868,0.26593378649293475,0.36781383114289745,1.046297595999262,-0.35884949219506324,0.9498997508627718
2149,-1.0247498907209613,0.17467010741925632,0.10914035631962701,0.5389593832247102,-0.7898387886160819,-0.3237306490154216,0.21738225685058277,0.43711810708760035,1.0834612102180452,0.19890327163473034
2150,-1.0470269453864156,-0.16882005333639274,-0.42126436588072447,1.0923143561662898,-0.6697005974415854,0.20996071865979615,1.0355387924560513,0.05858922577217132,-0.028497482384338992,0.7839017018364529
2151,-1.1327824566431797,0.7488777339235186,0.5554165882892805,0.8887187408162639,-0.6650644675205549,2.1139288772164853,0.675139023154089,0.3891184992531687,-0.7173331782272917,0.12425815912914767
2152,1.6023604639129019,0.7320952600218049,-0.7229971000211474,-1.8317114405240178,-0.5419693505902002,-0.03486958789288072,-1.9706724756144052,7.923336540740069,-0.6164172894856265,-2.0847484232756464
2153,1.7552836609467186,-0.6484714612111321,0.38645693095168354,-1.6165392918837227,0.8776355968894728,-0.8326057530383821,-1.7168044329788004,-0.15197740351901276,-0.8130616816653444,-0.1494405867246552
2154,0.011758015810429163,1.7977194100815943,-0.6325788560957003,-0.8750068002094357,-0.7542765565083323,-0.8750214123406719,0.109689849090589,-0.36147730998946637,1.8745222470411258,0.48255469915594457
2155,1.2956563113826716,-1.2974401591115199,-0.019489609569077554,-1.2650863354513766,1.3725508591719118,0.14464935449985244,-1.5412340855127058,-0.4258905862653851,-0.6296905700858075,-1.551174911575468
2156,1.840344695761563,-1.3360550828241147,0.9962730654692654,-1.9948592951819635,2.4736654308512374,-0.3828349135685915,-2.1988153679934044,-0.5175915718010354,-1.6451473309369313,-1.7640172734461497
2157,1.0852422461780915,-2.336221461364741,3.38313519079676,-1.5147251959604262,1.2986178857165926,-0.857260983083883,-1.4110402680591383,-0.47754626459751626,-2.1918990334290767,0.10833386846128966
2158,1.152387141706139,-0.8951926571850252,0.21558830403262647,-0.4897027924561391,0.42638841709212266,2.511372629487312,-0.7746996074719146,-0.4952755695840425,-1.2393384773890632,0.004825979120215374
2159,1.638249273943251,-1.6076969182038026,0.9930813246377751,-1.9541423791199601,2.527770536955194,-1.1121881200990116,-2.0621342063883596,-0.5267575130180598,-1.8868893548302488,0.7214190591738091
2160,0.27449891135496185,0.36385990343511226,-0.7631037707069592,-0.9603139605976193,-0.7907919680629855,-0.8533623522714171,-0.6326310069934331,-0.5578252203542616,0.3085063495558108,-0.29375447090211537
2161,-1.2530922946799723,0.06513917288376135,-0.6661055746305926,1.3856329500774336,-0.7899239787719322,0.002170520464146298,1.209479644403027,-0.6559991755366593,-0.9849434898228836,0.6019868791648768
2162,1.0220593165352396,-0.2933257037778597,-0.6535634331553587,-0.21814166522042064,-0.7867513282598066,-1.0926949660366825,-0.7727126340386486,-0.5578252203542616,0.7842580146146401,-0.054890110884250776
2163,0.011758015810429163,1.7977194100815943,-0.6325788560957003,-0.8750068002094357,-0.7542765565083323,-0.8750214123406719,0.109689849090589,-0.36147730998946637,1.8745222470411258,0.48255469915594457
2164,-0.5668757023305137,0.9133202389168,0.06295833910696376,0.5679507248073018,-0.7693279406987014,0.5327634914800051,0.5331101638824968,2.004075065836119,0.6452597772909082,0.42251046827569083
2165,0.5944754434537147,0.480937224327283,-0.9167187349013386,-0.7415218285811891,-0.07603701280416636,0.35348348299024634,-0.63893990636455,-0.3025522250751378,0.7920529908976143,-1.5249841321747544
2166,-0.8081603979047323,0.8030900146532088,-0.28980610953258973,0.430192753729776,-0.7907919680629855,-0.4255959159036355,0.5865013801545125,0.7358341131251808,-0.33408878137434544,1.109573644202839
2167,-0.20292540458052513,1.2406336187511402,-0.141542498377198,-0.07884479481376741,-0.7185017816415746,-0.4074747511526635,0.23153087339724382,0.17323541630317474,1.283390357269255,0.34294455478857966
2168,1.7927659434658696,-1.960386527408097,-1.042590125247979,-1.7162207087973156,0.3107671428396361,0.27377513373260104,-2.841673558594236,-0.461950275514743,-2.031027242103541,0.21681809863607002
2169,-0.4922069497936407,0.8461832459679315,-0.18160856654359306,0.13184873259718402,-0.7539014504466037,-0.0902775675981231,0.41534069443163446,-0.4887099274336589,0.14930299288898896,0.9463496648572987
2170,-0.3890068274684375,0.6051516461222727,-0.3738825629795657,0.21283508714117041,-0.6961421053514695,-0.1919753466732903,0.6580176508239021,0.027296182072820308,-0.0657804789232511,1.2436905297276686
2171,-0.8154720495524699,0.42927421156047707,-0.18740191059928166,0.6676843337854632,-0.7867686581149625,1.1003751120589849,0.7605563721010807,-0.6210169370760961,0.8537210615442367,1.3633670267218203
2172,0.1263161741356498,-0.3588783085377392,-0.07941309511918042,-0.3322399922396159,-0.7907694452374159,-0.27831430743270424,0.19947621110627234,-0.5631067306014159,-1.0933504447516533,0.4974837216570611
2173,-0.7957509514002081,0.7500752398475308,-0.32410334069809754,0.7170533118233197,-0.5457632877864843,-0.11432667907360251,0.8744380773608541,-0.012252161787926274,0.05917129456182731,1.1210076956107384
2174,-0.9021880910743217,0.43380337866762475,-0.334985607561792,0.8821552618769071,-0.5222499446856861,-0.17684597500035962,0.9777858089041523,-0.20843486301122158,-0.4515918923544318,1.0454250443590962
2175,-0.8887186331993684,1.3199875158146577,-0.46418378883911454,0.643745011901529,-0.7858685607028065,-1.0175199783796447,0.5327506441386921,-0.19536863476524163,0.6316210220749324,0.9354017150231458
2176,-1.0789910097222122,-0.10886836015998373,-0.4404612542666559,1.117764435908523,-0.7894513808139194,0.16601035160286726,1.1235431834975063,-0.19451448768981927,0.19679367495761835,0.5809876510888804
2177,0.2991308703122619,0.7887071646636987,-0.2252273768026073,0.0836324146527793,-0.7897707992393936,1.5981725093173569,0.24851409451006612,-0.28054593237866077,0.9837268116835767,0.6990255254221344
2178,1.0597862143570185,-0.34872946320490467,0.06823059091126947,-1.0986559263902107,-0.5788543033793733,-1.0437038382415724,-0.256533475371386,-0.5601242306971406,-1.1057169383530223,1.1665336069763301
2179,-1.0162017494876538,0.8162189751564531,-0.05512630006074578,1.152933973685222,-0.4342348333273207,0.30924786100158114,1.076689795905097,0.15084989578939098,-0.16361110139493118,-0.4198217720226552
2180,-0.7670080838287691,1.085630038966361,-0.470888340077171,0.8255381251537648,-0.7835205826382888,-0.23208575109738752,0.8685701107209854,-0.0907481303105821,0.7489483207235559,1.6457743690346083
2181,-0.5292067209089393,-0.4957919767071083,-0.4640259994714956,-0.13176816532738464,-0.7839036592985177,-0.9795263771748263,0.32656489468552546,-0.6597273004170036,0.09788712283705746,0.10932913662803113
2182,-0.15808520595228673,0.7827327500526716,-0.1531499509224294,0.7063035961861973,-0.7818925836075893,-1.0900597803949235,0.2932365199884868,-0.40447501694277094,1.4998678108072967,0.7492865678425601
2183,-0.9909601855794522,-0.21786010647270448,-0.3937200286252492,1.025892322385397,-0.7030961149600309,0.18041702231863666,0.9537813186006074,-0.05734845686411833,0.05953278091822991,0.5594716044782886
2184,0.12927647759310257,0.14953963326176176,-0.2889009339192407,-0.08530622975882024,-0.790307411972303,-0.0764209260728644,0.4978947836148304,-0.6199606350266665,-0.19839572214377635,0.4228386091514784
2185,-0.44487318229807116,0.8322675301815924,-0.19543965057987056,0.04416040316951132,-0.7643675005005399,-0.2793936269819733,0.5604747531111327,0.5563651498439173,-0.19499111434458707,0.955667049772974
2186,-0.7566760292593063,1.110176502469796,-0.19438274568885286,0.44913313507465613,-0.7095512189092491,0.024469394458102433,0.7574818781822165,0.9619499835391534,0.201845949857233,0.8980721247378307
2187,-0.09055555849650902,0.7352567818765361,-0.21681110580904506,0.4435877486332195,-0.7593818737751679,-0.6636716959328923,0.5138485320543108,-0.025389456807759888,1.2034391373882272,0.6705923301457913
2188,-0.5390879873327208,0.058064249197908674,-0.13105479926617086,0.42687357335162945,-0.6833852973900266,-0.1547117172862605,0.5783006420659886,-0.38663960519066426,0.02655272489848367,0.6366746303660158
2189,-1.1270986516629566,0.20454218047439102,0.14073345068436952,0.5922763584673248,-0.7907653671842813,-1.1804141593171642,0.948130545008828,-0.7181345902090628,0.38779829373228253,1.2588638692140044
2190,0.30041500425951995,-0.19667262535318863,-0.4230957364603526,-0.26136330556047993,-0.7091416113288354,0.3096723142705694,0.11440751336833099,-0.521002019541375,0.1867188208335687,0.0368812788079088
2191,-0.13163947716998164,0.42856022460900883,-0.1537566719577905,-0.1309853609026662,-0.7761143843504017,0.3139914898378366,0.6165842128462576,0.18430301128315935,-0.3853339478721355,1.2172758779608943
2192,-0.3729590850879291,0.8469610939775682,0.14820077212834348,0.2373811616279115,-0.790752219070636,-0.7389818874294963,0.9730728907275552,-0.015767698069293668,-0.38105037926457663,0.8122118898948846
2193,0.10225883055952768,-0.48525377315710255,-0.23554488190904221,0.0577677575517509,0.6578267739834841,0.38287362422310905,0.25620016309801524,-0.48142282407957854,-0.3586541415102677,0.06371267898573121
2194,-0.22747914269374328,1.2322521308786492,-0.056475258270522924,0.2280147836097805,0.017090062273651105,-0.4059222696740631,0.004827326150003096,-0.5863039520791137,1.225402049871448,0.9423685921903341
2195,-0.16781238796622489,1.5822216731270744,0.11252103869394972,0.29518324345694863,-0.6292036306996813,-0.7987765158698444,0.35359988878069637,0.2579424454166792,0.9544040852150479,0.34413901818502396
2196,1.3475730080360666,-1.4327395393076683,0.10181032876868615,-1.4932171281475548,1.1093448040576446,-0.12714912451121455,-1.3459194630682034,-0.11022515234348018,-0.8936357566887393,-1.1240290105624255
2197,-0.6045943404939713,0.3389665092224995,0.6905827292215136,0.2691754884970789,-0.26959991900245556,0.057617714241438356,0.2938636584783612,-0.6323877179611459,-1.0295452084221488,1.0588149676990437
2198,0.29639398598367295,-0.5190258113055467,0.4368738037815728,-0.6489428251807488,-0.7781088486807852,-0.9724871826523185,-0.49906913652611967,-0.5888929276904634,-1.0444124479552372,-0.53261883091998
2199,0.00842162348605399,0.8811999538270052,-0.382879295089439,0.324411874848428,-0.7850467768761697,0.6623386713750307,0.7773005040838289,0.05342156558306219,1.7245283193072998,-0.17034121822621803
2200,-0.01885674540762835,0.558047160674489,1.1406069632914884,0.10131490566204654,-0.37070810773255675,-0.005379901223943587,0.1276093802863215,1.0256968307899998,-0.5443002398516535,-0.23211838160569997
2201,0.34127858863929766,0.5669285350391347,-0.5059053942559163,0.11221426278839505,0.634818339825839,-0.7779216400348254,0.331146144803665,-0.5780019702853849,0.6337914555005968,0.42068219479020685
2202,-1.2549399418311942,-2.334584029212089,0.5713452136253505,1.4922669005626639,0.14267065313434907,0.3703745416414762,1.07433440448108,0.08341225906494322,-0.8660055735581765,0.6318449241671099
2203,-0.5922541480010822,0.11133192513445113,-0.38275772982312595,-0.032809705055869415,-0.17036547666677693,-0.22156702310529428,0.5501343096752274,-0.5554910627061146,-0.4127474912744076,0.15529243014662042
2204,1.8040262675606347,-2.1122030409127506,-0.3382664646456878,-1.4465647748102668,-0.7902345094234728,-1.181497112320627,-1.1979870416772487,-0.5540970954739175,-2.128729784568487,-2.3838176210584305
2205,-0.6659692716159815,1.088194389445397,0.8089854376277483,0.25254294459885884,-0.448690726710322,-0.5487255986067049,-0.021392421600579706,-0.2246869739752873,1.205266710997154,-0.16062361364055242
2206,-0.8067924770517383,1.6106870415641665,1.022934949718305,0.5761746319440553,-0.6370976654961622,-0.619742315599419,0.04743548770959005,-0.2472102824069162,1.812327628327705,-0.4624524251647324
2207,-1.2541425388525556,-0.5256640497622441,0.18774270714883082,0.9150217819359533,1.4178417021313756,1.2475664744462955,-0.06292846792434927,-0.3544352963265949,-1.2112559138265633,0.004825979120215374
2208,-1.1059966726282877,-0.4446932556918794,-0.18505324314655383,1.0336079621434835,-0.6957059310485164,-0.1492223474105703,0.9372909440384343,-0.2721491859684723,-0.3017130790197273,0.5720897554547697
2209,-1.067433322496795,-0.8384499310920299,-0.2830927762020698,1.1041277272888113,-0.164231207812162,0.4210480758796694,0.6148661063297872,0.03887451419126954,-0.3422697887335415,-0.05407816479951374
2210,-1.2549968742383417,-0.503536588239921,0.458848086472948,0.6221338646031901,2.11747100138549,1.2547861611360462,-0.7479375590426199,-0.47456376469324085,-1.2096039983228863,-0.31365983423693755
2211,1.727080719579736,-0.45269321352700576,-0.2880210292592996,-1.551519240575354,2.61550479934829,-0.8027342993595341,-2.4997961515249747,-0.53551860648687,-1.4461748176043971,0.4011915265248596
2212,-1.0214792444401242,-0.23468793074370556,-0.24357992976605713,1.5150154766661788,-0.7883204018130061,0.5592896766899778,1.039727950518373,-0.01262147627873864,-0.5235084257959166,-0.4795378620271211
2213,-0.7970444078874863,-0.11638875232881173,-0.1607661629354745,0.4593922598765815,0.13433207257631125,-0.07366771811232052,0.07620442778680264,-0.10725757080842145,0.37618997891277467,-0.3538425493710287
2214,-0.3673071089161316,0.41719196124627844,-0.06278034040126397,-0.04799123225124894,-0.5681872382476065,-0.12861428747206025,-0.2540366356824149,-0.28987716215803216,0.24937701405158608,0.9978168373441987
2215,0.0809662810372707,-1.1538455838879784,1.0700365948173576,-0.6088802316925082,1.7892921457382833,-0.20584460654102096,-0.642024024593748,-0.5034850625083355,-1.5196915162785416,0.2807918463967623
2216,1.6673618949499824,-1.5382835684773684,0.2684350883982995,-1.6379447149734503,1.2033931431109728,0.029411722125811307,-1.6916405799914018,-0.25519399492936956,-1.3922469493953151,-1.8097072102941787
2217,-1.207050640388204,-0.5321854416746777,-0.3168570191203056,1.45226992026765,-0.7524520047000972,0.15441676858836845,1.1532025739934069,0.07994361294434044,-0.3539332591762915,0.7388108625977288
2218,-0.677670410089986,0.5623179167220492,-0.39964477353528655,0.5666800299923683,-0.7407272374744941,-0.10456909555074065,0.8645753497952353,-0.05560337697130633,0.21483675626335644,1.0565729724473003
2219,-1.1357354888627975,-0.9566840974490349,0.3698120359658375,1.3242287644992332,-0.3806937002823223,0.36377273759652196,0.7870244346491352,-0.11141459873802763,-0.6619039409989782,0.45839702145443745
2220,-0.8851445998546535,-0.21980653343158818,-0.40667707552248694,0.7475660915696656,-0.533456647849335,-0.11486647511622733,0.3249823284697643,-0.3794470328507131,0.6527890048287055,-0.2559232107549098
2221,-1.2492472849850853,-1.2508916011563558,0.6294226193697676,1.3898983080968432,-0.6759994489879076,0.061462197403731315,0.22876854601699054,-0.18905153427354643,-1.5498985920802442,0.22876131663696342
2222,-1.0158706232653032,-0.9224831930625557,-0.9233438729265381,1.2878654151047721,-0.4782340999234816,0.6882413028430407,0.822490696224664,-0.11398274810266537,0.5848809906292417,-0.12096485862067351
2223,-0.28258300084374727,-0.5531974203457122,1.071568862492122,0.26364067868617747,-0.6897758185884257,0.9579735754356343,0.2948207218976484,0.08065981951653145,-0.2330572661111383,-0.3443447174084632
2224,1.8198890257100078,-0.19564876648646448,-0.3776974540170679,-2.02973061659249,1.9772600875802981,-0.6626852698760141,-2.5983243096053146,-0.07157121810365238,-1.6542878525161435,-2.234527396047265
2225,0.5229768310723928,1.39856055362478,-1.2681304274139886,-0.5721776347801806,-0.7848934340729493,-0.08578612448832837,-0.0637657138761143,0.6523572298817949,0.9779839147355912,0.169709481591969
2226,0.05554816506785116,-0.9173201187073483,0.9460333252482279,-1.1295064953675173,-0.7865887049788395,-0.716549289500625,-1.2117095769507387,-0.598834594038048,-0.9552090107567066,0.024731342455037567
2227,0.9563740926491068,0.8086218800337895,-0.44425654142586574,-0.2863873935309677,-0.7907919680629855,1.1067825839961394,0.5107480180112662,-0.7429887560780243,-0.6875986991611148,0.9005673291872076
2228,0.42534182909184454,-0.004577765499922913,-0.24006481349403044,-0.3261843810185309,-0.23190806739024625,0.16470315939007024,-0.20809882103454508,-0.32559101265852847,0.6535592176561654,-0.1566091346546084
2229,-1.255017559870753,-2.4972208714011574,0.25767016484310035,1.7695151718242608,0.8778426173238331,-1.0970267780505334,0.3878040368279654,0.09583934199942394,-1.247598054907446,-0.29375447090211537
2230,-1.0123445421625332,0.4326845385338902,-0.12916965567834623,1.0393541447451669,-0.09678205494233007,0.2948152196545413,1.0633263677971114,-0.046210222507971736,-0.5242771454211457,0.7289552683209481
2231,-1.2527248804134603,-1.4533156307499706,0.647857699032842,1.6458411160514923,0.06744341645590954,-0.06305278542622247,1.0750448886037447,0.3138273226923985,-1.3344004329213828,0.4894491931837326
2232,-0.9561835857845408,0.5208726178393288,0.1777335850172242,0.87738644706662,0.37393730353936727,0.7181795829390529,0.7191014987958096,-0.10761196269183128,-0.6511839347429973,-0.45035802646805007
2233,-0.6293320283338671,0.10801951119747401,0.02691661996617185,0.5879291400414818,1.1458036440978776,-0.1816306698457805,0.29071009079450433,-0.49463287600197603,-0.23660574343920576,0.2315058440058563
2234,-1.0291022451379763,-0.9134988039218761,0.8846586417140503,1.1346858107481437,0.39595670059116983,0.5040806239434626,0.6546115774375991,-0.06737861492671911,-0.777323430659883,0.29020478309623743
2235,-1.006672776365503,-0.3305400708835829,0.034205455605491236,1.519927101052165,-0.20477262390033996,0.13488148852485318,0.9889876862303492,0.7654708230325636,-1.2248616906113894,0.6454167628044886
2236,-1.0633706287621434,-0.5568923220719724,-0.23709105248213838,1.1206017190569146,-0.6030854613624135,0.9421338029351134,0.7879195093235426,-0.1166599583359775,-0.5134816666267694,0.3159275447886435
2237,-1.2549324193091254,-2.0856500870859636,4.909357075590337,1.3813675920580248,-0.7868635682543395,0.5436470221955154,1.2709516349946774,-0.3304096026532646,-1.7332612129883347,0.24369033913807997
2238,-0.9879736238199789,0.8898612744800293,1.925028299220297,0.931270764867036,1.71575871619115,0.9139138109984889,0.468924001324451,-0.231703058202247,-1.4208603924502008,-2.150640507707658
2239,-0.3779649471785468,-0.8099533342609758,1.0135634376997265,-0.031872784806946934,-0.014278116391033468,0.11753240408102837,-0.19050464556657884,-0.31447914821610556,-0.33622223638410653,-0.2536980967264559
2240,-1.2541208184172128,-1.0185532551719723,0.10428076078453692,1.2752668113252212,0.9748927992631466,1.3154766523717707,0.6654214812070254,-0.17828139573033064,-1.0896336348683813,0.33326447414477917
2241,-1.0710622076510696,0.05445382171463223,0.20267355423643027,1.0156273597537508,0.41511878833973775,1.0083775324461557,0.7103693660772012,-0.19486119554541628,-0.8345332793821316,-1.5807556426783698
2242,-1.1245604763075798,0.7916706639747244,0.13823038098870216,0.7887874957901057,1.4890202869578897,0.198997228843499,0.33705305411926334,-0.07117177615218764,-0.6055987934982595,-2.295309844801811
2243,-1.2380345131694637,-0.24648924355561141,0.5860516757791938,1.6306540718590514,1.349047273689787,0.3673061747983321,0.8229408698931382,-0.030364589135192004,-1.4728092019086747,-2.34732445494459
2244,-0.10397309294132943,2.3619696789008127,1.1148045510865487,-0.1968148751233747,-0.7907867301965739,-0.8208737621675349,-0.5501095165931263,1.2105486812223438,0.3134620960668403,-0.6520510109289123
2245,-0.9018083822432928,0.7258989797842956,0.2304374860656968,0.8263392902843946,1.7370769048795451,1.0044590914246037,0.27181750160028995,-0.26451850215379763,-0.2310890091246732,-0.5656390903884988
2246,-0.5967065543439755,-0.3571899824894072,-0.4693163099351474,0.5419786373951709,-0.39340531244398486,0.09200643413029985,0.2040209064038291,-0.2304625815931855,0.6539850316816072,-0.4522321283312574
2247,1.641377141747353,-0.7115347265497506,-1.1273119210943536,-0.58922781290902,-0.79065316460308,-0.625942221544242,0.7892347632673798,-0.6907950077532053,-1.0493681944662665,-2.0255210810316338
2248,0.4483620948850745,-0.2927033689225451,-0.5985254979359601,-0.2456176797954482,0.09770708767594935,0.433826563036032,0.059210375065681484,-0.419447062903208,0.28378268085078573,0.07159188530576527
2249,-1.139610122879363,-0.9438730725341343,0.8165509475301654,1.2192839873204755,1.5924372491823136,4.669697965388549,0.7245960337664624,-0.5168158466704753,-1.4111376897714187,0.661702969169343
2250,-0.8303158799403083,-0.8583451653071383,0.662070963674119,0.35591459050606455,-0.0838442856330775,0.4064626612521065,0.016400559357064196,-0.2532393901829857,-0.16306046289370538,-0.6709137123747675
2251,-1.0674557235508266,-1.5379539254181331,1.0140467503651471,0.7706216406538716,1.663018668244265,-0.44041883513853175,0.3609915379013418,-0.3252057616744508,-0.7823773511845536,0.18770650475889294
2252,0.9044176290663586,-0.7546309859589315,0.10643559277077544,-0.9877274497115381,-0.19647595364661594,-0.06030460044042303,-0.7154930459875688,-0.4369400709236264,-0.3684494918686172,-0.5722010359457342
2253,0.4760031061125283,-0.2984150199279933,-0.5354174701227641,-0.30171898596739993,-0.5166890237453147,-0.6694167682276969,0.12565083412249187,-0.3580460543125571,0.6293358722948466,-0.3236125159043484
2254,-0.503586485177605,0.3537696330948077,-0.07670858667438633,0.2964910389431369,-0.4370593000197851,0.682522563310164,0.32273924466399057,1.3685732300245947,-0.09491419620737894,0.6022801210428714
2255,0.30219948571605876,0.19110182341476678,-0.3507091004050113,-0.12363660705187086,-0.02509940850469689,0.6991830282135783,0.3474719507200251,-0.10790689597518757,0.20445948911749645,0.2682215044855361
2256,-1.1118161398015407,-1.5731780782289795,0.7225820959870336,1.3082877913254816,0.3876299466138406,0.7879251213432599,0.717442929406707,0.23957926794158338,-0.3015460459519183,0.2516524844720088
2257,-0.341649660242824,-0.40811296028618976,-0.1317326313299489,0.11094516777427897,-0.39690046594069767,0.2946059062449091,-0.023334785351845758,-0.2573032386262463,0.44552771738513575,-0.4851438839495947
2258,-0.26831120191715946,0.09982583364363481,0.23772162626115978,-0.03592576848164578,-0.21033730974516612,-0.13577746379070635,-0.11929216576367757,-0.30614120466632805,0.447654585899622,-0.26259716141444217
2259,-0.9509681549583463,0.4307954745401371,2.3918884711833908,0.9146663354343364,1.9537876760252364,1.614868034787407,0.4449139998044001,-0.3283384221641853,-1.3429135794695797,-1.716987949341892
2260,-0.8804349966315062,0.3598769603610932,1.5180233049504077,0.45151954382682197,0.7403411413549175,1.3105943392478268,0.26437573087030575,0.4818245379443948,-0.08398877411772364,0.6019868791648768
2261,-0.8700113578665114,-0.4027934169947196,-0.3594019779172652,1.2916619222625245,-0.45839868204771483,0.28301423172845686,0.7438505882456465,-0.059571850378107236,0.6795632809149651,-0.06631726390979695
2262,-0.6337932697983673,-0.15270770033566106,-0.10813786563027228,0.48917718512840824,-0.5745798718019679,-0.05352463030605619,0.17177929801553474,-0.3253178330156401,0.8051428714442372,-0.272420739770869
2263,0.6061093408428374,0.7187386802739515,-0.40200093852874536,-0.0009314290580454927,-0.7671957785188924,-0.3826036722428525,0.18681252098161344,-0.22228298814802758,1.9234090537161437,-0.9253252788760117
2264,0.06911203780196315,-0.11184008608360427,-0.11308679393657309,0.20820453129781247,-0.7727020138646059,0.303933007422039,0.49680181491793357,-0.3936381902131756,0.17678869553074822,0.8383609326495557
2265,-0.5349032566421166,0.3266646943047331,0.49070966986758957,0.7892839924907779,-0.7906991047099781,3.548537921570838,0.5575365114755412,0.227083145657466,0.8728452611094186,0.3087777176614671
2266,1.7926027503630462,0.35289237902839576,-0.6606768179618682,-1.399794196875702,0.3731045347098238,0.0153542961584739,-0.04995914676482802,0.3961425026509181,0.5261282615618884,-2.3838176210584305
2267,-1.1446147113659255,1.4525310103333666,-0.4336480241207816,1.2662029255339766,-0.7898454107757593,-1.4273274441066686,1.2033324453438619,-0.3130116865449916,1.3442573703609717,0.9602834191916737
2268,-0.10607323275265487,1.0523400633725104,-0.183418037249266,0.5459667571137397,0.17546236925133699,0.07333600354883983,0.5663655333084737,0.11341478786390348,1.0978859723840777,-0.11460620088871692
2269,-1.0433528567946495,-0.6121501691565555,-0.669673321942729,1.174504728970085,-0.4008777499872872,0.39275775258804063,0.5677396741021458,0.011286072526507818,0.32600697399843853,-0.1093004281075148
2270,-1.0665653096713297,-0.7359958976806266,-0.4893630882263395,1.3864992916840417,-0.266458739903043,0.26424707255191204,0.774865550931922,-0.061071634908895576,0.047161863593363516,-0.12086975521807414
2271,-0.8078190899736868,-0.486929051492144,-0.49643567268522226,0.9567322180626631,-0.385356684729766,0.24323557238274773,0.6604848521514683,-0.09264144800914458,0.3706145467162805,0.012373705971881106
2272,-1.2393265484741212,-0.34643161143143325,-0.9301879182620338,1.662881221339031,-0.7907846350500094,1.9839745168009577,1.1904792109474258,0.2536632952673289,-0.5884837689405251,-2.3838176210584305
2273,-1.2459150892166808,-0.8217294849309148,-0.31341675249618917,1.326771009409587,-0.7895505188967903,-0.13254883316661845,0.7666205218800274,0.15176121520458583,0.5711609146403723,1.402182485224723
2274,-0.7232909181534427,1.6151678525224358,0.37444838521739265,0.4735572269271027,-0.7593756818155075,0.18410662504588615,-0.10546211798018795,-0.25108338992149637,1.6102157664528869,0.08444743245950329
2275,0.6154365020020341,1.1538102797820164,-0.5534376263994056,0.8524631976512851,-0.3156426578743623,-0.6367717515788693,0.6040736764549537,1.856756993815341,0.16478970073595575,0.7214190591738091
2276,0.3510665086428653,-0.28170878647864034,0.6058779274309154,-0.9128049811914334,0.4901709514874726,-1.0385021928217353,-1.1998575908859095,-0.3895418056165028,-0.24616557869116337,0.5671524933289386
2277,1.3379739647494997,-0.2203050807541962,3.5301018983972607,-1.860304502692958,-0.020077338938132138,-1.086197248015906,-1.3440295890222613,-0.5491262623001252,0.35310806815507556,-2.3838176210584305
2278,1.6679640180822164,-0.980383384045966,1.5698507724617998,-1.8029354373319046,1.7925985727657099,-0.9069685259428227,-1.7669755121687534,-0.45468043199807173,-0.6994924907875854,-0.8610573259445438
2279,-1.2550032185968711,-1.9296514833535916,0.07205281076101626,1.7567190977660332,2.033914561011113,0.819800038078514,0.7774992014271556,0.974434105467209,-1.1732618572420037,-0.29375447090211537
2280,-0.34557839642512095,0.0334391790941729,-0.2835085848807101,0.6662555933909184,-0.3938355528655558,-0.08195844818529094,0.44339002357739166,-0.35167072063030025,-0.42528529053926845,0.821162238492863
2281,-0.8335938982988755,1.2425016540226559,-0.06492557505641328,0.6131889279741879,-0.7411537434776305,0.2549607037885832,0.565969730142398,2.3288586660880424,0.6652850779825212,0.21260200584113567
2282,-0.16771269048681794,0.6006180136179089,-0.31384335961405346,-0.16776531967402566,-0.7895629509181945,-0.39147052314982506,0.3891011507784084,0.14990211724305585,0.12213477960398222,0.46024656952787846
2283,-0.17649739978113108,0.14938948263000332,-0.6421890386630273,0.6835550200826813,-0.17002050231967522,-0.6599379212446104,0.45183580803793955,-0.49199274850885005,0.7956975294775999,-0.09370556938715369
2284,-0.2933349323165652,0.6734875637021601,0.34888899406622814,-0.06164443097886157,-0.6546599409490037,-0.2658528659609249,0.026866849624893902,-0.23113229592586082,0.6179928242272165,-0.0851884238570352
2285,1.758672184401162,-0.608642030470952,-1.3903376394962046,-1.4369677192665962,-0.7901269460953789,0.448888634392526,0.36000193199219616,0.7650377580212103,0.20443567282419162,-0.7117671009333784
2286,-0.5251440236285106,0.8236328537219022,0.03762995888814422,0.1050085783088568,-0.7406308137966905,-0.2724669998846674,0.5271701024280929,0.2835257722413659,0.14912732537231044,0.5671168431974756
2287,-0.07103552786849524,1.2233273880646462,-0.45353935046918115,0.032930510100635434,-0.7231794866696966,-0.9292550111648773,0.7883961392495077,1.9729970673828465,0.6616622854489352,1.8119486075887026
2288,1.652711760300686,-0.6380679190253348,-0.5157414734046006,-1.4269699954778525,0.06421078979158978,-0.32590615885881924,-0.7261013936697653,-0.4646105367875991,-0.44610012095247553,-2.3543973964075575
2289,1.6785244883658486,-1.6439013139042018,1.0067951996628008,-1.665312760337508,1.143042998264066,0.027615760897514437,-1.8128925913715428,-0.4608019947001719,-1.5720487562195335,-0.581541035742056
2290,1.547750224310808,0.4109242014115252,-0.4071808830070538,-1.0363722342555588,1.1807536345014218,0.32211243324412275,-0.6924834076585598,-0.18174369564678686,0.9798533654668277,-1.692984687419525
2291,0.24712889217892373,-0.47485407420647485,3.678333845857424,-0.46345282778398406,-0.21678107861691623,0.8964902099816279,-0.2244252660520932,-0.36108020395584633,-1.2152040539824371,-0.657438928824052
2292,0.6956666215621222,-0.04024568580912589,-0.4798462674191409,-0.7516746439348521,-0.7226754758538507,0.15193550316015392,0.1395402421707981,-0.335876192559068,0.6389163010098183,-0.08411745555329316
2293,-0.7975558443205124,1.2685666942284182,-0.09825162724849887,0.4629099780318927,-0.7128425393253979,0.1762740770129858,0.5878365991445,1.5038045429202924,0.30056694127552513,0.74517964165283
2294,-0.6979308610795213,1.167947269087945,-0.619242484656225,0.8341379557901203,-0.7904678979424747,-0.31092322564808095,1.044512554948823,1.9877246400748403,1.5847946223129767,-1.1795431393016964
2295,-0.2648353465321143,1.1327702665331927,0.04579503272460676,0.5049584309835878,-0.790769269876099,0.7608613499870598,0.681983787146364,1.2357271503520946,0.8360995427185055,1.069614500350436
2296,-0.7019823187380004,0.9530035664669418,-0.41671335948798827,0.259151897151467,-0.790783464012733,-0.610076960043513,0.7605944040144521,1.6043008040013642,0.2843470853145417,1.0043240355699674
2297,0.08045882506667061,-0.026264264327677478,-0.023444435630240366,-0.05780795095237293,-0.7907837256182587,-0.5397502696789005,0.6539796666411902,-0.5228063379311996,-0.4914019654936913,0.7237158318662887
2298,-0.8743988501099581,1.4114823113052226,-0.10925782514037975,0.5780004663207309,-0.40869484891780783,-1.0971593845407535,0.7025315047996138,0.27499222740589635,1.2360400485895116,1.4160756163686201
2299,-1.0002245138590866,1.3147875623569116,-0.040244117929325966,0.23117502614234173,-0.7907529561618555,-0.4892440174253325,0.7885023490544074,1.019708228067148,-0.0912196587997263,0.6264161887121583
2300,-0.6071284212228134,1.4824286575983174,-0.23578339194708028,0.4723572267063198,-0.7206294461193207,-0.2517662339049639,0.7591646235214007,0.5786211811696466,0.6231213673977487,1.033263738704093
2301,-1.142793281869412,-0.25518587337211096,-0.19846516677506085,1.4176556570731007,-0.486546779018788,0.33390899308667327,0.9755323516400602,0.3998171481175724,-0.20212052035934902,0.5772027433571427
2302,-1.1227196367372143,0.0850538882538514,-0.8027589155734738,1.1638343330681564,-0.7907919680629855,1.0526349338230023,0.6288487514509825,3.41014236062543,1.5077970052249448,0.661702969169343
2303,1.7391230106255275,-1.3819968106761151,-0.108978789824647,-1.674228259096232,-0.7898585054417882,0.235005416208635,-1.476660065692732,-0.4894762642146177,-1.2153857025857542,-1.338786045980273
2304,-1.13683448005045,-0.015655442345240363,-0.20483383329699612,1.3011895487104737,-0.5890571248493299,0.3343391406513635,0.9818311910538868,0.29117454495961304,-0.022795557547629006,0.5070468749917381
2305,-0.8195128057267277,2.018622135195197,0.40498982670656675,0.17681615003898934,-0.7109950728530052,-0.44387871072680096,0.7297648779970104,1.3523636276511233,1.1431123649133048,0.9181308850708738
2306,-0.32029180382518313,0.10932313322381612,0.38071539991064024,0.409305349395661,0.5419185533053039,-0.16664227753190047,0.14373360482488198,-0.23340589463933256,1.0209548707146079,-0.31278933729809744
2307,-0.9887102412708014,0.4866353301340396,0.49755054063823195,1.2255940490869741,0.4507389406574617,0.15647576115745157,0.6259029646593373,0.32958384298559895,-0.17627164433422415,0.558469346457481
2308,-0.9963399552547382,-0.1518237484085405,-0.29140696719709985,1.466122287026551,-0.4322598420166746,0.8123782001614508,1.391360805783827,0.549039670707731,-1.1764439184779427,-2.2572195102489623
2309,1.0266161459950849,0.5093400176746812,1.0022662865469305,-1.4322850856126002,-0.7907702955057339,1.326671470631994,-2.0666495674200758,9.097311327655204,-0.27823772593728324,-2.1839000515168037
2310,-0.8475985373021558,-1.5751280607756353,0.1927014163317585,0.6109906167774826,1.3616320687582577,0.4399881143953163,0.28166298186083827,-0.5083887310555318,-0.9075718974194357,-0.11460620088871692
2311,-0.830828969218455,0.14978113869894716,-0.32588695892579234,0.6559325615489877,-0.6373005904178333,-0.3826243407262349,0.8668807176058112,-0.29713318844350817,-0.048551882732855926,1.2916679079897915
2312,1.717538383948082,0.06012498198742686,-0.6268612249881117,-0.7730472855573842,0.4205472678195376,-0.04699314729271268,-0.21749402158059442,-0.3709946732701979,1.1412268455409753,-2.2060967607462345
2313,0.20255795186062558,0.543092341765922,-1.7303385058736909,-0.9347218124811641,-0.45332371783453024,-0.4418402109555766,-0.17121852003731708,-0.6050481355052884,-0.5934395154515546,0.24369033913807997
2314,-0.6369411007494061,0.05807912969179392,-0.15902790081912857,0.29485304250906225,-0.7763596268965278,0.223306891593798,0.6960249684872165,-0.6172796069491343,-0.07156843442445662,0.4737147825916261
2315,-0.7607433869844854,0.7895406124771492,-0.17652841667759073,0.5844337563433613,-0.7539700347381174,-0.14507994647557407,0.75843184136798,0.18875688280966404,0.3032771038347742,0.6833182977723847
2316,-0.5652205495622286,1.378984511306037,-0.1615739699096246,-0.12580285844801306,-0.4767087065534886,-0.40426735590786655,0.1228851454047426,0.6006320587759502,1.2511665219370163,0.10143746707987802
2317,-0.5648401512996635,1.3081612434550112,0.1600919915191557,0.411406322394236,-0.7903237590292479,0.7462239675668954,0.5720123598982491,0.21245258284670773,1.231749502269915,0.8882471059208255
2318,-0.798983836704365,1.0612173610836069,-0.08656182075341144,0.4391601789707395,-0.5945585676542994,-0.4048806287916795,0.555415952483402,0.9270873181222633,0.7529031256550207,0.4768508135629953
2319,-0.7333947097708968,1.2774830746532368,-0.008822374635846317,0.10599919091373963,-0.6630015627925464,-0.4076572161244358,0.4548997359916221,-0.06671720243869285,0.9052899620063899,0.31633561414663625
2320,-0.5643835389229657,1.3417898544936548,0.16234938659871442,0.6995389975544238,-0.7071013003851544,-0.05537593251126147,0.8124759701492918,0.6153820057430702,0.7728716947328236,1.2175573019216779
2321,-0.2657485491299539,1.0472771950196962,-0.30105003251030943,0.5996095750632777,-0.701830048700205,-0.1844951948120444,0.9689964121740957,0.48258164728475494,0.8541927047359865,1.194010313598636
2322,-0.5436105521468271,-0.1658715254092835,0.21529209675993208,0.8575816272745769,-0.7906117031490996,2.56227142065006,0.9301360168538177,-0.5685125116779151,-0.8323064972831756,0.6019868791648768
2323,-0.5531479747274815,1.3301713974388227,0.1827041605923542,0.6044411549212706,-0.6277442431942846,-0.08119613008203017,0.7954208871681043,0.8002968469500238,0.685454222944391,1.2815967668143722
2324,-1.0886258776725073,2.056610709892765,-0.8529169152221134,0.7458292471660557,-0.7902606987555308,-1.760876969173192,1.111683295734492,2.266850730653205,1.8993009795962728,1.9157408592631322
2325,-0.06961830751371895,1.0183019019158845,-0.5132794019542318,0.2903034899716837,-0.7251220929897644,-0.39197434247697344,0.7380225631714348,-0.24237483479603653,1.5592972653296187,0.7223154970226568
2326,0.520314566670634,1.1351863330007288,-0.2420830440241383,-0.7239420370220273,-0.7907375940211896,-0.5713734229808695,-0.6569766059609176,-0.3712808976377791,-0.6310205931601951,0.6086220002764848
2327,1.5042321687982825,-1.1499478238039456,-0.6698462988728869,-1.8135911766096238,1.5228628423149,-0.3833885167943184,-1.738302912361319,-0.010555606508861526,-0.8372813043577092,-1.3862526816248484
2328,-0.7831895866019878,1.3512978738687424,-0.19841154925714882,0.6903795929137357,-0.12061575284086634,-0.8013806081052057,-0.060568936972346284,-0.5860968340302053,2.0938140301541805,0.5124127441581776
2329,-1.1589582194390198,-0.8561534929277855,0.5254869239288356,1.08858123086858,0.7652707130929691,-0.8158457660800296,0.8008771857279194,-0.4618703871244507,-0.01892690206577973,0.41004230415052173
2330,-0.5432185260487132,0.25674086220554926,0.031103053442366534,0.34819835473666655,-0.7199902452127432,-0.2955260405010714,0.43530760418375947,-0.4566024874919385,0.7343866855586474,0.4323931835521928
2331,0.4269553586172783,-0.2601345114943763,-0.5900961821148027,-0.2568142445963973,-0.1306228961578591,-0.04916145189998865,0.010626804858347291,-0.5376933460004029,0.19782801080948528,-0.10664405555478729
2332,-0.8910015027769984,1.0626853700582721,-0.879506408840552,0.45500938220633863,-0.7907889852001004,0.09766728531495131,1.0045391402321855,0.6246682076021888,0.2769697808492596,2.05688798109187
2333,0.7010712472431793,0.09908117551486621,-0.9106426429399767,-0.38927628473557285,-0.7005967470635989,0.04014242391285549,0.05580902487453808,-0.1974635601296988,1.0292794054844476,-0.6148935544933803
2334,-0.7931811090831652,1.0999327001509847,-0.4445372870453411,0.567807301818165,-0.7742156658210121,-0.29917556178792226,0.7966410397673197,2.358912092661107,1.2873842794486818,0.28023926257218557
2335,0.6286430549526854,-0.30586459864050897,1.2129579907472663,-0.11150771473519086,-0.7905143278868798,0.8648027517779646,0.3279050668709831,-0.5158492957755723,0.266107184961447,0.15079864357557698
2336,-1.0084405273932069,-0.5642457626210722,-0.721369321802841,1.1886294105397595,-0.08705092812638257,-0.19395241580350064,0.7909215554495362,-0.22663082172246862,0.678313593725995,0.12753645060082164
2337,-0.4688910034198473,2.0433342329793724,-0.8344541503770763,0.07332446610587395,-0.7906423147369418,-1.3349154544778485,0.8535630281693494,0.3489375977650135,0.062370939508012924,2.1745105826158184
2338,-0.8564435207382258,0.7123674224116872,-0.8903619523167359,0.45009775782035194,0.8915628217844055,0.944339633476729,0.6841735429834683,-0.5578252203542616,0.014300198351027594,1.3484380042207036
2339,-1.2224026984087293,1.7147414293728869,-0.20946561020071058,0.49968254479598373,-0.7183722293683575,-0.8682529560690297,0.7451565518317756,-0.5175925393538803,1.7867642359083122,1.0100468275287293
2340,-0.7440523351660586,-0.24263652128620358,-0.046097117558112834,0.6127667653711117,-0.45437944926911916,0.20907095287565655,0.43445961813091727,-0.22044645122671472,0.11675536655933617,0.28068006948833524
2341,1.0533379945762555,0.8949189799708465,0.39122759386328265,0.6818488768749178,-0.6452541084855253,-0.7667261119943981,0.1592399990826467,-0.2670314796874129,1.5127527517359736,0.4228386091514784
2342,0.5544430798220531,0.31241355539571203,-0.13106754024922698,0.457917580855936,0.10586528826048625,0.22363440967227627,0.12626865867439685,-0.5724270428022765,1.4619563499979216,0.03468402412244845
2343,-0.5461493381811564,-0.1074550269903525,-0.283771018429581,0.7451183541628215,-0.7822430218127413,0.6955311809311646,0.5548805607516859,0.3738953226584298,1.3521039690034347,0.30838276997625136
2344,0.23089643416578579,-0.09251899046278515,-0.5567311272400379,0.35640205999399716,-0.7898205458756372,0.2620250936450303,0.5372182297175494,0.27870386738030756,0.8063110865887221,0.03766982862267158
2345,-0.9248258007695758,-0.020604740515237585,0.06872972441395556,0.06550464307029083,-0.6105753173747429,-0.5777508128901503,-0.496445710665011,-0.5224080339909917,0.42001064605397387,1.219053142544361
2346,0.6905053293004721,0.35722166497841484,0.14355464004737495,0.47284633392386793,-0.7907919680629855,-0.8750214123406719,1.302991581606083,-0.5727377198756385,-1.1187486456206792,2.0351730392720646
2347,-0.3175969569909209,-0.33123469716148624,1.0135976271085272,0.015790602821343536,-0.7871213831497736,1.4279355788487822,0.6377955121110563,-0.6111763584580642,-1.1124927195917707,0.8645878194662394
2348,-0.6107170598584526,-0.05832057760370269,0.42927890087644277,0.26667374010107675,-0.0883743081974541,-0.17487516121752003,0.15603626874201648,-0.3768199530518817,0.2978441273834258,-0.07486153819550866
2349,-0.596512578585424,0.5078992131984436,-0.011755954745618708,0.448396933982203,-0.6479882134054905,0.030807260924142217,0.4323879034062163,-0.32474871512857045,0.5879770012993121,0.9353942803638172
2350,-1.1270986516629566,0.20454218047439102,0.14073345068436952,0.5922763584673248,-0.7907653671842813,-1.1804141593171642,0.948130545008828,-0.7181345902090628,0.38779829373228253,1.2588638692140044
2351,-1.1124599812688063,-0.33401564691057434,-0.055816648111211585,0.39938739025626513,-0.14652712463056525,-0.4083689412744787,0.8768237258438442,-0.5906419245479096,-0.8319944687991485,0.9812946360450976
2352,-0.22283206949718945,0.9347484107110258,-0.48942726999084035,0.0804333961382223,-0.7907856077966287,-0.8533623522714171,0.6640554369716551,-0.5019033471490985,1.1807177354969987,-0.3534705609065815
2353,-0.3704212734708939,-0.20795124474067647,0.37668363905111724,0.252221588738937,0.08368386525222879,0.38113520854274197,0.11528025576164974,-0.3108264118529726,0.17092083246209053,-0.049792999637444
2354,-0.3501732791141485,0.08062894096075279,0.1290691418252661,0.07809781495803893,-0.5623126046337701,0.022955616120631784,-0.042636104097738235,-0.41679869389568963,0.31714126994417885,0.7363309218789481
2355,-0.44490451722044555,0.10547437417302295,-0.22849286449578296,0.47933577148196854,-0.6292623796134412,0.15300782462978094,0.3108868759595208,-0.3956872940105305,0.8723169103570526,0.6322714676671419
2356,0.9407347536285988,1.080789656758353,-0.8139380105025366,0.033514457924721186,-0.7907867301965739,-0.8533623522714171,0.8110293781135102,-0.44722418223738325,1.4681510331367087,0.18397424913361382
2357,-0.40543130486826867,-0.8424890670136759,0.29858653600638935,0.4352336313890773,2.057621008341211,-0.30794783961836597,-0.5392037419537258,-0.46767238233866587,0.4477177742747296,-0.4403303281858049
2358,-0.027202163948463157,1.4634505272130212,-0.6044766396899083,-0.23470909163417156,-0.23832418609373227,-0.49398635070827057,0.1224069282689454,0.3105079087623359,1.560875706874666,-0.2726669779201808
2359,-0.6924328197003398,-0.14691495749165057,0.11577858146484557,0.5250281588645227,-0.679128089143429,-0.36445260337332797,0.2970965353029127,-0.2844039873235009,0.09262677131378177,0.6736613394900832
2360,0.3881024874751396,0.07734198814159012,-0.9182093028355993,-0.05864638300457364,-0.6494889710583164,0.054258105979823,0.132977010518802,-0.3240735873004894,1.0209944795383905,-0.46520325611693586
2361,0.38800838300362905,0.11202983611730828,-0.9439037485638713,0.15868747268819045,-0.5954137569141106,0.10182501370055413,0.1747778051150554,-0.33138324251994117,1.1783500587685372,-0.5332808977419922
2362,0.6366473555485982,-0.3557666342611622,-1.142207365073115,0.5858783214382108,-0.7875018689190809,1.274301876719282,0.18620967071248717,-0.44481643491882766,1.6346331424916059,-0.8423960478181481
2363,0.29639398598367295,1.0177263914197348,-1.082347234449149,-0.642544788151635,-0.7907212568664299,-0.9313349685207343,-0.29863319144546524,-0.06074190297503443,1.1782398622414838,0.03468402412244845
2364,1.8353904941227885,-1.4589918662116732,0.9844499382724435,-1.8846136165347545,2.112936633515194,-0.6774657932859126,-2.2414433539358507,-0.5001354087264972,-0.933596873151684,-1.567595645544394
2365,-1.2456135627603655,1.8176341254516843,1.6005668678859826,1.475205468485027,2.393082543515899,-1.5280420734287032,0.5178266108672743,0.21638204646388687,1.3541688633830302,-2.3838176210584305
2366,1.4228173789357548,-1.0791271810893295,0.01885305123269423,-1.262621210223245,1.866022235855881,-0.9502866460813322,-0.40369441172937703,-0.47720451981681805,-1.9989511728109026,0.35565800789645396
2367,-1.066772507947851,1.3941145119144371,-0.315491964447104,1.2869610012284352,-0.7651942654876377,-0.9773243727344523,1.0838284119169015,-0.5093595969097869,0.5668659343308133,0.7612297858434527
2368,1.1486477757463354,-0.35466682039685443,0.19389445345084724,-0.7885058473565336,-0.3502564309315965,0.24017463452471116,-0.479819821342376,-0.13306018775712192,-0.10977182410152175,-1.7214766087738942
2369,0.4570524749413822,-0.013372338739886478,-0.8867737965293626,-0.41109382392065696,1.6611866703098803,-0.4352890137741357,-0.10840233271911201,-0.5486429868526742,0.625888263456618,-0.37743072047627513
2370,-0.09164832675364262,0.13955700418241113,-0.14759643991429414,-0.0740087831033082,-0.5410264649810894,0.03166450583550817,0.3025041406773205,-0.5516268899957628,0.2499846687149959,0.3987390940570836
2371,-0.6586996707619744,1.3647703571796683,-0.10458385520828643,-0.07583225413155187,-0.5119826289160673,-0.452559736994326,0.15715116609632482,0.874078528879873,1.2271768131623983,0.15244374638865252
2372,-0.28075125302274784,0.0704107355258076,-0.03221019192846415,0.044209338819972244,-0.5971130111207811,0.08871507940410975,0.012220425758978457,-0.43480620462691166,0.5494645122099766,-0.0874875804173849
2373,0.06603269953589165,-0.39427374796968734,0.3116985812801804,-0.4871286813857711,-0.7624236505913289,-0.37986926675123805,0.07002080385525795,-0.3694729637317635,-0.8753262834895266,0.39613560478859255
2374,1.1556733627173656,-1.2340670628252774,-0.36692119270732654,-1.342183116485695,-0.5558851089271457,-0.40530308536446596,-0.7245168313074493,-0.5448973369461793,-0.6576214549381287,-0.27167084003661923
2375,0.6883516119566735,0.3367270207939254,0.016422024241242377,0.17887488358930764,1.6021732685605734,-0.31656187254396945,-0.04254721543500958,-0.38124629549403194,0.8385225775008727,-0.030900807756326552
2376,-0.3354353104448465,-0.014519688596598893,2.754401618598317,0.11029090227408711,-0.6972586392856974,-0.6151126915096146,-0.5912771224135953,0.5519132856948661,1.6515136540447992,-0.054890110884250776
2377,0.23814613665395876,-0.26566637687495737,0.22667934685922356,-0.45117239168081014,1.412832057042064,-0.3130891316550074,-0.2274436589067505,-0.07717326818840306,-0.7112761547138107,-0.31034227368113376
2378,-1.061846116156391,-0.18600751539459676,0.3982717620605492,0.9427466090621133,-0.7800978660950108,0.45231798557015823,0.6292523554296148,-0.5439483110774257,-0.021876751179488292,0.7612297858434536
2379,-0.6989741231560838,-1.0395964710796999,0.893558428237826,-0.0962206715936282,-0.6535089006476978,1.328051541663646,0.537892558826464,-0.6258262181717401,-1.4706264708898162,0.6043755227650555
2380,0.5988819720314371,0.1434458006044241,-0.21306459313549647,-0.9730310465443766,-0.6148356704314173,-0.20385126110201543,-0.6030402811070592,-0.42908984639966036,0.40578581810564834,0.24921960673108667
2381,1.7300000628635646,-2.0524588948024802,-0.29136110966213663,-1.8156604220898087,1.7651621296577056,-0.9418035142208746,-3.3500345022032283,-0.5352493530232892,-1.5874796697888847,-0.48285542258292513
2382,1.833852572193795,-1.5946155742517276,0.8515450473592294,-2.1809295138739158,2.5734995256504223,-0.6773236680622677,-3.21653637990004,-0.5195933103113284,-1.849957023169162,-0.402364668037413
2383,-1.2374811064697013,0.7687924492936093,-0.5666243092646894,1.6372890732225758,2.6325278651857564,2.666234908982483,1.467103168609853,0.15424663179148324,-0.82635960146994,2.214321309285463
2384,-1.1712015877007889,-0.6584288188961771,-0.2874110923455187,1.2576722094951582,-0.7907685099041282,1.9731449867663302,1.183214339332049,-0.3130116865449916,-0.013617173661105639,1.0199995091961398
2385,1.0738689713015113,-0.7210495350043497,-0.6341915450277126,-0.7556537890746619,-0.4923386880859478,-0.3270953238331253,-0.3095333447940215,-0.49571914740545453,-0.1449375732221213,-0.5271448560029037
2386,0.13690921976554027,0.36164715728287955,0.0042192320633839585,-0.47121957437203227,-0.7903491189290016,-0.040425631005388804,-0.15274587639992673,-0.6172681003908619,0.2159990813499269,0.4029332458166566
2387,0.7365892482809022,0.4164126245506277,-1.392730895641226,-1.0928955057009213,-0.7899503115217609,-0.3685603910545985,-0.9744525304348831,0.3794875099789462,1.3145228912947948,-0.2439910625650601
2388,-1.1629530527605059,-0.2107165140945245,-0.06600466770918696,1.3102782917345381,-0.7864806968478042,1.1091891462260566,0.8963036546244869,-0.27642083123791,-0.29719600179223726,0.004825979120215374
2389,-1.1629530527605059,-0.2107165140945245,-0.06600466770918696,1.3102782917345381,-0.7864806968478042,1.1091891462260566,0.8963036546244869,-0.27642083123791,-0.29719600179223726,0.004825979120215374
2390,1.709678453120235,-1.2605125263882682,1.156669683229024,-1.5554455044694222,1.5820225143178983,-0.2884359984395566,-1.4635903438527194,-0.4978634800784836,-1.1693986358240056,-2.1128120325852024
2391,1.695295624846628,-1.9477824543764748,1.395619148232504,-1.9761327660734955,2.2941662762253054,-0.5494798458779862,-2.723638276160788,-0.3473319926288413,-1.7821764538058738,-0.4942299159171089
2392,0.5240458917985571,0.6245616319162908,-0.3872633292238469,0.23229565202198735,-0.7864329067965296,-0.48978549392706416,0.4712433734789791,-0.4493480836843674,0.27705988533127773,0.8169648031809551
2393,-0.4092430608825831,0.35853877578331494,0.20070548609641523,0.6757893603235354,1.1531465446671092,-0.3927549363303734,0.235602463200971,-0.5656759806842996,0.7409935609469226,1.030900065308066
2394,1.3035674189043818,-0.5256640497622441,-0.8179796020057185,-0.27998935650185347,-0.7907919680629855,0.050903405619969574,0.346543291627812,0.41086589438851,-0.25644875270155004,0.5124127441581776
2395,0.10303492485976469,-0.16878748899398605,-0.10951244560111494,-0.3221593140316235,-0.7150199632148125,-0.09160678302068156,-0.04876293259622382,-0.3453119031798089,-0.0025731173581172878,0.31170033053205554
2396,1.5528859068772525,-1.7901649324767628,0.7950322034175689,-1.7090292685926172,1.502563325103344,-0.2223743132548085,-1.963869977977814,-0.49457263721686573,-1.5373476983242829,-1.7098181386425395
2397,-0.4689937017460819,-0.4559625459669282,0.17204653936327063,-0.15202861591957842,2.192921219932502,-1.0964853015488019,0.31031207293061197,-0.6870668828728611,-0.07556400504897418,-0.7117671009333784
2398,-1.2533331405008883,-0.027796165509993004,1.5078902689986393,1.820699468057171,2.2247225517167806,-0.9724871826523185,0.40252005881808756,-0.27821585432844564,-1.0840584200434729,-2.3838176210584305
2399,-0.4136320055473859,1.4724457257034573,-0.863060517426178,0.5240306301567782,-0.7907919680629855,-0.680089871717379,0.8864722756578087,-0.6473002174825228,1.3194786378058243,0.24369033913807997
2400,1.85407215242626,-1.798546273833832,-0.49690289349018996,-2.2586889417057763,0.5757299653731928,-0.872314029832015,-3.336280920469844,-0.30151663483059693,-1.2921997735067112,-2.3838176210584305
2401,1.8353049456016506,-0.37962280371491663,-1.4222265889252323,-1.177847219587488,-0.1210933340176032,-0.7883851720636529,0.018785814518693475,-0.6497856340694189,-0.4348556270986112,-2.3838176210584305
2402,-0.911474340654378,1.0192548883772,0.43544368727162963,0.38500894128493957,-0.7907897901753993,-0.4748847169345704,0.49233851809692375,2.0414569037527026,0.6468192800608729,0.2061534174339906
2403,-1.0270932022191364,-0.3636783542273483,-0.10693953883214997,0.8394047504730754,-0.2732783160028835,-0.20502635959919316,0.7774231699404759,-0.36650563169862904,-0.20544377677640463,0.3434380606857382
2404,-0.42301560895969065,0.35500891882618285,-0.08769659665865356,0.8196732578770771,-0.603046695030354,0.8732708426244865,0.9358283852755239,0.22355350890732634,0.4920754599018609,-0.28504587444313056
2405,0.022788359242671523,1.184735942383458,-0.7983763059712004,-0.20409300038953487,-0.6017312973542531,-0.3014352531960591,0.06518019105904532,1.2377958175690347,-0.3475387543895504,1.441016837350748
2406,0.4478267817218005,0.7024568796429242,0.35826373392411237,0.3952661815339593,-0.6306061190907534,-0.04733142606148779,0.4513214021512807,-0.37841310839373493,1.659695704061358,0.023447769928715466
2407,-0.5795847656100678,1.18624270944911,-0.06751581035571438,0.7140792285756338,-0.7112573475748659,0.052247340540933246,0.8125873649894458,1.502561339595942,1.1178500728317433,0.5466418993521795
2408,0.024329130943314896,0.9837468460560991,0.23602970739432058,0.7561244719591864,-0.6288157517689438,-0.058903939338064475,0.6668007987448022,-0.517970306984328,1.4413804240852455,0.06083129147261183
2409,-0.4668057582171128,1.671592879404358,1.3344346713091366,0.707441024991373,-0.7907530581982142,-1.3558525458781279,0.2792035201160495,-0.32046793630568005,2.3205394330337787,0.3034064291425461
2410,0.6677988946868816,0.645751700839843,0.4366274771611048,0.35086181470832417,-0.6381628698616131,0.14344875272188504,0.4813667004449627,-0.3242622522850513,1.7198185177279501,-0.31779204695093055
2411,0.021248930086968345,0.6184292312296408,0.555788096072246,0.34981195713593927,-0.7886262700560149,-0.9444992861222822,0.3215641451644044,-0.44399992348771633,1.5591706113568253,0.04422928607248035
2412,0.4415057021622936,0.7332498966046346,0.44999172373626223,0.38202232681505527,-0.7210319551808438,-0.13232911589740828,0.3810160516977197,-0.37895022175671167,1.5294245312845718,0.15543441880580108
2413,0.4742882434780491,0.2455860605495118,0.12415661919713404,0.30116139511994267,-0.2172853265049138,-0.31550216987703666,0.12066117932312516,-0.45517449484390504,1.101622243077474,0.2808861830085316
2414,0.6571106827457481,0.34111079780712883,-0.5037418198880068,-0.30092957769514667,-0.2231565487059649,-0.01074670531085034,-0.15946397389554087,-0.10713101778981075,0.9103920733756884,-0.3581981717813027
2415,0.9213365974414253,0.0617903301996354,-0.27393898685772305,-1.1958971498329876,-0.7375002772293381,-0.20768088964737771,-0.8280577468903382,0.0807735132955719,0.061434928769430755,-0.7488985710998821
2416,0.2614661288378718,0.9889606914407161,-0.6369033883548053,-0.2942072165665511,-0.7907633343932692,-0.9363285851478135,-0.21955785809347844,-0.1302645280584899,1.692536222386099,-0.005126702547195509
2417,-0.10883866508104276,0.28715137015772774,0.6825192111847,0.6150249345708408,-0.788950591968976,4.288257851946673,0.33564598420474656,0.8088777450400717,1.346459924365874,-1.5345221187726898
2418,0.9679981042436757,0.04697515513768272,-0.8895614437363012,-0.2522087295085426,0.20675980586771123,-0.7334562111839703,-0.22266738026407612,-0.12098914382302031,0.45568714728070703,-0.34436670927519386
2419,0.5404987472591967,0.23438264287020782,-0.4748117279222287,0.4330200767597841,-0.7240038315428017,-0.36675134384690866,0.44969861409086925,-0.360726950886566,1.1015201864921649,0.1068551843278463
2420,-0.9550659224373697,1.080789656758353,-1.0895375691365092,-0.7854342818018427,-0.7907919680629855,-0.6476012816134967,-0.8494594828985276,3.2113090336737393,-1.5449428455692147,1.1991477792095384
2421,-0.8841526412871143,-0.23222932390789205,-0.6037337700132464,0.6363517246678868,0.7370993108214704,0.12470464733743013,0.6082683981474029,-0.1616774321428707,-0.3387692086347618,1.1781365623561153
2422,-0.6759402127123517,1.6780209069765935,-0.16687516044639406,0.1857593034974999,-0.7691555857855246,1.1046762404044044,0.42455466279920495,0.992001858375587,-0.1945514787787913,0.6950444527551694
2423,0.27684345226551427,-0.10832088418035617,-0.27365206315750196,0.39456310549155854,-0.38562894575596923,0.34577267449759547,0.47066487853338257,-0.4366476540442334,0.25905661806532043,0.358578903603194
2424,1.7078443325845116,-0.20979453653109278,-0.10358031542246691,-0.6138602554711076,0.2109811609180286,-0.45537712349886084,0.0686619523396465,-0.28618989921140453,0.6393024291670284,-2.3838176210584305
2425,1.7977705319524315,-1.4616556721564755,0.8940332756160038,-2.1682633516943017,0.8741012841727415,-0.4418402109555766,-0.7900365586599319,-0.6261741764939056,-1.6242347897456861,0.06454206912468152
2426,0.7522858293265825,0.1158587856672802,-0.64134504717531,-1.019945338398379,-0.12905599624586073,-0.9385829677073092,-0.24598813552978038,-0.5011723422706005,0.20599041682765165,1.1823648258095911
2427,-1.019577695438116,1.2908677764512808,-0.9369573638996076,0.494201559741043,0.10568467565203958,-0.5810646490807463,0.9390736717283247,0.7607131331600109,-0.7260552920867035,1.2887219142162376
2428,0.18848254674216847,0.7057291839549905,-0.5229733599882755,-0.5821188828766708,-0.7061677636783972,-0.31657864688838616,0.14138828464315223,0.182414686442972,-0.20523937208757836,1.5972550459059796
2429,-0.19905867718648643,0.7105828172575348,-0.30085774696382933,0.19172148924415883,-0.5663564079934527,-0.4833457975724911,0.6620437332105182,-0.03690082667188498,-0.11306806024661288,1.6469546550015777
2430,0.23070876209754002,0.1232237593798568,-0.07096933875321892,-0.3873341999903185,-0.7824363240255479,0.06191342782183983,-0.352995542721213,-0.626070617469452,0.01529134765323338,0.7064900366726926
2431,0.362949848112361,-1.181083650590932,-0.37284137244746246,-0.6626628605346292,1.8930620104919023,-0.48809418671176286,-0.7599736669539336,-0.4755231587505222,-1.2113074579153913,0.46426775696775735
2432,-0.27608907157154866,0.5136947325491987,-0.3250338930885415,0.694124085098083,0.0716962259713702,-0.7890828437101147,0.11390440602130437,0.2829744822272141,0.16130797113589923,0.5874406521125068
2433,0.9565826171693799,-1.3134016799569164,0.07243178701003078,-1.2803579906539557,1.4312356748122836,0.37254044764840294,-1.3078666725368298,-0.5816023723689022,-0.2415815131684616,-0.2658869622333644
2434,0.17181547972888442,-0.5942591804814422,-0.05453501761381624,-0.8518519995326431,-0.2579149883739189,-0.6961794591973971,-0.7774121810250058,-0.5578370556713423,-0.41904443584913675,0.20160471380159836
2435,0.6154365020020341,1.1538102797820164,-0.5534376263994056,0.8524631976512851,-0.3156426578743623,-0.6367717515788693,0.6040736764549537,1.856756993815341,0.16478970073595575,0.7214190591738091
2436,-0.6318690143920301,-0.7134002234339146,0.08803520962203766,0.6744033886676077,0.14591018100928368,0.03264409481656403,0.23530437751821212,-0.3392356341152644,0.1240733728353075,0.07921437563040841
2437,1.707062365633486,1.352957433482917,0.10776674352115995,-2.032198430875148,-0.7749287155023574,-0.9183395324791814,-1.5468871579747077,-0.582679386223223,-0.63804123405082,0.7214190591738091
2438,-1.2539512071789785,-0.291112957625627,-0.43003084375148526,1.56335620088615,-0.7907138116134592,0.49599709004315506,1.2485981838704407,-0.03795891759515218,0.924670832427143,0.36312251914701227
2439,-0.8355330980700384,0.2918894602305366,0.01361629513166869,0.464898873280885,-0.4629428586392512,-0.07979805325343206,0.10710578351411017,-0.47569053190496363,0.6174421350792954,0.20170713481988736
2440,-0.6588154575652647,-0.09664400189771377,-0.022551124575886924,0.6997456082313558,-0.5639836766890485,0.08451596967441435,0.4564009430049897,-0.4148782270334328,0.519004498376851,0.36046470074719217
2441,-0.2871368610591127,0.6200959078636039,-0.38939362443546904,0.5954990734153236,-0.6099567440582071,-0.6040906364965947,0.5403622012228937,-0.39830289908531175,0.41802834744956174,1.2197166546555205
2442,-0.6074068914201504,0.7230623621474778,0.4166769995319761,0.47284633392386743,-0.7853945130073793,-0.23186765639530105,0.19107296929475465,1.5278535321494164,0.3762348852065467,0.2635957024729026
2443,-1.017548209692103,1.382497594615217,-0.5855537502527952,1.0085753011616616,-0.6855963800671044,-0.328888212694413,1.184657999717156,2.423307704798317,0.1137455116723517,0.9931272686941299
2444,-1.104103004755969,-0.7400887354294561,-0.3017326214493819,1.3084656318835075,-0.6411208972807592,0.35908113065027164,1.0092104723264232,0.1446355256151735,-0.5029499154382049,0.3699743158068675
2445,-0.3798107027414934,0.9105015235312292,-0.11261506262794506,0.3908701731145148,-0.7676950185892445,-0.1735486813613549,0.846194847776589,2.6007869827874948,0.7076549365476619,0.8053228703492171
2446,-0.3861769713865878,-0.05441304311451058,-0.22181728598400616,0.08486824538694038,-0.5093864502659396,-0.46395083512593915,0.4166959408184082,-0.5201318549803761,-0.44160766745378127,0.6676585944046458
2447,-0.3621691965665026,1.0084328575803596,0.20897805659631136,0.45151954382682197,-0.31755083755030306,0.08880676074116545,-0.016184917906778264,0.6612716155182964,1.3006468010639127,-0.2619058895663994
2448,-0.3213599053263893,-0.024477046281643555,-0.6947031364694474,0.8076769384474888,-0.7907919680629855,-1.2567623460612873,0.46976669095016615,-0.45281636955789967,1.4904518924363412,-0.3236125159043484
2449,-0.823382687884693,2.295587294333846,0.556843032349227,-0.247999171356285,1.7458319083770657,-1.2551379165560932,0.14675932220494792,1.6579236668636494,-0.34069644338905125,-2.3838176210584305
2450,1.5225529192782048,-1.6887129306575317,-0.14280834889062013,-1.771635766256811,1.557551086367559,-0.23525489273390976,-2.1981828982932448,-0.4601069248794621,-1.2585034504242165,-1.885851781632299
2451,0.28695085567544215,0.409713516433341,-0.4809360894937191,-0.04918586520011246,-0.31555891786269347,0.6698828692415989,0.09679166715498319,-0.4457742125607378,0.9343691197457857,0.32510258641060447
2452,0.5466503958379524,0.27025293150338675,-0.6097864802844086,-0.21837784896643678,0.5329437508068684,2.055585315014246,-0.3581095886455734,-0.38110332896740445,0.939705206940603,-0.2852771279289324
2453,1.1927598057701905,0.5122614120448203,-0.8032321662735269,-0.8786149771414097,-0.17937149575564146,-0.3881337638579252,-0.0076471414357161815,-0.04374901771795802,0.5013032434515649,-0.8340745000906741
2454,0.2051192871641565,0.5406999726907437,-0.6464060237388781,0.00428911687675339,-0.24856791223486363,0.35392285755030983,0.15947675573327916,-0.2693234236498007,1.115610886922097,0.23178615126137259
2455,0.05815472157126903,0.07122422480240004,-0.41098869607222305,-0.09160271064461495,-0.7907704179840352,0.16777208391032258,0.29463361068375166,-0.5613462271856987,0.25316718018264833,0.2387139983043739
2456,0.2713710435508603,0.9944925568212968,-0.33094405180462877,-0.6915964053748405,-0.7907919680629855,2.0381221669740945,0.8572265104369325,-0.6373585511349382,-0.23167002014640262,0.24369033913807997
2457,-0.9613216580455728,1.2467456181757701,-0.32600961198244327,0.14014840840995096,-0.7907919680629855,0.29456783139908566,0.981101885417077,-0.4223700163684219,-1.2029963363081806,0.7811351491782753
2458,1.8496037698489731,-0.6214443474945818,-0.5502285046306792,-1.6508144902539756,1.1990627921532624,0.4399929490069388,-0.48815852347738564,-0.06944086102916962,-0.03839590621625306,-2.3838176210584305
2459,1.3494428133645382,-1.9482385510323428,0.7202536461894261,-1.6978299068036296,1.2108212677709784,-0.3159469243030333,-1.798254820512737,-0.469489372494995,-1.0677870523322597,-0.2539437442324714
2460,1.015888953318866,-1.1714637764065963,1.6243776584580218,-1.2855480532016317,0.7484514184939796,-0.5006275715455105,-1.0553833463311695,-0.25752597958399953,-1.190319342389967,0.5386995327973984
2461,1.301966248480854,0.8420501522621547,0.23452164447098556,-1.065576903148039,-0.7907467580604257,0.3690724195777898,-0.4941172261729041,1.5184444550704543,1.1695083088649085,-0.11673891838887594
2462,-0.8352962711525845,-1.1093157997745753,-0.3868739817268155,0.24274112964206904,-0.6214128050696842,0.3854742155328135,0.33180083702669594,-0.21083747637910172,-0.2515297154239361,0.5925456547498188
2463,-0.5297521792710326,0.9368511387451515,0.7662257368640513,0.39131146668403183,0.5800981267463681,-0.5078556107493258,0.08428867242314743,-0.24516018225516603,0.940620871016039,-0.034513033847837625
2464,-0.7701377182062995,0.30872805879480825,-0.18242660089586488,0.6402091668613942,-0.36891784430799757,-0.2104586866814742,0.7422834351647538,-0.3761619076918995,-0.022725840390353233,0.7752242562980491
2465,-0.4397809803896752,0.3744810849658265,-0.5777019681717115,0.05484124802176762,0.48977912166655924,-0.50335194155226,0.1701559343816489,-0.21906293956031872,0.511691956508019,1.3066367412175772
2466,-0.5808873195817323,0.5224585961045785,0.00023519412916521128,0.20662570025159893,-0.21087995766615186,-0.4547873204939327,0.6131049845815851,-0.11935034514400406,-0.3398842236768992,0.5256762570496363
2467,-0.6501867716265851,-0.9143342852460905,0.3080075522222445,0.34312633580558016,1.0207529332102843,-0.1972998403680871,0.07214168530377693,-0.5257581977699717,-0.5298891109394323,0.23004490504918482
2468,0.5169749884543315,0.06329358987695406,-0.13329053469920543,-0.4459884537370537,-0.7544956486497159,0.1884602957115483,0.08508577339353574,0.9142733199491657,-0.015793148729313908,0.43408210205477615
2469,-0.8313501068550118,-0.7241473796174748,0.5368749453349482,0.9949117703705467,1.1661204802212501,0.41483541077673924,0.33970691959937777,-0.11855795602136307,-0.11378657013344225,0.23032330220688454
2470,-1.0027209694158,-3.0178800410214013,-0.8204609102532061,-1.9141347426839088,2.6237980878332094,2.4676935250143144,-1.9567004285857108,-0.36147730998946637,-2.350416845161873,1.5375389559015133
2471,0.09893943298735688,0.9966428567855722,-0.5120435895972346,0.20629752385571595,-0.705573405482807,-0.5894890407794569,0.7466589511902019,-0.31958293010754174,1.4028399501823123,1.2224650202895264
2472,0.7140044387005174,0.14820935134881244,0.277890889913868,-0.2286637930695834,-0.7907857709603244,-0.4026988646872602,0.5752114146200852,-0.6345385592382685,-0.8255812951268617,0.819159497087102
2473,0.8424796037105253,0.2623686132527266,0.16397991015217078,-0.47857640555422726,-0.7907886266367778,-0.35346384106615636,0.38899924592760676,-0.6260116684863011,-0.8262706521735879,0.9819751612873128
2474,0.0009842489296338734,-0.4189605130879338,0.023019529967874097,-0.22777821481982674,-0.7907696918882681,0.42612656663455856,0.6291937121164803,-0.6232745238091938,-0.7228395632395465,1.081927306237809
2475,0.2983996551899562,-0.006015755499954233,-0.10393800464805518,-0.5648431567746923,-0.6217974950650264,-0.07677591393978253,-0.24523640495697396,-0.35216361795502465,-0.05390007069578653,-0.03925551606394956
2476,1.6100984637063371,-3.188261494743282,3.201850704572816,-2.3758583264989466,2.8420425216468814,-0.7883851720636529,-3.758016031680439,-0.32419606118602423,-2.320517174545328,0.3034064291425461
2477,1.2749667674644585,-0.9293920765459367,0.45122554378004825,-1.5786331010292982,0.852796644723044,-0.6380119074376742,-2.2967107416168506,-0.26002120185461536,0.022844864512785945,-0.11869964254224939
2478,-0.6778754157880157,0.7031080582852699,-0.419085777443171,0.34142766721163936,-0.4140073643084864,-0.10048647498988657,0.30108290960211714,0.20490962517705744,1.2028079904245859,-0.008719572091837192
2479,-0.92298254547462,0.9070419431473938,-0.1797299503956557,0.5498303563526149,-0.7345804203315437,0.23918799502121174,0.5377037070405728,-0.30711394647007373,1.0263730247523966,1.076278550234953
2480,-1.020141212101703,0.7369289047014651,0.5154201534736085,0.7765398249058018,-0.7785878515641195,-0.7588205550691213,0.48541410673713165,-0.24242585547714118,0.8139924936808164,0.8169648031809551
2481,-0.6774155236932862,0.6692188724431584,0.8543076890675158,-0.41576992011971325,0.5488547222378516,-0.5346131849188848,-0.22120332046790112,0.9035997327406702,1.1096853688389097,0.12425815912914767
2482,-1.0024596541922697,0.31285752330935224,-0.1238578933361106,1.0368372203413576,-0.5958931741509844,-0.31849909071930343,0.6866984788988176,0.008470281317465059,0.9427950335571404,0.8849265919838687
2483,-0.9608229599794429,-0.14672395450749873,-0.5903195185124027,1.1720800777046203,-0.620149744917677,0.48931639661781445,0.8391651605380779,0.15756549800900888,0.7202443953560272,0.08981565272003614
2484,-0.5478715384351445,1.13357089076516,-0.6402455521374358,0.2994959091553133,-0.2533384797803815,-0.29995951714730645,0.2036519816729305,0.02010388998185598,1.7073774574062874,-0.06366269991572704
2485,-1.0964878834208573,-0.6662136941344479,-0.6843033787724534,1.420202032225164,-0.6362475582213034,0.4576096208688911,0.9345271658580746,0.0572653415239219,0.39767355996560255,0.21877081479726096
2486,0.9376068858244969,-0.05268955972260503,-0.8730984571072834,-0.513517708064507,-0.7907919680629855,0.5926506456022044,0.2690513277304586,-0.33941923778076316,-0.3989264648936476,-0.4878317634166303
2487,1.1878363101526233,-0.2070286038408028,-1.4078564858028078,-1.9793079914344742,-0.7907919680629855,-0.7017489317866338,-1.3470100491721593,1.508798671649881,-1.3814032107052419,-2.3838176210584305
2488,-1.1866798415293855,0.5364541033092254,0.7609196291922493,1.3291169563202618,0.3537024201882419,-0.43913282844691975,0.9419367762598204,-0.19806116940104498,-1.2302529421188426,-2.3838176210584305
2489,0.9916353718143031,-0.17980030144880368,-0.2089182636564323,-1.0449768742016219,-0.11897924773335916,-0.3325822857173358,-0.6836900796165011,-0.5160490783935815,-0.3118326614529368,-0.49164695805580466
2490,-0.48769991514851135,0.3182054184491802,-0.30568542569127866,0.9597476152344747,-0.6350752845876732,-0.10335242019326298,0.6454424633355407,0.578463748384384,-0.6319456658422531,0.23712156923758873
2491,-1.193641221797255,-0.9728846331967356,0.04188694314157588,1.463357251764445,-0.23170625879059192,0.3737838381338599,0.7268037820256464,-0.15233410682546536,-0.6139966861639734,-0.09470083755389473
2492,-1.2547757131321398,-1.8267587872747928,-0.19231482168241423,1.5647779868926202,-0.7906138806049935,0.023829580533401087,1.4371122883515024,0.07222788442391043,0.1994799263131616,1.2588638692140044
2493,-1.2510036935357398,-0.5023334075196453,-0.30862801689055924,1.4655106651534118,-0.12463590728615441,0.02719124714831585,1.0140724496638285,-0.13782865180298498,-0.41059105324398315,0.5226142428672735
2494,-0.17830304835626515,-1.565064675670795,0.16902916991597086,-0.5827823830130239,0.4152136535831165,-1.0040131478642347,-0.3181013915634807,-0.49370147241234114,-1.0154488627907756,0.8620836267398845
2495,-1.1701404045544535,-0.20407598329194054,-0.00970763026000388,1.0412890376399566,-0.6445787305592463,0.40938621364506644,0.4803970091325755,-0.23651471834756183,0.08060641988214022,-0.1483027640723448
2496,-0.07265771534549963,-2.568451515200189,-0.05210079101587283,-0.7633259321312288,1.8401820971732608,1.8178562791494142,-2.0186238697133327,-0.36596180692603036,-2.107800583615675,0.9228212181230763
2497,-0.9671770265748513,1.8787059192532953,1.4117542791096178,0.49587926722867737,2.515050004241482,-0.45635178120197734,-0.09227358181688836,0.14181954885700251,0.20443567282419162,-2.3838176210584305
2498,-0.9016575796823352,1.444233212262496,0.12086625480500258,0.37261042046775167,-0.7021597857136274,0.05631817063728327,0.9409122430832931,-0.041790601499949974,1.1782398622414842,0.9005673291872076
2499,-1.255017559870753,-2.4972208714011574,0.25767016484310035,1.7695151718242608,0.8778426173238331,-1.0970267780505334,0.3878040368279654,0.09583934199942394,-1.247598054907446,-0.29375447090211537
2500,-0.6970168285989892,0.7415019134160782,-0.5395195240696383,0.10839518759879356,-0.7907919680629855,2.0021440616368325,0.6663321773639385,0.30613320099069175,-0.024629943685615385,0.8541214814059561
2501,0.09131525585331121,-0.3321241504944802,0.5011820973391052,-0.5036880491467769,0.4790290427258884,-0.6704987002741574,-0.42905038258281364,-0.5815998755060424,-0.836685413600568,0.13040947690203514
2502,-1.1628798298914125,-1.2259949529052838,0.3670880426383125,0.949529364657684,0.5573446357529324,0.3888086313695375,0.5015567135594186,-0.3070156190291047,-0.7274671939848457,0.11067567591244519
2503,0.7076455709475846,-0.4556608078552618,-0.6388557702910265,-0.472460405795861,0.16087019535289238,-0.42469345506741696,-0.10122145379910667,-0.5074672910993094,-0.29745004637348377,0.903734091535929
2504,-0.15810709296007586,0.5844505895289304,0.4711509735037464,-0.134734456828062,1.0363238097811442,-0.688126732091586,-0.18766896680078435,-0.5459993573318591,0.4492985319930525,-0.09108939159253873
2505,-0.3208178424049105,0.6253288964584379,0.265466945312642,0.04477949200462194,0.4303048400921006,-0.5868377778128141,0.26845931182672245,-0.586291972127261,0.2544983046750919,0.23459348850914225
2506,-0.17244733228611964,0.6302745401638717,-0.1037442904502838,-0.16462030823937582,-0.7907127560118995,-0.48322029644830616,0.1558105295065203,-0.44250447969789286,0.2779562372096935,-0.4051000970562759
2507,-0.7493463269263896,1.2433252460542972,-0.2675914839104575,0.5740295757793821,-0.7581009532960724,-0.4675208621262324,0.6797257911028732,1.0593802445439018,1.3893495013753918,0.41728465732814574
2508,-1.0166923986491554,-0.4026933768537662,-0.4888397072993349,1.1575803063629702,-0.5241262832516538,0.18672144520055176,0.831315585239629,-0.1433594955153878,0.2807686282361957,0.43157397647914075
2509,-0.5210239222248152,0.8028191684114531,-0.6249664127820826,0.3825795021760894,-0.7165575995611093,-0.04193972915219436,0.6771798876467443,0.5383172637338975,0.056958589859850826,1.2481600302423381
2510,0.6875859860166443,0.2337504296838569,-1.1350443045244933,-0.3338750461470569,-0.7900534089451834,0.9317773786365607,-0.05078309281351393,0.2138137826574271,1.3098975278845,-0.8471235716101685
2511,-0.24196368681545227,0.17689004162983812,-0.07945513588192178,0.011645132139618139,-0.6536419425609212,-0.002589451248796632,-0.01259562823085486,-0.4032308064297895,0.494697357550014,0.033009390754517344
2512,-1.0740812923834346,0.4947280330099902,-0.3917452864444676,0.5225072880069889,-0.7574355030516018,0.2536476786253858,1.009509396220794,0.08953703565407961,0.01328545025591136,0.9304253741894407
2513,0.30785455981616133,0.35736215679760425,0.12583274279718074,-0.24447855838788418,-0.42220882566549317,0.23861525955350948,-0.02169482677648514,-0.3667111502094921,1.2994196638326097,-0.4251930605415749
2514,1.080166908300722,0.47619628398504404,-0.7408546396671745,-0.5846831754954833,-0.35332343992177384,-0.7116308779432313,-0.43204648242614013,-0.15262094888526245,1.7562922945637085,-1.7390260301768734
2515,0.41525296253953314,0.8783233838291044,-0.18548373957311456,0.2723745070116359,-0.7899763574360475,-1.1885363068431347,0.5453958672538327,0.183450276687513,1.0741691855098652,0.15411620413138075
2516,-0.5100143903777149,0.6724163855342516,-0.04866258216737979,0.26185120917511345,-0.5160791709468803,-0.431067273038702,-0.027918837677274894,-0.5403979277528247,0.8222532390427197,0.17202410659287196
2517,0.8500265873096525,1.5786575410106045,-1.0591701600380912,-0.31624489966683206,-0.7907919680629855,0.11046582081042024,-0.100246312717866,0.47735078808798176,2.1223095725926,-0.11460620088871692
2518,0.0018270355324065215,0.9131741357267625,0.9371805668663135,-0.6244170165691453,-0.04634449072531547,-0.7954243665861607,-0.6908431192961325,-0.011033571237110322,1.219124770957478,-0.24896740339876575
2519,0.05197395875125475,0.47284476786383584,-0.1000208485124732,-0.17828383854879873,-0.5569014986888303,-0.05687314345146921,0.007933264855028602,-0.22565335863926328,0.6887456596513819,-0.13347152322060682
2520,0.10078734127186559,0.44207744246719266,-0.07205489239305297,-0.41819601202244033,-0.6757262271893112,-0.012683107526285478,-0.1504268097613934,-0.35291311070710035,0.8313153983053589,-0.3975775928291632
2521,-0.49055859675371455,0.4123391600431089,0.7076935741042363,0.3108273558229764,-0.7858574013263806,1.4496848850016595,0.5147134976614623,2.026895056536504,-0.12009063657989001,0.5639857309802168
2522,0.6761187658071817,0.12123786601914631,0.9461088079305541,-0.5978476034568723,0.6315829692261297,-0.2893878889019263,-0.5618546460042232,-0.37380074386579343,0.40232120634130586,-0.8855189438518885
2523,0.5945034773030824,-0.04108485563266704,-0.5292146618142352,-0.37021806608093893,-0.563912941395046,0.7232330885575045,0.03206685850969075,-0.5314409362759337,0.7042948559949063,-0.48849146414453437
2524,-0.3080360817277797,-2.3463945617996282,-0.3939379144226126,0.23364822787187595,2.134657882454292,2.4154045970634668,-2.029034500809394,0.08941270792417157,-2.0606060599011027,1.125076859877076
2525,1.6658787728794822,-2.0692757655594454,1.2006553509907405,-1.7578648209268144,1.7719588848821881,-0.9936047662198418,-3.0568006884970966,-0.5166087286215681,-1.5426301638640678,0.06454206912468152
2526,-0.35140143345418823,-2.4020174682013655,-0.9850588186430549,-0.6618099885392998,2.1595709762236726,3.0997770947020666,-1.5599204618385325,0.408111224338033,-1.9855153180617502,0.37407046898116464
2527,-0.9486418488937843,-0.08961476113798049,-0.40807241043855447,0.9314522964732186,-0.159245578825859,0.06356041884794028,0.515265277925956,-0.21553675477765846,0.6724439839595383,0.273548384140313
2528,0.7395131837527738,-1.4620699240910668,-0.48637199038656453,-1.1390968775699555,1.729759188983714,-0.31959837684591064,-1.238199347962058,-0.43607903614186316,-1.5325973989991604,0.2579098912947355
2529,0.45452073626352496,1.7797408475947083,-0.6479417466734277,-0.17762076403603308,-0.35843177069008775,0.44392509979332206,0.5166235605463522,-0.03412723369035438,-0.9725541235453098,1.054833895032079
2530,1.225817562059571,-0.29901562245502855,-0.4999044638745334,-1.4485146527619965,-0.7907868103679986,-0.4998555504267951,-1.6723592080351544,0.16596359570113586,0.06850662566452517,-0.21697664089637322
2531,-0.5213870513986854,1.0592153817740897,0.05567776126544446,0.753293623700022,-0.7906301554042008,-0.6300032953072274,-0.028994687259361964,-0.669047612617864,1.6193013017231077,0.16904522663249727
2532,-1.1215988174407447,1.6688269467140682,0.0434138644340021,0.2851705810698635,-0.7903195312193314,0.6745038434472624,0.6944343979786902,1.653367069787673,-0.055741019004855695,1.4181067758925812
2533,-1.1179235727709254,2.056610709892765,0.6353855077487532,0.005078737795326416,-0.3031497229273428,-1.2742700862839351,0.5198756772203296,-0.40828598904267754,1.6928115416367118,2.3934695792988614
2534,0.09951469784806061,0.2758658102083732,-0.35950749179866354,-0.7518894859044629,0.1350040496732058,-0.2598023250765185,-0.5073102208879622,-0.45315858152216726,0.8669966245976553,-0.5925032933586691
2535,-0.5354535197519881,1.4406770130892654,0.131546094313084,0.3683450624483425,-0.7907363825418835,-0.32263802678871434,0.37087928097675743,-0.34514457241843477,0.9789480561193705,1.4593393142289983
2536,-1.097430825541053,1.568700183325559,-0.2666801053409619,1.006016086350016,-0.05936133702459304,-1.111105167095549,0.5127970843643211,0.16915913131286,1.5028412587139146,1.9455989042653652
2537,-0.6333351015770461,-0.2676649863027791,-0.10672278134385627,0.8451708113600377,-0.7301359756681723,-1.030174808234625,1.081305836975516,-0.4873249089969292,-0.32493397222816356,1.006194176560699
2538,-0.7525251246984933,1.223254192899303,-0.4501836914057065,0.24631837911062643,-0.7906852545791928,-0.10683572612867653,0.7216923602807317,0.4473439678572554,0.15020618714815664,0.7700048601380025
2539,-0.008207355885261471,0.2811122289585747,0.5311592331817584,-0.3623281759010203,-0.11246245318218001,-0.584922613902878,0.15858764326412256,-0.4349036171566276,-0.25822877593816523,0.3241242562869527
2540,-1.2538648780275854,-1.5280380567234424,0.7993596550447353,1.8036380359795343,2.0526212267665707,-1.0093075847700517,1.1511743927206433,1.7324861644705336,-1.0345009549331783,-0.3534705609065815
2541,-1.1615886073161834,-0.40506938446558743,0.08798143609708627,1.1119391438320114,-0.7907919680629855,-1.0345764881841828,0.8453046698373398,-0.3778396358531998,0.20113184181683846,0.552223470827822
2542,-0.2356041963639379,-0.5876209420247464,-0.08477326685678878,-0.24871006435951978,-0.748432531770775,1.0183414220466813,0.49218223499419184,-0.505217235931627,-0.9394332176965963,0.3929805641492453
2543,-0.13212390317824368,1.370216853470328,0.25146988799586606,-0.07823792218379955,-0.790465641502881,-1.0690865905611946,0.016550469406270068,-0.09006981870040892,0.8942755871594951,0.4586682631541582
2544,0.4964119324447803,-0.3796228037149152,-0.26669144852357357,-0.7520641278852881,-0.6957032834649892,0.7244046190970151,0.16728285845773974,-0.3353804358270569,-0.46378844128800384,-0.27004367045916594
2545,-0.8769564681515793,1.2559759740958591,-0.0363268821253974,0.5059533028492236,-0.725884633197608,0.178437042387257,0.7462695426287249,1.5364588961759582,0.3012692472071316,0.6305811479122165
2546,-1.2395923781391223,-0.7001944025195606,-0.03427890817672951,1.2614043977621416,0.23408571702592956,0.4165805364558879,1.034618220660692,-0.180663253292772,-0.322938351724529,0.31087094039310437
2547,-0.6668913167748405,-0.10249079124524246,0.37172960832229873,0.5207624398455108,-0.5142483150364949,0.47176112784126417,0.19175818200366743,-0.26656526941959624,0.7412222715324485,-0.30379638528766906
2548,0.07969309727043189,0.40018487537967495,-0.3757573547704661,-0.27399715080175785,-0.6336513670603964,0.0108800836372453,-0.07890019723110026,-0.32498008586950283,0.8711051548204312,-0.3789993561196205
2549,-0.3847073955698237,1.070995620813116,0.6586497327764672,-0.06979691407157936,-0.7656557372706934,-0.12771164308448565,0.3964634119336155,-0.19544950943195769,0.6158707943738069,-0.17849293844905095
2550,-0.6920122401124267,1.1538102797820164,0.04876479070085156,0.6562567287584627,-0.7906565318029161,-0.7234079918558886,0.36116617423825004,-0.6261741764939056,2.0132831493499515,0.18397424913361382
2551,-0.1419766867611633,0.40368933417529235,-0.2568640569580704,1.2214166663301804,1.2931305970949916,0.7494080928534359,0.46976669095016566,-0.41242835002083733,1.1534611296863369,1.5275862742341022
2552,-0.07579200494407144,-2.98061739581781,-1.1311981886887856,-0.7897646438774678,2.8734697201160517,4.323153004280473,-1.9900443265126975,-0.6855756329207245,-2.375753925157263,1.2230342152113247
2553,0.957230908899492,-0.25078077510436864,-0.9111838594970557,-0.8226281735043817,0.6727982231919031,-0.16378239864166702,-0.5545704760913898,-0.4015141438261726,0.2478645815992161,-1.39988701838287
2554,0.6186686320662724,-1.120450215482266,-0.04175629271812802,-1.1754301833764893,2.4005652098180823,-1.134569148837242,-0.7959974789597284,-0.4588227929762328,-1.6509958209052455,0.492507380823355
2555,-0.3454449298680992,-1.074341189478591,1.132910269702688,0.10298001352872843,1.3008145840627825,-0.05879295250261743,-0.09371458028079792,-0.38481209325643356,-0.6031779926123518,-0.39550405314861414
2556,1.8368688795037018,-0.5057493343921533,-0.7319069108033129,-1.3548595773929692,2.7653451920495056,-0.680089871717379,-2.0541242197355083,-0.2831866875022379,0.8932844378572887,-2.3838176210584305
2557,1.749976625738602,-1.0426644815003134,0.2909597028249804,-1.1726804039174006,-0.2698081076809759,0.26488584122188763,-0.33860586044430074,-0.425382984878239,-0.833033184079716,-2.0045111697903932
2558,1.8246180639376377,-1.2752318088309107,2.209018342698241,-2.108143130410729,2.573913645818656,-0.9160833803886345,-2.495278891610287,-0.5241685374067102,-2.0439039234546996,0.7263954000075152
2559,-1.1640931953291875,-0.4649715838724457,0.4307287733391999,1.0072347600698472,-0.7906847307653518,-0.7730691224432514,0.6971598336365962,-0.3043127284908551,0.09399332200696346,1.1564934292063487
2560,-0.2916451611874243,1.2843623027637174,0.8116799052217553,0.61929029259025,-0.7018729501720439,-0.7342375218905159,1.0078018409265816,2.5195347503209784,0.6405413657947856,1.5972550459059796
2561,0.2865099237227116,0.3147369388555563,-0.5669307305812705,-0.39813977363948844,-0.7515158118108096,-1.0396302688670083,-0.5698923208380758,-0.5918754275947389,-0.02551096528757673,1.521614665233656
2562,-0.18164847674318496,-0.11851875775151316,-0.9848999726502066,0.21123770873343767,-0.790490129775466,-0.038620709332950504,0.5683392011160701,-0.5331781725342086,0.688446915401403,-0.49280810425033555
2563,-0.9816469600856655,-1.0848039286584485,0.5748171499551509,0.7520410979324175,-0.7886598244644093,0.26189015426285295,0.44409939983287566,-0.2652709762716957,-0.4152292976620736,0.4932182866567418
2564,0.34956773865339985,-0.7845553495734142,-0.187665670672218,-0.37595991193856076,-0.7907787985702937,-0.6476012816134967,0.43176582403896374,-0.6808533414056207,-0.8362710944919991,1.497728229231869
2565,-0.7863993309456673,0.2528581435160743,0.04471119303452135,0.8301537025203563,-0.7803971470712823,1.0035867182338174,0.2839899711006503,0.107478158006589,0.7965599265420192,0.7141594560752268
2566,0.34956773865339985,-0.7845553495734142,-0.187665670672218,-0.37595991193856076,-0.7907787985702937,-0.6476012816134967,0.43176582403896374,-0.6808533414056207,-0.8362710944919991,1.497728229231869
2567,-0.2805214255670819,0.45387387502302884,-0.061383578499812616,0.4729674903023062,-0.7798608095617119,0.39889286012731423,0.4414529241336239,-0.14333308922482607,0.5666747855929388,1.0261323819018353
2568,-0.21307591309973964,0.48559006768419294,-0.2113056990089902,0.2978430593812546,-0.7562921096065318,0.11066739382033365,0.5332466404019961,-0.15057972146854007,0.4845412215148631,0.6718457001900612
2569,1.7664918539114158,-0.6879321009259393,-0.5996391515772473,-1.983668135187648,2.2637986979615143,-0.8521590711564587,-2.3473476846216745,-0.3297192091569053,-0.375551860516625,-0.950631460951243
2570,-0.6948405932906324,0.3673045602235282,0.10431510670696566,0.626053953274262,-0.6664513795708841,-0.3848591400000502,0.4320834576375315,-0.43829389111324546,0.4983664901803104,0.5271069340324648
2571,-0.658127005567993,0.34615793421725416,-0.302154536382399,1.064309312615275,-0.790354631159844,-0.8768263340131102,0.4647371644472126,-0.6100189686790807,0.6603643518389035,1.0996209625354287
2572,-1.2406854506416132,1.3745317084671818,1.0695809912600946,0.8428661421076149,2.599791200113706,-1.1498207369693418,0.5932695084115726,-0.0063734151366800496,-0.8362710944919991,-2.204669351045032
2573,-0.5541154713425548,1.101758060772363,0.3637818373838256,0.3926169807016474,-0.618728246480256,3.5818802682753357,0.814876182334758,0.07080764637425456,0.393697991959698,0.5726027713849009
2574,-1.2145000944440472,-1.460969564163094,0.3444221871572123,1.4814605079227912,-0.12829334878235527,0.22361586786940818,0.6516852448890087,0.2161408117690084,-1.0177634131137399,-0.023265071001954095
2575,0.4277644337559391,1.2998515258293435,0.06351527890592866,1.5263897647179374,0.690775959769257,-1.8291030083913444,0.7784305952239987,1.8443299108808602,-0.1176878503927248,-2.3838176210584305
2576,-1.1120848862032688,0.3771363803485049,1.2082102213823092,1.5007976166014823,-0.790077373431127,0.987657753615238,1.111124459456386,2.6148090528186643,1.2005407215411166,0.7214190591738091
2577,0.3467492098680627,-0.7000521372500532,1.0812582026521453,-0.37330565578573077,0.057356069699580244,-0.612844088594627,-0.4970824363524557,-0.03346164437662415,-0.31052225725638766,-0.730165543133533
2578,1.447235967232192,-0.8989961686581338,-0.3071003611150052,-1.4597332789023587,-0.5079703168353312,-0.2254253745090373,-0.9416937139972489,-0.08130845527043597,-0.6242838579834424,-1.532118786685603
2579,-1.1430507774638745,0.6692188724431591,-0.5484714878203324,-0.5593703067731558,-0.15476533237742682,0.8901919833035921,0.28181142274721027,-0.6808533414056207,-0.8759170665802349,0.18397424913361382
2580,0.6034699562677712,-0.22225436950502536,-0.43513347899176746,-0.8565940532578237,1.7144741018361402,-0.5551506582097484,-1.0943485591641675,-0.2996996068904951,-0.08014329161879798,-0.7405533186791206
2581,-0.9142126501025807,1.1691161794018907,-0.3763576198773107,0.28897303201739905,-0.790758284354833,0.2672935760570313,0.39739486589801704,0.7221637198099002,0.09022516416877038,0.95941545276719
2582,-0.36846203856434023,-0.11362742415184274,-0.27897299757526817,0.5635413149681472,-0.6256979444858333,-0.10530623207103118,0.6406246192215966,-0.11572992813512001,0.24158928117003875,0.3994410768105474
2583,0.5425460112100238,-0.15998799144379533,-0.7953395196309847,-0.7327482240995988,1.2968433045935093,-0.08448989287098636,-0.5592682222620846,-0.5509163540085454,-0.14737808172219624,-0.9698259184526784
2584,-0.3041566324038306,0.5032629110257419,-1.2044244303498353,-0.31197954164742286,-0.7732077022528553,0.09963629077579285,-0.9630895261133966,-0.4186418914880777,0.9378861564565546,-0.3534705609065815
2585,-0.7373308741034532,0.5685389225165921,0.09440571749299377,0.8090987244539588,-0.7797295443173962,-1.1269884778130028,0.7113391953913942,-0.4022795656243456,-0.16476744224750461,0.5124127441581776
2586,1.4383063396964504,0.2336163883304041,-0.46572040978558116,-0.9034452545426888,-0.6929281289043309,-0.6245364652416702,-0.1845831254510585,-0.6401546447951963,-0.5879905768598604,1.024018861407979
2587,-0.00021653737945582398,0.03138722962301395,-0.14164943480379988,-0.03035125436120812,-0.5304541218320451,-0.3730925542132495,0.3013088817252095,-0.45573760448955036,-0.21804018275775167,0.7038786670018699
2588,1.228498591605944,1.2732985720025576,-0.47363072280846913,-1.2546236639368533,-0.7903654560837611,0.1754430010181843,0.35017572743550024,-0.6522710506563151,1.274876919206559,0.7214190591738091
2589,-0.8685444832479218,0.6291929478421757,-0.4167263742660561,0.9291986289427714,-0.577897698284884,0.15376944440608575,1.0385912192756197,-0.2694648824656466,0.12182550878360447,0.8800765139895966
2590,-1.1264054484462087,-1.0721746808614594,0.4424777882956275,1.0483644748765135,0.9314757430064943,-0.21427116093220094,0.5966054316899446,-0.2760975206167541,-0.5050365568803244,0.23401156530647382
2591,-0.9714314994475827,-1.0247782467216302,0.536861831418004,0.8608210755127099,0.7371810214582574,-0.12915783102017553,0.5345178424305093,-0.2919736736469639,-0.4358063793432427,0.30108695427764626
2592,-1.228266813593794,-1.1339458809202343,-1.152793223681635,1.4055549964514542,-0.2619085586067711,0.8758676144282274,0.5415744494495606,0.10778725000540085,-0.4359693629924035,-0.2913423698030573
2593,1.0093779700292904,-0.3984097668190141,0.727056506252873,-1.484627543070586,1.6108970278976156,-0.037236936050748064,-1.3362794727374174,-0.5168058409676304,-0.6506902250516773,-0.3757478999044905
2594,-0.5249163289043133,0.49551829949292925,0.556855946657589,0.8880078478130291,-0.0022228657337565526,0.6393078708347236,0.28313607170272104,0.7519893209400056,0.6719277603646394,-0.041619868661035696
2595,-1.2164993692397879,-1.1682455323704821,-0.9646655995035571,1.362600016772624,-0.545282768448502,0.46805690255381643,0.6321272576158705,-0.02420627914765977,0.34914347094625187,-0.7714831909378446
2596,1.752764779525689,-2.14666153326524,2.116555534315684,-2.0380846249419333,1.123583861222771,-0.5928727748294125,-2.234873463476615,-0.391824811382875,-1.8403166006868237,-0.5662769907406788
2597,1.394350867239499,0.05346355384830444,0.2945451812753273,-1.2226547162500652,1.0946030265631275,-0.1644980085892088,-0.9789373893617918,-0.19376390520283587,0.2007906836338026,-1.4149774947481522
2598,1.1109790954754513,-0.19713885784374272,-0.5565730639325446,-0.7652231987793179,-0.3983407067243301,0.16471725397972187,-0.4488480380396692,-0.5085656443889728,0.7289257282227429,-1.1820313097185493
2599,1.3888378454166608,-1.3208643585823012,-0.0007126770257864188,-1.6436574171201723,0.9197183640027106,0.09683343557635385,-1.4134053849765131,-0.5112266981475886,-0.8618770604094124,-0.27554759609895163
2600,1.5056276790493444,-1.6156628043518393,0.4201051613879787,-1.6292074052013688,2.218736418675034,-0.4927390021183254,-1.791657447785098,-0.5513631372283317,-1.6910382527143637,0.6019868791648768
2601,1.6633149849409896,-1.5710443473882418,1.7298260673743129,-1.923900128139949,1.1357255606059136,-0.5213876010878099,-1.88389228993953,-0.45964271593958744,-1.2616324413659312,-1.0090639714141763
2602,-0.753811088251964,0.9588120251165512,1.1474661577147143,0.7655565280058232,-0.7114844038594216,-0.31621766255389894,0.2914746333894582,0.17847944351372055,1.165231027650032,0.45269665415371146
2603,-0.9152851310015687,-0.5202327637522184,0.385269188136785,-0.3757660320285877,0.36897213745414453,-0.7952274660400767,-0.015396337825451325,-0.5809282972642746,-1.3548223885097204,0.5178414796131292
2604,-1.0520298243645185,-0.3663463268015233,0.7516530259287446,0.0036569517888573166,2.400565209818082,1.2692255345155503,-0.49180426491074286,-0.12287731764743667,0.11523223562566093,0.6019868791648768
2605,0.4275785711898871,0.4621719604997391,0.4278596080899726,-0.11469063248731798,-0.43285910662703597,-0.27723708379033546,0.17451310327205538,-0.06008735888105441,0.7302244624203089,-0.11554250287131143
2606,0.6947502927488957,-0.21888260108490398,-0.35532416951280504,-0.323861610415777,-0.3588786208235597,0.03365351135052675,0.41771508333230056,-0.5304856378984041,-0.2008735953992911,-2.3795521860581115
2607,0.31345155988550427,-0.19374543944242342,-0.8261347817034884,-0.1185845391954288,-0.641754948884664,0.010647145530543597,-0.053200999667415136,-0.4893116813091446,0.6343564425566222,-0.5804778298110919
2608,-0.6663212511409649,-0.4522541796879049,0.26159689132253383,0.41408253918443116,-0.5128663341370594,0.10040616601773773,0.26235531187272176,-0.33883729588886635,0.008052391316970865,0.21748528242057297
2609,0.014993663462028,-0.4341728542868237,-1.042866515734945,0.40239158522818996,1.1467187302552075,0.7383952447486876,-0.06925063374226546,-0.4865307125913777,0.8143072563863514,-0.7144585391752328
2610,-1.0526938415058966,-0.5178751833063862,-0.02357210124473243,1.1428298144659093,0.2664936521470304,0.14261749220211392,0.7203563292032321,-0.26627480841540224,-0.33745868900184506,0.2758043253182595
2611,-1.2234369800292852,-0.8376612572269877,-0.03945284971762171,1.4922669005626639,-0.7838705017334662,-0.6476012816134967,0.60463251273306,-0.49817522226875427,-0.5835280224294956,-0.4729027409155138
2612,0.11120393876361048,0.8035663697276472,-0.31385268867192984,-0.24426500838651583,-0.6251697290142141,-0.11687910484707054,0.07349959447241682,-0.451819326283574,1.569289559849301,-0.4235540276479343
2613,0.47584119407888376,0.20054080798072585,-0.7962676332363217,-0.10254964914328332,-0.6807541501436418,0.3649612542798181,0.20666857303222513,-0.4677185985276762,1.327534675735361,-0.5231157516212994
2614,-0.22408811201245737,0.3588097767144798,-0.1843443277386503,0.17152159607156897,-0.6340277445135574,-0.035370867484374104,0.2004440846868274,-0.48385893952206727,0.8655930405132242,-0.17115987958098425
2615,-0.8266778653376361,-0.8960777556459175,-0.23843453178171442,0.6357030348024347,-0.5029182132330962,-0.04635931100352759,0.6853051864466323,-0.24789377196831264,-0.3977185016815842,0.411641842275641
2616,-1.0772684264827117,0.14564290107679226,-0.4385317375791779,0.8216514651759013,-0.4982358459692674,0.04868613425319645,0.8912455768316699,-0.30313682190804364,0.0610167605536158,0.14469852827692167
2617,0.790023656600971,-0.417930971475436,0.5888303800027603,-0.19930300063469691,-0.12284121315690796,-1.0029677973956141,0.43145924024750293,-0.6303165374720666,-0.5812566386119408,0.9266931185641615
2618,-1.2530450841152754,-1.8166061872821972,0.24088536229893612,1.297314948734373,2.1820493459522723,0.6109812177637561,0.4422522224340098,0.02990270195882596,-1.402392254751955,-0.3218561603159817
2619,1.8071541353647367,-2.2914354792435607,-0.3113595031741772,-1.784594397848445,2.207886552536869,1.074293993892257,-1.6347175930170204,-0.5559611579140895,-2.1889421046774955,0.3929805641492453
2620,-0.953971168705934,0.5240074062029193,-0.313404072993434,0.997485370311198,-0.7874186464706346,-0.9929279205926776,0.7000305223747234,-0.38027327292786844,-0.04335165272728254,1.109573644202839
2621,-0.8094115450263729,2.0057175483914236,-0.3916295608240844,0.642038868693766,-0.7907007044763198,-0.7335155532215405,0.8147549533008833,-0.040444334182048396,1.7175902741918587,1.7963086792541998
2622,-0.8741861457683873,-1.0027974967743727,-0.25864492874109984,1.2784226107765135,0.5543324059786072,0.18999005438382718,0.7329578861781328,0.1840392686390947,-0.7107607132758739,0.2010521460856488
2623,-1.2543457355713363,-2.1085151306590295,1.7633986859059743,1.1538818310228676,-0.6754645422732225,-0.6786459343794291,1.0883156602536928,-0.20075370403684953,-1.4501228956581842,-0.26721398645568606
2624,-0.6407152081251607,0.9369611568632578,0.05866536910211032,-0.7896996398212514,1.1771492694111547,-0.7757507203565882,-0.3680530757701771,-0.4874050837255384,0.23086632088301537,1.2787692325488271
2625,-0.4811564584931448,0.5044697377182598,-0.3115497179434696,0.6051015522198975,-0.33779599892064327,-0.08148734472803724,0.8201318103795026,-0.1884768256697897,-0.12505957742132714,0.9447359588422476
2626,-0.7874122081375248,0.1713509881909076,-0.740830110867201,1.394163666116252,0.8984199496548364,-1.0255518798219925,0.9360224256498666,-0.5540970954739175,-0.6603420933504527,1.497728229231869
2627,-1.105102442641913,-0.5433660189801007,-0.7986310330098757,1.6017444230608333,-0.7752666202414537,0.7809942221210993,1.1845803835674191,0.05814385709816493,0.8899806068499361,0.5522234708278212
2628,-1.0435237432732178,-0.12605540442039506,0.15050457185474939,1.1124959733360926,-0.11230756984005569,1.0401179097930766,0.07228437116701922,0.1318390421499589,-0.7235105093124679,-0.4172055798638766
2629,-1.2362299593480606,0.9679396029945092,0.6312188822600707,0.6562567287584632,-0.7697282624223403,0.6790161476283578,0.24204090762200614,-0.10982888056623198,-0.6652978398614822,0.7512771041760422
2630,0.30606527503726,0.3688385822776342,-0.03885849802597731,-0.3461024058026964,0.5273732343953348,-0.2631529653842258,0.09343702733567517,0.15455730886484523,-0.5897227055682824,-0.7714831909378446
2631,-0.6407152081251607,0.9369611568632578,0.05866536910211032,-0.7896996398212514,1.1771492694111547,-0.7757507203565882,-0.3680530757701771,-0.4874050837255384,0.23086632088301537,1.2787692325488271
2632,-1.1715143744811989,-0.0012432116832055205,-0.511553002298456,0.8439324816124671,-0.7907919680629855,-1.0623722819397257,0.9105022356163629,-0.48699084762772155,-0.5736165294074367,0.7214190591738091
2633,1.0311880566449887,0.83050348087253,-0.3404728546621428,-0.43504301931852474,-0.3736818204793507,-0.9356667805345853,0.13797662366138216,-0.6586226708228285,-1.0910331743923292,1.7056286907288993
2634,-0.595350551545895,0.32364982250717483,-0.09824450327023032,0.40441437952462966,-0.26945785838192443,0.00503102639311839,0.5888557975719444,-0.48316482224216806,-0.3980820445567678,0.6103965699228043
2635,-1.1822092495851568,-0.5536921676905184,-0.749446302600491,0.8633635570342205,-0.7856035080342362,0.5256579695268847,1.0139076447058868,-0.26551261399542114,0.5485847360901276,0.4726020174885341
2636,1.3475188022998006,-0.5665555986554939,0.5730446015925212,-1.5958685036944478,1.2383100216200857,0.4111969707989125,-1.5177344434293454,-0.5118608432332793,-0.8930497902326504,0.10985520694473763
2637,1.8384328134057526,1.1870014720655,-0.8483839929871722,-1.5489333672760872,2.6400105314879396,-0.7775556420290255,-2.1427929091949807,-0.3341377275336088,1.1757619889859692,-2.3838176210584305
2638,-1.1078236519628133,0.8552642397163687,0.3292890570825268,0.5481635768455406,0.0610767563039076,0.9089441695214462,-0.09501580123769929,0.8181798889910281,-0.21680278061331362,-1.1172079225426481
2639,-1.1020228956972937,-1.2132675453209896,0.20205839610553097,1.4139222942723335,0.31755735094808984,0.4832130465174024,0.8707460228041729,0.0921162935418466,-0.9026527693502681,0.33427797179640056
2640,-1.21311501627575,-1.760376402707826,-0.14638332295213477,1.4581440364073903,-0.7907919680629855,1.3883503648964517,1.148752768848851,0.15548934008493134,-1.6787480013670104,0.9602834191916737
2641,-0.44289389685128866,0.5623169304580269,-0.3558144226679074,0.43713959655457024,-0.771940271519556,-0.13810039833624588,0.6614050527300416,-0.16840354903194948,0.13932128371381122,0.9703313616913387
2642,-1.2362299593480606,0.9679396029945092,0.6312188822600707,0.6562567287584632,-0.7697282624223403,0.6790161476283578,0.24204090762200614,-0.10982888056623198,-0.6652978398614822,0.7512771041760422
2643,-0.7935026983241418,-0.8214520135880169,0.9765380117673488,0.8880642678926505,-0.37555221556080026,0.28822482095023233,0.737785358411283,-0.14309598432655302,-0.8580501582595186,0.2637536815469883
2644,-1.2234369800292852,-0.8376612572269877,-0.03945284971762171,1.4922669005626639,-0.7838705017334662,-0.6476012816134967,0.60463251273306,-0.49817522226875427,-0.5835280224294956,-0.4729027409155138
2645,-0.8264956809396818,-1.395273287589508,2.8076543561416227,0.47189847658622136,0.13877135258354492,-0.1914374109326924,0.6404601274516276,-0.4774634173779539,-1.3445104311231337,0.3896630035934416
2646,-1.0163721313977607,-0.6849817727229639,-1.4682954489353586,1.4922669005626639,-0.6770554402698032,-1.47930918827288,0.6616338130998634,-0.3689335597501548,1.255053933162441,-0.7714831909378446
2647,0.2651978488985985,-0.08689492732586157,-0.07415425667616016,-0.6127465230993729,-0.4878277432195667,-0.06903363951352873,0.08077265890359908,-0.6084914730683849,-0.9338029390215652,0.5302446321456221
2648,0.46660212565686765,0.2272228285347718,-0.3621541195236449,-0.7562876686692134,-0.7483426836551516,-0.5822631170712455,0.20771904620833487,-0.0855960688439945,-0.146596371707063,1.3982014125577593
2649,0.2522754106068202,-0.599514452592994,0.6372469291948819,-0.45326952604035253,0.5467346334522333,-0.15485766503795093,-0.14837608716973766,0.6541260428309701,-0.714855304971777,-0.8311992809423107
2650,1.1503018965034042,-0.2700918691794206,0.3368483764224307,-1.3399308243250372,2.219110551990143,-1.0250104033202612,-0.5719041314392571,-0.6709116750580362,-1.3863589572162713,0.5124127441581776
2651,-0.3816258415355941,0.536441530887907,-0.06971093412609185,0.39079743313384296,0.27877562439994197,-0.14836815120659472,0.45410775034096645,-0.36622611889113454,-0.08377915605191726,0.7581007230465023
2652,-0.7444040258311281,0.752196853151868,-0.4596832697778805,-0.247999171356285,-0.744770184398058,-1.07590919448301,0.7035465339578065,-0.5491262623001252,-1.3343236188504615,1.3782960492229368
2653,-1.0138698371544792,1.4658074872467608,-0.6171204289867979,1.4538786783879811,2.2284638848678724,1.8865087464893124,0.4222656073111632,-0.3428366855877453,0.9279746634344956,0.661702969169343
2654,1.2367117246665125,0.047381957516120204,-0.5184313659695895,-0.9904118678713659,0.16431157997613183,0.23659897188704307,-0.47157466782766166,-0.15555581102382987,0.3175433492617173,-1.3047176092415294
2655,1.1451663140557011,0.005377400881406859,-0.091266883172031,-1.0292361239250434,-0.017599444466863567,-0.7315177315823865,-0.5028265099326754,0.3047622996103076,0.7494149800197163,-1.938756533712403
2656,-0.46379528971792533,-0.001685760913651917,-0.2944073601990446,0.9006617432706092,-0.19213260308880808,1.224571772339437,0.7839382372093315,-0.18994214188385136,0.08087239314919036,-0.7734737272713267
2657,-1.2549756034339956,-2.2441380302395966,-0.1207126129992445,1.4837361845238455,1.8538629031148341,0.3131134015833839,0.52462578558423,-0.28396338018564293,-1.0109611590057888,-0.3460060496560232
2658,1.8287451117347153,-1.2266352096239315,0.17478654735604804,-1.9681296298028506,1.4950798244296817,-0.7394198348742586,-2.326151184529426,-0.3485795042165595,-1.1484743645288826,-2.2841400061772386
2659,1.3160788901207885,-0.5455787651323335,-0.35320714539209114,-1.314338676208582,2.7447678597185017,-0.09529524984750025,-1.1555154845411997,-0.581436677929775,-0.7470676572934684,-0.11460620088871692
2660,-1.2545641144391262,-1.531025264028956,0.06289503989615917,1.5771475251489062,0.7698901905822383,1.2788096685961958,0.7972447499202312,-0.06987580893187774,-0.9373683233170006,0.18696005363383694
2661,-0.7645579207155562,1.336361837341175,-0.4803490982266129,0.640617082687296,0.6856472155746358,-0.8035465141121312,0.8123022829691963,-0.2962351245834427,0.2077395038315448,0.771182467510864
2662,-1.1856227425142072,-0.24430486594379236,0.29621422764126815,0.5755430308527205,0.22573007370797918,0.36404343177507964,-0.19969051195004658,-0.517007032561776,0.6066135627577383,-0.325909288596828
2663,1.1190232184623887,-1.1695731800618216,-0.5462103098290096,-2.071439724653713,-0.7907919680629855,-0.7234079918558886,-1.5917803389825493,-0.5876502193970153,-1.9364468199405436,0.36312251914701227
2664,0.16502353821140658,0.19790394201769507,0.13933870538131063,-1.3911151205579475,-0.7907670133708677,-1.0721188589708903,-0.5700413438455707,-0.6386012594283863,-1.1286601386427384,1.0199995091961398
2665,-1.25207128912054,-1.355812647874701,0.9677076437772024,1.6531656836281552,0.523336290197902,-0.4896706352751813,1.2457729560200166,0.45629378644899987,-1.6701029768977704,0.5057776230465705
2666,-1.095530068644998,-1.004521823407466,0.2357550703868949,1.2484714327371749,-0.2450075711319093,-0.0010248372867508867,0.9544305901519542,-0.32871460103373046,-0.8380266073963405,0.5483548113697722
2667,-0.34694031474703324,-0.6496473469495051,0.6831293054220439,-0.03165395135414618,-0.10558167451350653,0.2552206763852215,-0.18228871410864958,-0.32308178038983026,-0.12888147053219975,-0.315684782439585
2668,-0.7816054300861663,1.1781686568312641,0.52020320893917,0.5958866142622339,-0.5531337925407249,0.35244025919978694,0.21466868158478908,-0.0885165724238625,1.1638002903201579,-0.24355601249950087
2669,-0.790863603905051,0.6489685068411024,0.1240574704701348,0.5168430433990069,-0.2940281504377865,0.043611136828345394,0.013925998972061896,-0.45259842757192537,0.8414018971681637,0.15479395425699025
2670,-0.7611266950658738,0.17568027414092738,-0.036685869822918056,0.6191666590244695,0.9521339150917416,-0.334298269220407,0.6014171793648274,-0.4930422967088609,0.028485124958683244,0.7214190591738091
2671,1.3320189856609215,-1.047787036067809,1.2594746295646262,-1.221485113170674,-0.7082982629633379,1.4971038376672672,-0.16613167699301928,-0.49055168485317907,-0.1665781957803807,-1.7659857667814538
2672,1.7938128216696907,0.6090683035702346,0.1351699953938748,-1.104639748274771,1.0736288717325855,2.4775579744812295,-0.558617513806739,0.10689690967173679,1.0025131364677347,-1.8890271610214253
2673,0.3314261053896106,0.8252174761755309,-0.3066997859116851,-0.29136364455361147,-0.7704341085701806,-0.9537159972589646,0.5731824488596544,-0.4830556046984702,1.400422497485973,-0.671956374263734
2674,0.5906497068181547,-1.1539919987145444,0.42258261363949823,-0.8029063699935557,-0.7891143148887625,3.561155391908057,-0.48864833178232225,-0.4987357859232023,-1.0534580798119926,-0.1766488918024481
2675,0.7724167397855967,-0.0775260547484473,0.042956151994964845,-0.5215505958887743,-0.7898287461830856,0.9646269530749304,-0.24140613896314175,-0.33915116784889116,-0.25511022916771364,-0.00953431871419175
2676,0.8229079734480923,-1.8814136172349287,-0.17550391427963655,-1.0228725448822875,1.421096661972825,-0.9468572949037011,-1.0183522247260928,-0.5760516086581672,-1.5236331355717878,1.1792424158747157
2677,0.5184726000748854,-0.9062563879461869,-0.5189282464009946,-1.5290283631855113,-0.7870144686914337,0.25124971126057605,-1.603205436223826,-0.6597273004170036,-0.8098404464331753,-0.11460620088871692
2678,0.8562823229178558,0.26096720735631324,0.09409929617641265,-0.7235865905204094,0.010414526243263828,-0.69633416676932,-0.2086605506704134,-0.35091428949515774,0.3630195611771351,0.9304253741894407
2679,0.3877528910338176,0.16529721656716015,0.05428481933531368,-0.5541066094102048,-0.7884486512382527,-0.41708314877809355,0.17396612568790634,-0.6501149722739212,-0.4214035103407842,0.48737884826778316
2680,0.43468148998558076,0.047310761028631604,0.2605275436202191,-0.6950086917903674,-0.7907420786325268,-0.30255827318284345,0.010389299440152334,-0.640802628405352,-0.38994712419152017,0.5552092753280448
2681,1.8446885490139557,1.671592879404358,-0.44382332508173383,-0.9645793186170285,-0.7586913296266207,-0.04114759967436328,0.3784900988595334,0.1393341322701063,1.7555843307764183,-2.3838176210584305
2682,-0.6434889577093942,0.28551895377321457,-0.4974979873974273,0.5794760446131955,-0.7892037024881428,-0.2510785224929547,0.8770716106955703,-0.1250712348579393,0.24305268897273152,1.0417214401436221
2683,-1.2273468147844122,0.20454218047439102,0.6573492241878326,0.7372985311272379,-0.7907871417432206,-0.33354491060930264,1.1925282773004808,-0.6920377160466533,0.7396562960153753,1.3782960492229368
2684,-0.942241664440553,2.355331440444116,1.3734030097764176,0.21692485275931642,-0.7907919680629855,-1.172833488292925,1.1524783440362236,3.907225678004659,1.2401866936293526,1.438012139227403
2685,-0.35542759882606245,0.6653465666767516,-0.6901578869401612,0.41828529592559166,-0.21002451124128618,-0.7186249494239277,0.7231290885364344,-0.4352113354007195,1.9472065292028906,0.29843008830884005
2686,1.4328526214739141,0.4523697495244012,-0.41683359463390585,-0.8849593022547241,0.34938180395425655,0.3920336017107322,-0.42524065489634966,0.03411816342483596,0.5529898440999318,-2.244480077714676
2687,0.605870948834518,0.6309159124589376,0.044845891744353786,-0.6269108938511316,-0.5571099875722366,-0.3883642250081963,-0.24644568608062606,0.21435999479442677,0.6700476469172432,-0.7471949279802544
2688,1.6096516254486082,0.3412187686988776,-0.4389852079702098,-0.8833090149257853,0.3542767572509795,0.6505112775014987,0.2147993022675512,0.5306097149500423,1.3688148642325908,-2.0990998347871366
2689,-0.3646834240993761,-0.2348890894848184,-0.409345964029674,0.8712049222820233,-0.7898011508045819,1.0570651961098967,0.3720860609048748,1.1124123838670201,-0.4047757475180293,-0.0684619495216294
2690,1.6349919339758767,0.2692363513142069,-0.8397803074178232,-1.1440562694595793,0.2809878454837566,0.511340931149909,-0.43900626738209064,0.46345943879582074,0.5035486844377202,-1.7170337025915117
2691,1.5877242039426533,0.2566422944224046,-0.7016924989035446,-0.7998007831308528,0.4516130603165294,1.5813201926717206,0.07353828494705768,0.7345683917151866,0.41136729018625257,-1.2535347929099239
2692,-0.44283044297415375,-0.6558137552617209,-0.51279965997464,0.7367492047156466,0.6070085201094001,0.08431086493891114,0.14751431566147954,-0.3705905041414197,0.9606375381662797,-0.4127342562898017
2693,-0.9222247300650758,1.4618756075454875,0.7308015836480143,0.5145484111751687,1.1376566200528058,-0.6959592984219672,0.5138029896649116,-0.37613170855758904,0.0646759969877591,-1.003457232878271
2694,-1.2544523971841113,-1.6983826313427863,0.17152984962600085,1.6094599817892754,1.0752910586690045,0.047081784798859716,0.6282048478727651,0.4340437848483091,-1.072158020754988,-0.13789547599045876
2695,-0.05389353345092515,-0.09152325469428076,-0.5970551158768829,0.6622282299856354,-0.14987466168232005,0.714753596742628,0.6669613856178063,0.4654207884708802,-0.075068430397871,-0.6281645749271259
2696,-1.2548423492278384,-1.2054196677279834,0.9426972071900029,1.775486673051434,1.1951001858700918,-0.4375083989417255,0.9830391845145108,0.1778580893669966,-1.3052829442958296,0.6378165331675566
2697,-1.255013962822778,-1.8333970257314895,-0.002407569168194561,1.795107319940716,2.4117892092713564,0.5111584320916333,1.1196932823873436,1.471517422846439,-0.9948549828449426,-0.17432229089318307
2698,-1.2548145011505212,-1.6449658855392566,0.4558963787363439,1.57669052250397,1.464615136551436,-0.4651237005300253,0.47048652529886914,0.38805332071592735,-1.3763094112556904,-0.07877654688603715
2699,-1.0765791340149011,1.0554472052383759,1.1174368531511585,0.47101473900965096,1.7561755941477302,-0.1522458372060704,-0.04047932065314251,-0.265320928271726,0.006937513779640219,-0.06015917764935018
2700,0.08008947408891241,0.2864231049328885,0.10073139589360365,0.5223822135989006,-0.40247883467984646,0.3123223980531476,0.7778039702845887,-0.5448745180756853,0.14280854297816228,-0.18657082424146718
2701,-0.20954264668209643,1.2255021173989185,-0.6298253545916436,0.3827505941564778,-0.7344225973652848,-0.037589807289089956,0.5875863761589751,0.1945478673803461,1.9812088958031484,0.17099272790540532
2702,-0.39841062219577394,0.726445618945455,-0.48382950433007976,0.7000745250303162,-0.7902124028889943,-0.13938634731094507,0.9945411779876137,-0.3368242587477064,0.526445477220203,1.0732968407339423
2703,-0.2851524230665245,0.8000174414670882,-0.40926850919852953,0.2036024544656441,-0.7852117621009715,-0.18119386918347521,0.45522747284236625,-0.2984670179519095,1.4184461725226962,0.006857610342447693
2704,-0.6574539926788103,0.1759819497809369,-0.5766643621962542,0.8817621449988934,-0.7022424736302345,-0.25736432373476326,0.5868069660240477,-0.4293262239824622,0.9577799388794006,0.05771737312417113
2705,-0.7610143306657403,1.3874813382778213,-0.35310821350691846,0.2928452728033651,-0.6322192986771457,-0.2990850798304862,0.7713502482317185,1.2213947761570347,0.3278813987479165,0.7152891436077653
2706,-1.2522404720146554,-1.0965525570381573,0.1298854316605775,1.8477134021800963,-0.6388202625766984,-0.16027243005526554,1.0969672737443694,1.3555313154579514,-1.9167890254467934,0.36312251914701227
2707,-0.49653477569222515,1.082157338983462,-0.221159147576484,0.5470244073229062,-0.7723558049736545,-0.5711121758510985,0.5872079776588552,-0.07823673260886536,1.6013216295921842,0.184116176857926
2708,-0.06283100339873642,0.176351453769149,-0.026755456232054206,-0.016395346868204683,-0.4742486391718984,0.04680748515205194,0.018970134242290264,-0.16673343727395032,0.7652644189110497,-0.25405132285950127
2709,-0.41385521910139766,0.17799460943987516,-0.15123440296507604,0.15440822474009885,-0.75749462751218,0.24306033357769358,0.46663258563442994,-0.528748737311741,0.10370426492864065,0.364083140079768
2710,-0.7828699079046786,1.5843605296237249,0.11867418835600688,0.3755066244696187,-0.7843615397106545,-0.2640408406243239,0.8477912332378839,0.6623828670537496,0.5052697503461739,0.1569882771815417
2711,-1.1333679034514286,0.13963496000891312,-0.7365544227483983,1.1704477922194625,-0.7907567466236237,-0.1506899368125031,1.0894983825353985,0.03751723062574591,0.8646011777479958,0.8657114007502577
2712,-0.8828374962524973,-0.6781775783048498,-0.9570048024327217,0.8725103803425084,-0.18573934129133735,0.8855894330388753,0.5770632563465011,-0.2922584580444088,0.9169481274474544,-0.5774058984233296
2713,-0.022648530034688606,1.4691266064751087,-0.31606148544585294,0.2574457539437035,-0.7907919680629855,0.45159601690118256,0.9064041029102531,-0.7162705277688908,0.7024881971826544,-2.3838176210584305
2714,-0.570025395752465,0.36385990343511226,0.13960286168870814,0.6946449509331459,-0.7907795842502553,-0.7883851720636529,1.1578804280579142,-0.6771252165252765,0.5711609146403729,-2.3241015310539646
2715,0.7561905531866054,-0.3132404191479498,-0.14812675458095834,-0.5934931709284292,-0.7907919680629855,0.3378859515375952,0.5094440666956856,-0.6808533414056207,-0.7173331782272917,-2.264385441049498
2716,0.07275143799040987,1.3811699469238778,-0.2900447307302719,0.04524419247809658,-0.7907919680629855,-0.35682840018375167,0.5960636898021024,-0.6929697472667394,0.6417803024225428,-2.294243486051731
2717,-0.34189957057332304,0.9187060011073425,-0.2554155998725079,0.6452378872083221,-0.7907769341392734,-0.6106003873285206,1.0657966280100175,-0.5415664535149831,0.8168833458122511,-2.3041961677191423
2718,-1.1019975125350414,-0.8210656610852459,-1.1749762852011607,0.9676278641753332,1.0331079430941312,-1.0195956383029474,-0.09875608264291673,-0.580815323783051,1.1955849750300878,-1.1894958209691076
2719,0.7224060840719242,-1.001431488829407,-0.5683523235669468,-0.7639993210241082,0.9857292454120006,-0.02997175013100704,-0.7156639633326752,-0.43377535407597256,-0.5223715452305127,-0.7859420965514805
2720,1.7081921640376434,-1.7078033302481002,-1.2056067551092462,-1.4747973079294394,2.515845819587334,-0.373248358181071,-2.2876607789453782,-0.06866157071137229,-1.6258275898784957,-1.7498084982518158
2721,-1.18752378485802,-1.2459173611654624,-1.3259384627744562,1.3893663152923228,-0.0274816153916149,0.5921157826257432,0.24832133120788694,0.23205849923987765,-0.4746528255470116,-0.6536079934109297
2722,-1.2392326308871233,-1.4118377368208301,0.26201485978007993,1.4629995815874468,0.2858532255418398,0.08455795368358045,0.46993766642120977,0.281968399545597,-0.8754234081553501,-0.2433677623614674
2723,0.45226606488806825,0.7687924492936093,-0.07812973572574135,0.410643196140817,-0.790418371005628,-0.7522867386148954,0.29741226884433375,1.6239563068427356,1.7543453941486615,-0.9307260976164212
2724,1.6197287042859287,-0.5084661459102514,-0.4192312423323482,-1.221036378606959,0.024189652474695168,0.03447102843401941,-0.5783514501909326,0.06545469755813887,-0.2218865262945646,-1.73357306151557
2725,0.5370203074044704,0.5034958316733462,1.1874128708984204,0.08814097291013878,-0.7705884749914332,-0.33280394276482905,0.23348679090889338,-0.2364434141486827,1.3412143681173576,0.04777965789535764
2726,-0.4936290466202798,-1.2295386007873155,0.4211633715554134,0.48709085247618633,1.2965389905678562,0.43891644215230563,0.20984844527636715,-0.31636440996169046,-0.6406326764972127,-0.2688727667335875
2727,1.3449446415700685,0.5016823780598616,-0.28213541288966265,-1.0881325225792478,-0.16576525127348965,-0.2214747455081018,-0.004633860742500875,0.9557224691630063,0.5662051681293434,-1.8702592470200217
2728,1.0001642419065289,-1.914383534903189,4.081253467529875,-1.8446691219798108,2.0625981151694814,-1.0253713876547494,-3.213740543265174,-0.4345899812539954,-1.5565062540949501,0.19392693080102427
2729,1.5226646578262624,-0.33715068754157274,-0.6321147487940787,-1.3175552579565761,-0.5760290169347245,0.34781089187320047,-0.5343983796455456,-0.12229090151793304,-0.15791158447148493,-1.4833255331762285
2730,0.15881958084562225,0.02114977937738392,-0.023149691377094165,-0.5344748337998706,-0.2648834100899903,-0.5804892955876245,-0.3129342416762559,-0.572970966663025,-0.7806777842721168,0.4634761739904149
2731,-0.5439631670787527,1.0086748022544958,-0.24930636814494703,0.35106566484768437,-0.7237843618794335,-0.4994317312491347,0.7264687852743982,1.4179682136152316,0.11832521130980755,1.0001000417904202
2732,0.8841333791568774,0.29498817944688405,-0.9373029684017858,0.189022302382348,0.15822649282106233,1.1955847302800844,0.42994184452014583,-0.32549054899169977,1.538150952605,-2.3838176210584305
2733,0.4048919004384468,0.12751095504980609,-0.8616651117323512,0.06763732207999519,1.0795743031418472,0.17241975721685057,-0.2019972042154979,-0.590808769642863,1.2157176952311448,-1.348738727647684
2734,1.073290238539918,0.38089705612305874,-0.551886024211868,-0.7334546668907307,-0.3908649751863452,-0.21708032589343115,-0.28649918587465356,-0.2169399704613596,0.752196968176354,-1.0642620378624468
2735,0.7904407056415181,-0.39751838822109375,-0.46640569559273737,-1.2269628171809848,-0.7872371422401424,-0.5506138155450467,-0.4786723885367515,-0.45532767590091006,-0.2821979856151083,-0.617465442134659
2736,1.0361082393099927,0.3286972435893036,-0.867819482539321,-0.7023309641218426,-0.6486846670745561,0.09371759395476922,-0.2827588975177945,-0.5099902998250603,1.0536955227797755,-1.1714815308942654
2737,0.746730461908816,0.01870535403675133,-0.3726607129106239,-0.8107026279782095,-0.5654832743339914,-0.016453836407060357,-0.48163150550427936,-0.36521212928114044,0.33251822710401363,-0.5342460649653112
2738,0.8969446043711763,-1.3355291414792385,-0.9667471512058495,-1.2077047257233522,-0.7907919680629855,-0.9941462427215731,0.23654568422063124,-0.6050481355052884,-0.7421119107824389,0.24369033913807997
2739,0.62763518643803,0.42082231152543315,-1.141843310510752,1.1385671646103244,-0.7724524079737098,-0.3101814887893608,0.9453359200974426,-0.0914042507012299,1.817460365785558,-1.7424383781771289
2740,-0.8100188726916692,1.0547898894696235,-0.7308194673378603,0.5535326897910242,-0.726848936711009,-0.6462475903591685,0.5833967341650348,0.13840210105002035,1.8055547747626322,-0.2439910625650601
2741,0.01873098888315619,-0.32785376352831597,-0.6168660317874235,0.2713970291321877,-0.7618768659136739,-0.12461770651764763,0.5982615204421533,-0.2785265314018076,1.0767503034843589,-0.10340943401287951
2742,-1.067729301183238,0.07684062226329005,0.22260578111170598,1.124141014886974,0.6520941467937755,0.6312386367481929,0.6721624585189723,-0.3071905636490117,-1.0563860045904998,-1.1341817713996112
2743,-1.254349697537221,2.421713825011083,2.057768604729597,1.176630407126384,0.1856959843719016,7.442057654253159,0.11229775172174981,-0.2558471050463803,0.5017804634859601,-2.3838176210584305
2744,-1.104272011615613,-0.5389203233412027,-0.2941593171711746,1.320042252592012,-0.7857864902801971,0.17386335449709517,0.9989425761135653,0.38741538854897334,-0.5544849537944225,0.7284003605173266
2745,-0.49612615978177455,0.07241736140146839,-0.38474638987063237,0.2913052823091678,-0.30484549624389307,-0.015999505203343114,0.4645644704525134,0.5091199241812241,0.8689408802455179,0.1351156300390505
2746,-0.8287537508941396,1.2680435556360328,-0.18986076405947006,0.4046686311838232,-0.7532979041373028,0.11865526430804081,0.7353497005159523,1.3534843552397962,0.12629201634511397,0.8525303506268355
2747,-0.15342924439805633,0.9301154734547898,0.4101228779733064,0.685432962432893,-0.7907497828429108,-0.7816167157920108,0.8968359720514328,1.4242384132238326,0.6829061154828214,1.9323286620421518
2748,-0.9832167326742837,0.9679396029945092,-0.12117224497411618,0.4941731240209139,-0.7907919680629855,-1.007141678763126,1.1202521186654493,-0.45592314029151987,0.10532074260360197,2.0351730392720646
2749,-0.35145197954965884,0.8955511931571967,1.0625109944461035,0.18625489747689797,-0.7907701353055304,1.8786358500514386,0.4463044376868298,0.4288259880581048,-0.7144698580209193,0.5707070224958711
2750,-0.5204125409020451,1.2902381152200768,0.1371209227333287,0.609597611070226,-0.6981584352922962,-0.16802094701441886,0.8831506596215322,0.6852174516752748,0.6297923994017272,1.3820069877596886
2751,-0.02264853003468826,1.744613502428021,-0.26879159475809317,0.679716197865213,-0.7907919680629855,0.5201830404538224,1.0063116108516326,1.4458347847818438,1.6548174850521529,1.2290058242117714
2752,-0.7500482425244585,1.6240135632385777,-0.6272497227885406,0.3482693848418709,-0.6830912828429994,-0.5847503032749471,0.694880589478577,1.4425975413630447,0.3522439190288973,1.2191227967340095
2753,-0.34915002594176575,0.9183512744161564,-0.17878818408428043,-0.0763068264230282,-0.6073601387004316,-0.5841037011304815,0.44899927729385514,0.7777803341044772,-0.23588038076359558,1.093869188436351
2754,-0.22291026619229198,1.3595956719396145,0.5000027586444554,0.612892255561136,-0.7907886507475915,-0.6522038318782135,1.0535177531216346,-0.0205610014868792,0.3609546667975392,2.159581560114703
2755,-1.1155255407877807,2.255757863593666,-0.20998159552115986,0.9207089259618326,-0.7906625179359578,-1.1533403342305957,1.1668218085076087,0.4152153734155783,1.0568240727212617,2.3934695792988614
2756,-1.137413108533762,0.4016978626382821,-0.13812914276278268,1.0555653286754858,-0.4604350530801343,-0.26503008392356087,1.027643633445331,-0.07252691995789991,-0.693132616098431,1.2897171823829783
2757,-1.152736741430576,-0.4614944113475089,-0.6193780848940222,1.020233946414713,0.18219484480911022,-0.5956195374472854,-0.16029016615435754,-0.4049721002601489,1.358298652142221,-0.31365983423693755
2758,-1.0971644354664039,-0.7884276553398202,-0.029819509447347275,0.8432215886092324,0.5761976320170791,0.05631817063728327,0.5048336674013122,-0.549851175471304,0.1802764085829231,-0.3136598342369371
2759,-1.0815273019937066,1.228253382474973,0.6331573367169843,1.0318425947972085,-0.29919140341710143,-0.5907950413197712,0.4204339344113494,-0.3250563976968733,0.79408237363211,0.6990419309413666
2760,1.7915147963442284,1.0343219875614769,-0.8458745080668958,-0.17975344304573793,-0.7580646563238125,-0.804629467115594,0.4583105472489946,-0.26951689627430914,1.7803630633315661,-0.6520510109289123
2761,1.5100066939750865,-0.20039036538410612,-0.14497801139678,-0.1925495171039655,-0.7907741219038549,-0.7775556420290255,-1.5774368745111647,-0.6087762603856326,2.3502739120999556,-2.0852371710360997
2762,-0.5157690264397301,0.5078743341705936,0.40077517100997584,0.28010867055894717,0.5415647498472903,-0.3545374124735516,0.1692747381703928,-0.2050675988551565,-0.041393896717166596,0.5018406299813156
2763,-1.0816365267364172,1.589721271771766,-0.06796059841196125,0.6048947092747434,-0.20054992799168592,0.5547472904810085,0.29170748183866946,0.85228623612371,1.029773956348559,0.33326447414477917
2764,-0.17871817450642036,1.1132150431812158,0.11365635441970715,0.5971103463586943,-0.7033681086217695,-0.11092084762350664,0.6266305510181952,-0.00806663911890148,1.251908747671557,0.6384250991721152
2765,-0.7436620174044687,0.7713814214066279,-0.3232889084619251,0.6777142743984524,-0.4457286856533089,-0.03355424294783683,0.8452165480783793,-0.04680260420800405,-0.2084607189296398,1.2858341981289363
2766,0.4861272231518004,0.14497165115532237,-0.5277680861030781,0.02469891225870378,-0.6392341723168178,0.2207040970154206,0.10026420594424003,-0.2846165718458614,0.8472696734899048,0.1055629369372476
2767,0.9141038413615474,-0.03313117468472524,-0.03400574134313785,-0.893243912979906,-0.7546425724750268,-0.1098805054482315,-0.3762561350930296,-0.14222366496198582,-0.09071308357621208,0.42052203743974215
2768,1.3675149384549032,-0.08754031162026245,-0.6566370385454328,-1.5827718742300672,-0.7906966139520747,-0.5447207462845368,-1.3151977765999823,-0.46337939005220824,0.11743478963056249,0.6816083325041656
2769,0.9459348338529178,0.5592177293503147,-0.6865258551162479,-0.16635903404312088,-0.7841458586570909,-0.32986587860031696,-0.4339473758533402,0.6675075947741675,1.1092104431316028,-0.5176068694049683
2770,0.49970539325027585,-0.014519688596598893,2.1215570698399486,-0.8408839360541621,-0.6845381065719862,-0.7667261119943981,-0.6710044314233724,-0.6013200106249441,-0.1127321038816953,0.18397424913361382
2771,-0.8147289202933455,0.03194798060027791,-0.4733313456600855,1.0003289423241373,0.19754353935035782,-1.1396229295200684,0.7293150956704683,-0.15353078888582286,1.390511004463914,0.3830278824818349
2772,-0.748313860586255,0.8086218800337895,-0.8369935730121913,0.14014840840995096,2.3743758777604413,4.756334205665568,0.37550963870963516,-0.7144064653287187,1.7754073168205362,1.1991477792095384
2773,0.4121250947354312,1.2533838566324669,-0.4542205173408999,0.4131313216521388,-0.7907032984673047,-1.603848783671095,-0.16358109090320286,0.7756007785155188,1.6465579075337697,-0.17432229089318307
2774,-0.704523711328833,1.7910811716248984,0.31405168709402537,0.3320895192833646,-0.7904178347478764,-1.4489865041759233,-0.2038173029268285,-0.5217866798442676,0.9874436215668494,0.5422707891604107
2775,-0.6773715845979426,0.1296249178916717,-0.5237215512817986,0.21997153705889422,-0.790768376285087,0.3472457596389505,0.2476691872800724,-0.5458419618102983,0.8239039867028765,0.14985076913106185
2776,1.4594185099512174,-0.8981616644139617,-0.4697169027201118,-0.5639379481918838,0.7077807907511521,2.6459785699662337,0.13425988977106557,-0.08869860307206894,-0.08134707696915786,-2.276083073398858
2777,1.8394754360071195,-1.0694464166733133,1.1737959376545612,-2.016324190112914,2.592932089336705,-0.8329667373728693,-2.6490054377792536,-0.5536828593761018,-0.7862180547306014,0.03468402412244845
2778,-1.229098420754709,1.0675131798449595,-0.6870267541764756,0.6733181608361,-0.7907769653170497,1.4424980150695885,1.040711088415041,-0.4733210563997928,-0.63804123405082,2.3934695792988614
2779,-0.8796843083585215,0.07841564979715399,3.288631334679047,-0.14563057889046438,-0.7906789798018224,2.189735587458878,0.06721829195453961,0.8750174419913646,1.1361160168977333,-0.4729027409155138
2780,1.282886692952557,-0.306543607998988,-0.2743733263036474,-0.9629317195389431,-0.49324142271004484,0.6419276615563358,-0.7372286305806218,-0.5123031098872097,-0.24117825144256372,-0.48493377669582505
2781,1.1722699407754065,-0.9388125250421958,-0.24832522627561354,-0.6309069802369469,0.1056816148745579,1.9017173832768008,-0.24138185085981462,-0.12326400953681096,-0.2749956533429563,-0.8140348967832733
2782,0.7311676107537928,-0.8011509457151559,0.7769644833035743,-0.915527701393823,2.3201265470696146,-1.1132710731024744,-0.782399129525818,1.3733434676640413,0.7495677890374337,-1.338786045980273
2783,0.5405566848971063,-0.24373415766018452,-0.321484091774511,-0.27182359088180846,-0.4014766389392734,0.17124728202883294,-0.148620515782465,-0.06607491583862792,0.28408538479691414,0.13224159362172289
2784,0.9091432888071722,0.07310505903179795,-0.06282856967184226,-0.43482185260640743,-0.16743894877342333,-0.2718165894119267,-0.2928585499050377,-0.06533992366079223,0.01958632796279179,-0.042946892883357374
2785,-1.2273780934624532,0.8617277876873622,0.8891058799620164,1.0500914525505773,-0.7907724383039367,4.950543777619886,0.7055956003108613,-0.1473172474185825,-0.5356224728228771,-0.2738491075672932
2786,-0.43508024191836825,0.8323298745219926,-1.079282266551031,-0.13405317855206822,-0.12388329959598862,-0.8745572896249026,0.1259227124069984,0.7667242907051747,-1.3976863778129103,-1.7013480210073888
2787,-0.7926511260871387,1.391127724269239,-0.007112723049258269,0.521840736861456,-0.4335385197325568,0.03357400355368742,0.4359544763605121,1.8216636679955611,0.7343794418662283,0.3080491755111564
2788,-0.45303175870553325,-0.30467860022936955,-0.387371321125153,0.32239552378470715,0.47548001080731617,-0.025198655441549096,-0.024973817902307995,-0.48260606438777137,0.9586946602727514,-0.05930095844139865
2789,0.4909082650512402,0.7750157978467628,1.9891771175599906,-0.03473127038582588,-0.7904277492807268,-0.7489250719999794,-0.3069691659272116,0.5313309295846325,1.2538149965346839,-0.006370787755622028
2790,1.6080132185036025,-1.9036517160648638,2.6632976302610127,-1.9334127391456315,2.550842091386925,-0.989453446373235,-3.4464337601764967,-0.37493998316848803,-1.7392907045767543,-0.7615305092704332
2791,-1.103952429912605,1.333042718112827,0.9619425791217563,0.012187667827675226,2.0900345582774857,-1.3038708017119163,-0.2932311074237748,-0.5652814701149501,2.1817785307249538,-0.23403838089764922
2792,1.3511110095267262,-1.0547316547609689,-0.0005457955136567703,-0.849764411450572,1.2403815409977523,-0.34415785004323757,-0.9152345128315935,-0.5408001167340231,0.8551251897223621,-0.9745178969530294
2793,-0.23209537030164396,0.8410835955637888,-0.3631151550037557,0.49194670087891396,-0.597856850616975,-0.24390972355346463,0.6089199947275391,1.9769309826322978,0.8560618802716992,0.6370946903213482
2794,-0.6596585066855131,0.5609796643952336,-0.216081316867377,0.4900477903809291,-0.6166175719793933,-0.6429338010496557,0.5428677580566094,-0.20693371210569544,0.11337136353749339,0.5900350441235788
2795,0.6122555374969587,0.19426012277989638,0.05307477143764985,-0.5724049430524278,-0.3012356217715186,-0.682205176488704,-0.2097764815228993,-0.5815137986296409,-0.32080694391336545,0.3842946591186624
2796,1.0689773335967632,0.012033265230187853,1.3361305548026285,-0.18188612205544274,-0.5259710542958503,-0.7131199383229937,-0.16646841167341664,0.1747513186333764,0.2688603774675749,0.004825979120215374
2797,-0.6636792218187604,0.5789181219146174,-0.3414938454203713,0.27322947939894865,-0.7593385687243148,0.937020241755553,0.7176889601495842,0.26935819152532897,-0.14628683631001033,1.2087012891523208
2798,-0.9621687868080633,0.7390939830034067,-0.3511098602748829,0.7220529934614657,-0.5982815059672365,0.1864166998112964,0.8225159676444522,-0.10393521497777308,0.04586438220722333,1.5036375132590432
2799,-0.9243234503056285,1.9568474690864095,-0.3546363064883425,0.23264574374513888,-0.7906372789025204,1.2453386854106003,0.6017638198387827,-0.1645968103560511,1.54956686867505,1.209384823210303
2800,-1.254374720479654,-0.5654934805024235,-0.44508070910494596,1.6031662090673027,-0.7907784618503101,4.474766424765256,1.3344726919393828,0.9620070225327296,0.551337928596255,2.214321309285463
2801,-0.8188283634158354,-0.5235145249286465,0.06703223082487529,0.7417670014332852,0.126429775347671,0.25522053893993873,0.6380864038322447,-0.3545181435461584,-1.2501467245416895,0.39952089781640104
2802,-0.8824844449387443,-1.2961527968559445,0.8701754745937398,0.6295212277284715,0.47893974581084536,0.09473936638116605,0.36662702477331344,-0.42788823295718637,-0.7804324173355821,-0.05702282838440979
2803,-1.1186377692528617,1.950398894585618,-0.6718800315103023,0.4387234697685944,-0.7826321204604553,-1.235644762493765,0.7952888229468605,1.1888012860870025,1.7803630633315657,-0.23403838089764922
2804,0.148943558700571,0.6786559357626786,0.9040766983253277,0.11491049251301026,1.9187057680644204,-0.7756004728227742,-0.5806713160761374,0.07920048555147222,-0.34467979207115973,0.34666024568632187
2805,-0.8981128208108082,1.1793574399032434,-0.3924879887757602,0.5255385850121248,-0.7844915082392439,0.8293168978059137,0.9451820721206395,-0.43714443719052687,-0.12654812445789812,1.6572727323246106
2806,-0.5746129351984808,1.2622348412413968,-0.11525162160431378,1.133976826932292,-0.7839702706174955,0.567832972606183,1.28020348004332,0.8166101521993051,1.6036081044381807,0.9005673291872076
2807,-0.829041470495353,1.2142170339433673,-0.3194611190657274,0.5470268470097729,-0.5642700078365054,-0.15911331332408649,0.7331765929415998,1.0690506374579232,0.1135058931597313,1.3136692404616936
2808,-1.2412345478346232,0.6891335878132484,-0.42549087734834645,-0.13709986285164602,-0.787566938886745,-1.2118197964175836,-0.19115034728976119,-0.6808533414056207,-0.21680278061331418,1.6171604092408014
2809,-1.1759728493672248,-0.9469388301415445,-0.047721740126879304,1.366669297175005,-0.7493279970312618,0.3234630438643424,1.1947388288520293,0.43779632075233893,-1.0475177121431003,1.0028439886328506
2810,-1.2501176923982718,-0.5654934805024235,-1.4830882021496192,1.3515100859221605,-0.7907919680629855,0.5761356122993976,0.7264588213601488,2.1922882330463205,-0.03839590621625306,0.12425815912914767
2811,-0.3452380246375298,0.4062361592602116,-0.4563766946028441,0.21249119391690746,-0.7059652575184101,-0.2596285930404272,0.7637658708071792,-0.1015981056976263,-0.16338128811524308,1.373216563404539
2812,-0.22140967161327424,-0.33929550509048473,-0.9565200756086475,0.5682304026329053,0.06270623055211391,-0.19628061742040062,0.4295956764923192,0.13734579900058946,0.4717981970942317,0.23473292563741013
2813,-1.0808750212539433,-0.9737451455892686,-0.2078841944404236,1.4848025240286975,-0.7905843240730999,0.01841481551608739,1.0843934574869865,0.866007806863866,-0.33697963350577903,0.12425815912914767
2814,-0.7983522513335283,-0.16300423499133687,-0.15640814621096635,0.5890876765564413,0.21110694713484887,-0.040193527136911204,0.08515092518384815,-0.16916363754332528,0.3999428020323766,-0.2684323959382989
2815,-0.8509027454272805,1.6491746576406907,0.07364221004769482,-0.12794059841755806,-0.6307767618481676,0.013361653425002727,-0.014573716958923691,0.15443124818019915,1.5450152242021526,0.098767072937586
2816,-0.2603664831464084,-0.6053229112426036,-0.9132185170748176,1.0870578887187905,-0.7907919680629855,1.5832819055197447,0.13930817183020222,-0.0868387771374426,1.1162930308536154,-0.11460620088871692
2817,-1.1125540663738842,-1.488208625983263,1.2341979189040766,1.4026943821550708,2.488486538868733,-0.4082686678482318,0.9645230758332678,-0.3111476241048195,-0.7247667979938359,0.273548384140313
2818,0.08904971449498159,-1.0819484324334254,0.3965149465121515,-0.41008277609383403,-0.7830065655533269,0.3664037139621136,0.002759631921011402,-0.6101846631182078,-0.6716907528607106,0.4507061178202294
2819,-1.1588529870045887,-1.1489358647763928,-0.9039219458285641,1.3186446137663588,-0.6900647561520659,0.06278204637670025,0.5212595246600454,-0.03915470070564421,0.40911290785386095,-0.6187406294732959
2820,1.6288656705309468,-1.6276116335738926,4.129842378712573,-1.3441961823444464,1.1734079362600631,-0.9291690625138089,-0.8289688193679775,-0.5603106369411578,-2.0162343387681183,0.5422707891604107
2821,1.6399812723840317,-1.7543385780578098,-0.5626066731902197,-1.7979244056038184,1.0967948034108257,0.006255031269744002,-2.4285878984343245,-0.48342408934667624,-1.0484576685028222,-0.751607537100537
2822,1.8337844543079898,-1.5408166657525844,0.3947720578712921,-2.127152409317229,2.1494313398286895,-0.4146310167435753,-2.9741381954247657,-0.3995784010698371,-1.9447821102528446,-0.5309600506420787
2823,-1.1654619502802623,1.5388281102704242,1.0010324294904402,0.8929840988356726,2.4866158722931866,0.30539736143371304,0.5852595217587216,-0.2987205411703388,-0.6628199666059674,-2.0553791260338667
2824,-0.6857565045042235,1.3595956719396138,-0.36560135933518245,1.6116969251061206,-0.7907919680629855,-1.4738944232555664,1.177439697791621,-0.5888929276904634,1.844787767974949,0.004825979120215374
2825,1.201260076145226,-0.2930491105088311,-0.4223254042647001,-0.758207079777947,1.1207531305804548,-0.8337789521254663,-0.9195002964211356,-0.4104607285562116,0.09371603619027451,-0.3261006863212015
2826,0.2368934098011045,0.5360392134056821,-0.22366002936687324,-0.06924189436104544,-0.789025416836914,-0.5267474183122953,-0.22796157030590447,0.3112938923759832,1.0868964435950093,0.3315679943151067
2827,-0.5886801841599214,1.0051644941919935,-0.3385382785257957,0.3130695022130796,-0.6310623659111186,0.15112586639152734,0.5872003612120911,1.4567107486267716,-0.14363381061918204,0.977032565815256
2828,-0.923079440590758,-0.36488092429717084,-0.5308971906496139,0.8603606652833999,-0.7738623704602241,-0.1898298204642202,0.20589596930637502,-0.418900229939334,0.9725960345402305,-0.2321581657369733
2829,-0.4097074987055317,0.9837447422276526,0.03085706175327362,0.7561705991191369,-0.7688350322046453,0.38148850993484484,0.7031716947112939,2.219037653832699,0.6917905516016154,0.23871399830437473
2830,1.7602361183032125,-3.0037184656471143,-0.48845517477961753,-2.02835960865768,1.4240772573831952,1.041805403788375,-2.6463043957684085,-0.5354564710721964,-2.063313930622898,0.8408512391827414
2831,-1.0809545192965153,-0.024640953404030726,0.28754939569243976,1.1224972213985738,0.8728540578030962,0.827875391338904,0.6947849163437989,-0.2692381818628168,-1.2126896133316063,-1.6215159289026528
2832,-0.5186050364060661,-0.13059402961083827,0.35165909226559455,1.7425824826159917,-0.45425446389154245,0.0010153705937856895,1.2863311641848367,2.0803261334651895,-1.0900572332011096,-2.371874403057537
2833,-0.48904189873832554,0.82930658482089,0.16213545379029723,0.08362843290709397,-0.7319207998182428,-0.2609699489986811,0.39286427337890045,0.14986080460825116,0.32044993086317397,0.34995164789039634
2834,-0.7069478088770117,1.671592879404358,-0.47868403296898354,0.2969003156232389,-0.7240807243125165,-1.3119929492378868,0.6651265398380248,0.6466697930702814,0.3295682722276859,2.109818151777647
2835,-1.1197033279489514,-1.0321634445031054,0.26997324246013044,1.3181171209282567,-0.5633362534355542,0.3730812621718868,0.6106153975196746,0.10478323781834913,-0.8180117536069225,-0.14263551842728897
2836,0.48396179196963124,-0.6871945188751959,-0.5272368427896714,-0.9077078783582396,-0.7817960447411805,-0.1274228556168961,0.10521915886574153,-0.6386012594283863,-1.333497661098624,0.7811351491782753
2837,1.8446885490139557,1.671592879404358,-0.44382332508173383,-0.9645793186170285,-0.7586913296266207,-0.04114759967436328,0.3784900988595334,0.1393341322701063,1.7555843307764183,-2.3838176210584305
2838,1.7571082504991113,-0.18711388847071275,-0.858696655227971,-2.0991645517798725,-0.790036218766465,1.4100094249657051,-1.6715076479923265,-0.22975023088397076,0.14001096818080835,-2.3838176210584305
2839,-0.1102288285495326,1.691507594774448,0.0476130692005984,-0.29491810956978565,-0.7907660780375799,-0.14944290002063723,-0.02461713641419892,-0.66842625847114,0.9329304099455246,0.06454206912468152
2840,0.008662174184248497,1.0143464059096163,0.2900927746934759,0.13073479465837487,-0.7772272652734125,-0.04375429270631809,0.5229969039813475,-0.1790084682567108,1.6654855375840543,0.5965184559464991
2841,0.39674641136526506,0.9296314352339884,0.28547415710848084,0.13614963526675472,-0.7907919680629855,0.0437062804511226,0.7162290128248209,-0.29087594506794906,1.6374723722635494,1.0374167021141085
2842,0.01820148548065463,-0.10695386988884792,0.3303638483501448,-0.16872941389800628,-0.6277140520037524,-0.06911656834712679,-0.12683575961201587,-0.2588021758036383,-0.44082439963067854,0.187686330404162
2843,-1.2541756585042183,-1.2141442096996427,0.3826719484328303,1.6476477998411412,1.0338508649627054,2.203659268931969,0.9351176431043619,0.37704647583110146,-1.683845340635498,0.43990034915275483
2844,-0.8435651332513551,-0.3480911710456072,0.05998028049893312,0.9505664320976964,0.15209167971952117,-0.09911566738749508,0.6086892501593097,0.05854083335857266,0.30279347510559623,0.21797924483060138
2845,-0.0810203819457915,0.15803763217497752,-0.293262671126708,0.0826892966018215,-0.43019127445287636,-0.7285002775343932,0.46912837573472954,-0.28199092596654257,-0.16073676841853424,1.079450194356142
2846,-0.3223572613574233,0.5380147878435346,-0.28334532198596546,0.04111055868439481,-0.5174826439750663,-0.25757267706692727,0.4385263236588255,-0.07196226557964067,-0.4526846623407036,1.1264246441028312
2847,-0.6305266468496589,1.4077715194738685,-0.7654358105777852,0.0755863192061132,-0.7382033212802024,-0.18087687780028122,0.46932797026798223,1.5064722876798216,-0.13107105750231698,1.25921323102987
2848,-0.462285574106638,0.4535198588564247,-0.18649452770073696,0.1795304283786867,-0.34411601839007494,-0.0610597219660229,0.5097226995766382,0.14162132041709855,-0.784935578068298,1.0926047475576304
2849,-0.6080671731426397,0.18752510887508067,-0.4317254693577988,0.9303059815055036,0.7925375787912442,0.9160496349775412,0.7362391954284284,0.2845781297579079,0.17483885338332145,0.6917979827827053
2850,0.6701741885738117,0.27424368426970663,-0.08171785890122371,-0.23307041828835307,-0.7576782888492991,-0.9389156395449735,-0.09316771986185772,-0.5497476164468491,-0.4026432747769198,0.9602834191916737
2851,1.8118459370708893,1.3131280027427377,-1.074058009523015,-0.5188494055887685,-0.790591806739402,3.7329436173932797,0.33406261475011323,1.2416163885585456,1.0072666076109669,-2.3838176210584305
2852,0.3083450475518444,0.8642171271086236,-1.3014937284989434,-0.1331899513338547,-0.7907100492353092,2.4343701586369293,0.0754145573667591,-0.4160788056328423,2.0285633677589585,0.17402156746620293
2853,1.570218149204042,-0.16980705249432457,-0.338847231155809,-1.076392632411541,0.06005568361569991,0.4807583942087145,-0.3089517041519206,0.3448248250795543,0.37452397272059645,-2.3816849035582712
2854,-1.2440185456720114,-0.0850509721990011,-0.4540937223133491,1.0358735924858808,-0.4587392975707356,0.03141025155764032,0.5180361744715641,0.004655620967671577,-0.6708730546863902,0.10186462537747286
2855,-1.2287554071866158,-0.2894042258747372,-0.2633534577755348,1.0845618643963213,-0.6899424595373802,-0.48225240720146134,0.7903965907887754,-0.20032566006910696,0.10016309530879013,0.989256781379026
2856,1.1132419476685615,0.3538140842839776,-0.7361739173680654,-0.45366747143715763,-0.13598029430396158,0.010302034549803368,-0.1525734427212931,-0.06360429413586603,0.9503751575437092,-1.123857933288311
2857,-0.7316351914568057,1.4792780646998234,-0.05623508612001766,0.9382941739365898,-0.7905711200113649,-0.7453583726161341,1.0901566608579794,0.9822391856260596,0.8045157152649891,1.66989216123305
2858,-0.9872579378771834,1.4113739319018481,-0.09719319201379964,0.995779227103434,-0.7262689365392611,-0.677707375109761,0.6297801452478259,-0.42410980797924924,1.6336729666050933,0.6497597511684496
2859,-0.2363819928245575,0.9350803226338606,-0.3630700374934947,0.3545537381855862,-0.7786447946546791,-0.6683217824130846,0.48654730252329126,-0.3736765630701487,1.193024505999389,0.2516524844720088
2860,0.05739509653313056,0.9989180491257614,-0.09040281513358192,-0.09668051781057825,-0.790466144266793,-0.19802107760453722,0.5045742077007627,-0.5285328105801292,0.8116326143898509,1.310049089217832
2861,0.46412589697862033,0.4003702149469429,-0.5277616333203674,-0.5049869920256886,-0.7828388291170526,-0.11140417577400852,0.3394181290819617,0.9292305912930365,-0.46149276459539473,1.1394316892050722
2862,1.8040262675606347,0.018671503686884538,-1.8970000033369294,-1.749405194188319,2.7036131950564957,-0.45266974099020396,-1.1285050644327466,-0.4608939734653121,-1.9265353269184846,0.004825979120215374
2863,-0.8025625571579915,0.2266696419967138,-0.2727627445793025,0.7060192389849034,1.4103590358291929,-0.32018849023326246,1.0014683631080479,0.3336108621458211,-0.6347374030434668,1.219053142544361
2864,1.2097313847813342,0.888280741514149,-0.050589679637500835,-0.2437338133368758,-0.7907919680629855,-0.8966804724099267,-0.05907870689739702,-0.562796053528054,0.8833729448352298,0.8408512391827414
2865,1.7509546050206248,-1.7905637920896544,0.853511962217533,-1.9671438420150393,0.3207152111297284,0.4181455539560301,-1.9175032380865624,-0.38683201114328913,-1.659897236426619,-1.5057008114441455
2866,0.24606667752666234,-0.8399243715356378,-0.4696319929468281,-0.32362658740464256,1.439587830075217,-0.4590413036393448,-0.38300811747390695,-0.37745560614429263,-1.0271040435133882,0.6346060710816404
2867,0.14208584098132843,-0.5831954497202816,-0.15456864639735954,-0.47121957437203277,0.6956646350866833,0.5905749856789004,-0.24026584684329252,-0.4861623754320904,-1.4408721688375954,0.6019868791648768
2868,-0.1102288285495326,1.691507594774448,0.0476130692005984,-0.29491810956978565,-0.7907660780375799,-0.14944290002063723,-0.02461713641419892,-0.66842625847114,0.9329304099455246,0.06454206912468152
2869,-0.1102288285495326,1.691507594774448,0.0476130692005984,-0.29491810956978565,-0.7907660780375799,-0.14944290002063723,-0.02461713641419892,-0.66842625847114,0.9329304099455246,0.06454206912468152
2870,-1.2530450841152754,-1.8166061872821972,0.24088536229893612,1.297314948734373,2.1820493459522723,0.6109812177637561,0.4422522224340098,0.02990270195882596,-1.402392254751955,-0.3218561603159817
2871,-0.5106654156479594,-0.3523322678373851,1.0045680149114513,-0.41150456210030406,1.1376491054092974,0.0695542629018265,-0.3914414088909074,-0.6007676958278567,-1.142701420423989,0.7479595436202398
2872,-0.7484050621583873,-1.1444259708493938,-0.28281112620385307,1.0560054550789604,0.4515115269722877,1.5335881650030043,0.6702963689457676,0.21717244548876286,-0.43432725706618547,0.17929063423130234
2873,-0.8640449693380136,1.1936397105221974,-0.6873754405022403,-1.0328250469275755,-0.7897182054486221,-0.45266974099020396,-1.2082323734425238,-0.4683502232260005,2.3354066725668674,0.004825979120215374
2874,1.6722389856173077,0.14387853306110987,-0.7146401870246877,-1.37724050629074,-0.6261315381698244,0.002814294613082326,-0.779163775027316,0.5823445945134575,0.44610115780698095,-2.2662390202970486
2875,0.8423792674198505,-0.3797049593664755,-0.28919246573699153,-0.846527243484341,-0.7268003460086103,0.36823865308617787,-0.18988411345112555,-0.5577190431765819,-0.31606609521141626,-0.3402934199876781
2876,1.798860886983669,-0.9559505626853406,-0.4637498621933101,-1.7659280817585765,-0.02824842783505629,-0.4545464373256399,-1.31579852689579,-0.2997652674491161,-0.9392755473989396,-2.366819072686789
2877,1.748788215231505,0.2381087493372724,-0.6961160713452214,-1.1617019085527107,-0.20657367729886178,1.3084670026980685,-0.42298752274961066,0.4787164727229686,0.5470336070978359,-1.8296665239336525
2878,1.4067870564397342,-0.4194522344550968,-0.09048256518067317,-1.0498864790052127,-0.7815695818455449,3.066927520263696,-1.5207149922834142,5.8582776987181315,-0.5711386561519219,-1.8463728110182351
2879,-0.30555663274620976,-0.3793018339433844,-0.2183801466303168,0.36983386728623324,0.07543736953850132,-0.04624292800471006,0.27084015328348177,-0.4643001010550474,-0.0646530505992714,-0.23455644992602814
2880,1.5731771121467217,-0.9108146450197849,-1.0101444399854802,-1.6478043661659925,-0.7904709541959556,0.7723233784067082,-0.42098853174916145,-0.5236755964503087,-0.746968542363248,-1.9538617730262742
2881,1.5351441301938724,-0.5400155849610861,-0.5935717997653537,-1.0713246308236377,-0.5377213786810247,0.8320178029031684,-0.5157180498994565,0.5173066604025084,-0.07437671222801613,-1.7251876279683709
2882,1.7725518091920929,-0.47471853667632197,-0.6668264284598586,-1.3132547061028472,0.06142189616701166,0.17029899079311467,-0.7537294459320933,-0.053347409212899,0.1655385083692343,-2.1024592309718813
2883,1.0587381304865033,-1.1833011996802771,-0.7622961452908894,-1.1634542850349474,1.226739491904094,-0.404332401748458,-0.9962265660018934,-0.4781516044147252,-0.6578653516936479,-0.7900096293892233
2884,1.695532859164009,0.5669688535209212,-0.8039088410245553,-0.9674516315360879,0.6426631870690799,0.6570606527220733,-0.25373144593183267,-0.09706005254557044,0.9497728470310546,-1.893452437800092
2885,1.7653598636585026,0.4675112553375324,-0.7357267619547426,-1.4663682227575234,0.2251159678036114,-0.2677271525940892,-0.6193120756985755,-0.2230396060993512,0.4276566549567047,-1.9840041803618618
2886,0.3528519998477069,0.4767099571989552,-0.6419458387560162,0.7991462224086704,-0.7738811422200518,0.6736013826110442,0.7815973341332658,-0.6348731345480421,1.3194786378058243,-1.0103475509557092
2887,1.483409484926741,-0.33102602490191874,-0.7913231663344044,-1.5087493640453762,-0.653752761466985,0.41191733551438386,-1.0425899148352629,1.1615752408945046,0.07394874133975574,-1.9979579858864098
2888,1.1460569330549804,-0.12499894291162247,-0.8167218406163529,0.06535230885531114,-0.551112559195007,1.9677302217490167,0.060226185665380946,0.22215176354060862,0.9954082141738603,-2.3838176210584305
2889,1.0549303636401617,-0.6061275462070518,-0.8961559407537194,-0.875698305221673,-0.28066341957175034,0.20865355979104097,-0.8212975213685231,-0.3881013937309152,0.2910861496988583,-1.2229730229413087
2890,1.7297995585171468,0.9360249950296208,-0.961302144654135,-0.7761926727597893,-0.09943017087453354,-0.19986963474597938,-0.45771047556783623,0.5518336249068241,0.8422656628783577,-2.193951078480128
2891,1.6473905898552925,0.2345017818205451,-0.7692485128949502,-0.9845246249450504,0.4415688624320045,0.5994356779784211,-0.14113689269411034,0.21799138076887833,0.7090379281622825,-2.0094433048573768
2892,1.8140488977286164,-1.9660975538481003,0.5493517867026662,-2.0064769460961696,1.3483632346196415,0.05547102191683256,-2.228259306541113,-0.492526244515473,-1.2603524412237348,-1.0825847566062732
2893,1.2274646461422813,-0.1315387207399518,-0.11846917904435542,-0.925684063679902,0.6941733057854461,-0.5998627331478312,-1.0198113860116125,-0.3902293689503677,0.41022390295680833,-0.3607719795407158
2894,1.3518755994343956,0.28198829580252,0.7634707921076928,-1.0603129097193236,-0.6852971814979745,-0.9277251251758589,-0.6910397468754652,-0.5596202434447984,0.46819151491120475,-0.7913885542726663
2895,1.4905890235043848,-1.2834423684766756,1.0531565219919736,-1.5299462928799303,0.6621052474334234,-0.42504930618844816,-1.5800719967163144,-0.43862763803853083,-0.915259860787281,-0.5063322079935655
2896,0.03354952816779685,0.254458567210799,-0.3837338020480123,-0.08922208512047425,-0.7436438609809143,-0.48069838809604915,0.6188379370164333,-0.29702673619637915,-0.32230368275948973,1.1879179185759998
2897,-0.7474075798034728,1.6662821455473102,-0.8589018210527468,0.013274948820961231,-0.7034000974911362,-0.19687187870459852,0.4058091628387161,1.7839224132926492,0.0532350605336978,1.5380231942219946
2898,-1.008317871802199,1.0928807339473374,-0.28715712492426376,0.5362173673550898,-0.7904655367455528,0.15939209043114677,1.0637497792612405,1.8329236240445697,-0.47225381416220175,1.4806664892305934
2899,-0.3354353104448465,1.3645743507821357,-0.03977512041264668,-0.2437338133368758,-0.7907919680629855,-1.2424132187654071,0.6831024401170983,0.12752840348234973,-0.70866062183299,1.2588638692140044
2900,-0.7455645170017153,1.09964206844753,-0.13964936196178163,0.3309076918465189,-0.7798641633958245,0.22315692035789358,0.6569799905577681,1.2120943710008072,0.20957149041499884,0.7552742788433426
2901,-1.2516178468953123,-1.1757646140070097,-0.25734162108227215,1.600972010470779,-0.1653416081327651,0.12614781334133218,1.0886827945927369,0.6146849909117512,-0.7976710708260432,0.22804357517056342
2902,-1.253139242672434,-1.1308501223977578,-0.770243915695914,1.4983094910901604,-0.4887605342195004,0.2653281003055916,0.8929842706207375,0.4169240973190694,0.07414083747170802,0.06205389870782891
2903,1.7543279235621327,-0.23653188587056603,-0.9260095524930213,-1.9731706151732138,0.7879126080747296,-0.8088409510179492,-1.7596795940934817,-0.26813610928158915,-0.12209295840252875,-0.6487334503731083
2904,-1.1160963453833517,-0.686549134580795,0.5420539479725693,1.1503866070902964,-0.7715491806988279,-0.17167351861949748,0.9517733296364812,0.21058274109446196,-0.163817590832891,0.775329418205619
2905,1.7925574189455962,-2.2531549708099434,-0.2397062242715778,-2.0759894398744163,-0.08052456212705739,-0.9551599345969156,-2.52025576859563,-0.4026938017221611,-1.9788184526098453,-0.08474815588648385
2906,1.2248694529612545,-0.0016420588974549834,-0.8882070767312997,-1.1296326704613235,-0.7056480882893599,-0.04291765654875147,-0.42193260573169566,-0.3817891274791436,0.1512123121358744,-0.7245540422904783
2907,-1.108842805813878,1.2460454867549347,0.29614053526787165,0.9635200417013192,-0.31864034308102573,-0.21964159470474487,0.549150577766526,0.03735698237072159,0.9092873983903689,0.7018962108515069
2908,1.149617921836143,-0.1604569010152708,-0.2510514798395719,-1.1484257377964167,-0.22500167474480084,-0.0956206377703771,-0.5997969254485284,-0.3057532466404588,-0.23915764773117337,-0.7461449142864828
2909,-0.9237754066197414,0.324285789558652,0.3181471258444836,0.9469572830043508,0.3168966883759354,0.056297344617985426,0.624424630915977,-0.40549786146122313,-0.5431196278011016,-1.127482958272162
2910,-0.800538826688738,-0.33979337297473655,-0.04909631597968075,1.2512741724660443,-0.7894694067940751,2.2926161227878374,1.2634073452402474,-0.2560542230952888,0.49021705496022483,0.7015136958389865
2911,-1.0304475365162176,1.6184869717507837,-0.08017518606602224,1.1808957651457928,-0.7907716900373065,-1.6753236818996358,-0.6395233210900726,-0.424855432955318,1.7654958237984777,-0.6520510109289123
2912,1.5088337435485486,0.22860579487991642,-0.909240323085411,-1.472690092679148,-0.7906553626363062,1.7588556612061408,-0.6156796398908869,0.8257751258634847,0.8536384657690534,-1.4880762709914384
2913,0.3964857557149236,-2.2648825254167737,-0.46154293018195897,-2.29281180586105,-0.47464931679575195,1.041805403788375,-2.79104299179784,-0.5056314720294427,-1.998889225979515,0.3034064291425461
2914,1.177149428488609,0.06237324019347063,-0.4184801689500165,-0.41114911559868644,0.7786882472647925,-0.5181883976996996,0.06695439704543356,0.026247677566331853,0.9226059380475465,-1.0402055959579422
2915,-0.3426482753989843,0.3506840058922742,0.07319263338042642,0.06424855976021113,-0.6540692560926306,0.1508030635817612,0.5080526321009328,-0.15313560764850637,0.19523768716041037,0.3109777055237185
2916,-0.4417828157843001,0.1912657035609984,0.6641116256572089,-0.9645793186170285,-0.7907919680629855,0.15378394094892953,-0.5556978793741857,-0.4012439753798047,2.2164687563021594,0.18397424913361382
2917,-0.4067514250660578,-2.449026140661356,1.1872064143724168,0.433020330650142,2.0066663180955286,3.85218018102057,-1.8887494298947687,-0.09495028429690876,-2.1233475636218437,1.1856405683751945
2918,-0.419887741155589,1.2401073797190743,-1.138205727211427,0.5069691980791414,-0.7907717274506381,-0.8100442321329077,0.4600801954629969,1.993454906094629,-1.217863575841269,1.5574443192363352
2919,1.8016803667075585,-0.7546832765182798,-0.23572494845858444,-2.218130718638719,0.27261650680463534,0.2569352145287554,-2.5463192716772918,0.14150887178364055,-1.1360937584092825,-1.122315219714083
2920,-1.2043103811939846,0.09102830286487776,0.3620171893912657,0.8439324816124671,-0.5971027692149959,1.1533495631450374,0.7873533477977566,0.13597881987779661,0.3595505386194137,0.4347818271523718
2921,-1.1816527770784593,-0.6816626534946147,-0.0005011153610922058,1.5274053261511282,-0.7885327987806496,0.2666688992622595,1.2014829633758446,-0.023371889293488286,0.13526761080596575,0.563597964162006
2922,-1.1794038826446476,-0.2523898999615625,-0.002001328786363324,1.1947258653905435,-0.7040902648688859,0.4621958296320443,0.8242918612994685,0.10727790697320662,-0.08085764336757267,0.5671524933289386
2923,0.8255249561775237,-0.27645351436708937,0.9411024075101427,-0.47050868136879725,-0.36099578424297163,0.4182049659610818,-0.1596149056516453,-0.6119348106314803,0.7115737324528747,-0.42313933257845854
2924,-0.8452777625134041,0.11824508053733485,-0.3961695272272226,1.1297114689128824,-0.7907919680629855,5.351958357570075,1.0707019686733918,2.726652799228991,0.952753395989643,1.0199995091961398
2925,-0.8437817377720819,1.4974320068246283,0.06613545456719969,0.42654277133577645,-0.6996636723168477,0.1836911764240848,0.54045515575056,1.76742469473433,0.5517932908283181,0.3248587310686342
2926,-0.7800773581369069,1.3203826490561268,0.25993058810211567,0.17595304229859093,-0.7621344963770738,-0.9780906909073788,0.6001266956564458,-0.08983015352952853,1.2890715931417223,0.2578515833391386
2927,-0.7871979906802024,1.5460319554030024,-0.10766969845165685,0.32686470934963807,-0.7455465672516332,0.018633029351628718,0.6313343338775786,1.6581671965936284,0.29811226900034293,0.46467593473645363
2928,0.943312030335481,-0.2889385626409496,-0.15486222286244358,-0.8515439462534967,-0.7374959046155678,0.8161073833888983,-0.4905880976468672,0.12688593815094382,-0.27309251407472035,-0.2168698556714004
2929,-1.2541119795841096,0.3837746188052016,-0.392936254024677,1.3515100859221605,-0.780840021881082,-0.2035905501937742,1.1491253263675882,-0.5404273042459887,-0.13751083643684245,1.1394316892050722
2930,0.19517270843427453,-0.10358272122394653,-0.05055592633155536,-0.5630432539565358,-0.7833699529282188,-0.9615072424783222,0.0062068238513275295,-0.5684572801982067,0.10807393510972878,0.4211798288735765
2931,-0.9141429853337074,0.7654733300652606,0.31966588914724636,1.2733118555663263,0.24091494390438672,-0.6855046367346926,0.7075825737441271,-0.49258303494823785,0.9890955370705258,0.273548384140313
2932,0.49970539325027585,-0.014519688596598893,2.1215570698399486,-0.8408839360541621,-0.6845381065719862,-0.7667261119943981,-0.6710044314233724,-0.6013200106249441,-0.1127321038816953,0.18397424913361382
2933,1.0011094246410166,0.7273731735629363,-0.9491814329995514,-0.6047603949758638,-0.6174472773784178,-0.14106186980061636,-0.09295717383250081,-0.2515012337579262,1.249650767535741,-1.2868942655596982
2934,0.9793106314096289,-3.070662232108259,-0.6563242252984501,-1.5362527527733336,1.591452955238489,-0.4474020436647186,-4.283142753553937,-0.5005417377535004,-2.363321456121454,1.4857481494470222
2935,1.8556360863283115,-1.3919541683611603,-0.3608835276850629,-1.766040090464015,2.60446786655257,-0.8696066473233582,-2.2797077973309294,-0.4832627227473774,-0.08968788260540801,0.5124127441581776
2936,1.58588876690259,-1.4467926562519318,-0.5107377102713043,-1.8247228860950468,2.6755157830917975,1.7797404098779197,-1.9136178771189327,-0.5496979081151113,-1.1928915691721913,-2.3539595760561975
2937,1.1365392781653578,-0.5588552420457268,0.35267979223737833,-0.7543824754205437,0.9045482533563243,-0.8652748353095073,-0.4884885029939819,-0.613001468583356,-1.7238452946173792,0.5781004431630905
2938,-0.2919927020545467,0.6397155904133967,-0.1303745115014192,-0.16003801042269114,-0.35384684901490276,-0.6201424065701423,0.607484647515393,0.3787625968077672,-1.0551388859591095,1.2376314816568614
2939,-0.9531892017549087,-2.364456102267224,-1.0860824046357498,0.47711169194327663,-0.790756350571387,-1.0970267780505334,0.34179318326391156,-0.39875855879290856,-1.1831733502640627,0.3034064291425461
2940,0.6760775002196838,-0.21155394863969995,0.1139336271634838,-0.8541917766089167,-0.7867233683685592,-0.2410737883085477,-0.17085933249825608,-0.1697603851494733,-0.3116599101912134,0.3805243788019092
2941,-0.04812060220347432,0.2385357971867058,0.06041123909684877,-0.04635554279036962,0.43588201570172497,-0.2056771189843298,0.314439887417061,0.5478323773246234,-0.605505759795442,0.6988888127618675
2942,-0.2964672490138437,-0.2123391946061603,-0.5803850918380509,0.7614688932372224,-0.7907406369721526,0.9786331452530489,0.8154379754185683,0.28100287772318655,-0.1302424082206664,0.37506573714790564
2943,0.45747273987245,0.22306699492319773,0.7843422798219488,-0.4366431947438255,0.15743369449935776,-0.4827395404496301,-0.4476617765966497,-0.3551038833416263,0.5365138186425207,0.18007925760073004
2944,0.6541416238786494,-0.24024854596228665,1.1265535031272247,-1.02320778571539,1.350690192755916,-0.35530049193788743,-0.9157467237810402,-0.37515537851576547,-0.6688003151883632,0.38144223122693627
2945,1.7189035794632992,-1.2449646025343057,2.020075763860893,-1.9119153347278093,2.494633014759811,-0.8604015467939249,-2.018864311712158,-0.582146796954603,-1.8972256261246816,0.6702338391699808
2946,-0.310880437942226,-0.6661365942807126,0.5291486716273621,-0.11381238364732166,-0.7347881439405799,0.5516108750268031,0.3542441587722182,-0.4554767814687595,-1.0834726188657415,0.5734220295381974
2947,-0.35485426789538016,-0.45408977359211766,0.2529277427632783,-0.03535968510465231,-0.7204676722017668,0.2392631126595096,0.3631282245443234,-0.4766943609642843,-0.7046608549753518,0.4371100301278231
2948,-1.1677122220941432,0.18817997805664588,-0.13467773921376494,1.0924398472212216,-0.6784090420837875,0.2974876971771098,0.8321992591467957,0.5770756107561992,0.04352115737683549,0.6225611189508974
2949,-0.593084413706908,0.8463768612562516,-0.06153058139993481,0.4349369771749749,-0.7883361996788417,1.0565869602349443,0.44153640368834757,3.170227744000748,0.3017920013314927,0.19316665650698597
2950,-1.2535872797599714,-0.8725120091246451,-1.00598757066975,1.6927387274748953,-0.7275484724769344,0.7610498376406603,1.1416741759928428,-0.15549841035044856,0.9354082832010396,0.5571998116615272
2951,-0.6506028337798229,-0.4959180192094513,-0.32991959345702854,0.11560910182993213,-0.7903526879556069,-0.5898072327198407,0.1812161767701873,-0.4523287245313569,0.33488472180755585,0.31512287718139737
2952,0.9069043939579204,-0.03688007076652454,-0.9794761485111586,-0.1617154684741838,-0.7907601076575198,0.869045900972819,-0.1125505149814262,0.9798300756887611,0.4205323035814506,-0.4241869832802913
2953,-1.2378251719281526,-0.4659199036519732,-0.22422490361603375,1.820699468057171,-0.7907919680629855,-0.7234079918558886,1.5211240088267581,4.267611083104601,-2.0157387641170152,-2.3838176210584305
2954,-0.2154888286288571,0.5298752163346748,-0.07788845835076198,-0.09242077360989027,-0.6649825438301437,-0.4011539699099421,-0.14502710200286964,-0.30667073111830356,0.7077999271207405,-0.04346370807122064
2955,0.5533317448844656,-0.4321256882478353,-0.574800501126576,-0.477279554193836,-0.6438886001372839,-0.03084301755472392,-0.04513370064587991,-0.14334078025206318,-0.10854950279704781,-0.28993464145647435
2956,1.703934497829384,-1.010255457101101,-0.35517246831912863,-1.655567317761317,-0.7902906294207392,1.3125436546540599,-1.0541798394446606,-0.5329710544853002,-1.3913147037273008,-0.53261883091998
2957,1.1668266679681245,0.20867202541741894,-0.7114973366231043,-0.7308465832581738,-0.19851977638054027,0.20524429827355062,-0.17511926355409568,-0.4826267439286,0.8924754270142276,-1.1385146255162217
2958,1.1503018965034046,-2.7030062635587546,-1.7169193654578974,0.39180453155509326,2.9206105178198034,-0.1927610201591468,-2.4920655830111764,-0.28070127091534175,-2.368587915702314,0.8408512391827414
2959,1.7946426641483304,-1.3488056183926318,-1.6455231986944976,-1.7749973423047742,0.2605226473937321,-1.1674187232756112,-0.7771833242634961,-0.6199606350266652,-1.4755623944148017,0.8408512391827414
2960,1.1362264913849474,0.9214719337976325,-0.7805750688782307,-0.599891207957543,-0.7891931093408665,-0.9167151029739874,-0.11878104927504562,-0.669668966764588,0.27629399723411885,0.7214190591738091
2961,0.31724643801101693,-0.6230248804604617,0.8412055362205991,-0.45984528632027427,-0.7731990971866078,-0.7053587751315104,-0.11278908251535406,-0.6634554252973477,-0.999810729355972,-0.2738491075672932
2962,-0.4042484021350811,0.3074348765531893,-0.17723677965616422,0.809809617457194,-0.7586034082975696,-1.1338471801682664,0.7593370223887134,0.08154819662477097,1.1906292285190576,0.004825979120215374
2963,-0.3779751814327958,0.15789011576482848,-0.1827869971815936,0.6978439694477029,-0.7838041658181791,-0.9279958634267246,0.7900833665045035,-0.33192846834525763,0.4747991769259111,0.049613046623564985
2964,0.22445302648933652,1.00776903373469,-2.207373098276711,0.9121782099230142,-0.7907919680629855,0.28373830136445827,-0.26603440855595384,1.6827778327326108,0.7594792820594927,-2.3838176210584305
2965,-0.36355015020201353,-1.1795305377468666,1.709679272219599,0.4707136549141631,-0.7166705463401358,-0.41801524487939623,0.6790508771008306,-0.506874180322892,-0.9081294189019266,-0.6221929659266792
2966,0.10551817591248555,0.2471977919436591,-0.004048215223941957,-0.1434345529794819,-0.7737222826214534,-0.5968418804412926,0.7010031833719718,-0.6106218667620412,0.3167495714751464,0.7489121105124996
2967,-1.203105839302625,1.5189133949003335,-0.8117824950341728,1.3643061599803876,-0.7907833629967379,1.6699181457967633,0.996935579963411,0.6637570321051912,0.8982401843683188,1.6171604092408014
2968,-0.5586869744109036,0.06568039167353544,0.0673937753374379,0.20941618378050186,-0.25251966476285054,0.12352937441723286,-0.14642066473733956,-0.2796091845668866,0.5124611817642694,-0.3666712230509972
2969,-0.7514417283903566,2.1628225251999122,-0.4797168841309078,1.4837361845238455,-0.7907919680629855,-0.9183395324791814,0.8428830459655475,-0.0284314873453833,1.7456728377543593,1.079715599200606
2970,-0.4315824913342574,1.4053257590857462,0.574296133085988,0.2614741476287014,0.1715799343928332,-1.1167605883358551,0.041097870363070235,-0.5568586694593586,1.642152799523966,0.4029332458166558
2971,1.8509442846221589,1.1184063413463003,-0.5632184539413113,-1.6569891037677869,0.9625214576435377,-0.14222321333088614,-0.1757513031819545,3.294156253236943,1.2203637075852352,-2.3838176210584305
2972,0.06192429876216471,0.6121879745909828,-0.8458196641859317,0.20570289892253718,-0.7187801824050998,0.6830944111215556,0.12201677207166611,-0.4112941321339606,1.5650044123701223,-0.5766949925899426
